Added Component: Designator=C1(C0603)
Add component (AddParameter): Name = "Category"; Value = "Ceramic Capacitors"; VariantName = "[No Variations]"
Add component (AddParameter): Name = "ComponentLink1Description"; Value = "https://datasheet.ciiva.com/11551/useries-11551734.pdf?src-supplier=Avnet"; VariantName = "[No Variations]"
Add component (AddParameter): Name = "ComponentLink1URL"; Value = "https://datasheet.ciiva.com/11551/useries-11551734.pdf?src-supplier=Avnet"; VariantName = "[No Variations]"
Add component (AddParameter): Name = "ComponentLink2Description"; Value = "https://datasheet.ciiva.com/6265/useries-6265127.pdf?src-supplier=Digikey"; VariantName = "[No Variations]"
Add component (AddParameter): Name = "ComponentLink2URL"; Value = "https://datasheet.ciiva.com/6265/useries-6265127.pdf?src-supplier=Digikey"; VariantName = "[No Variations]"
Add component (AddParameter): Name = "Manufacturer"; Value = "Kyocera AVX"; VariantName = "[No Variations]"
Add component (AddParameter): Name = "Manufacturer Part Number"; Value = "06035U4R7JAT2A"; VariantName = "[No Variations]"
Add component (AddParameter): Name = "Pricing"; Value = "1=0.39, 10=0.256, 50=0.256, 100=0.16, 1000=0.121, 10000=0.092 (USD)"; VariantName = "[No Variations]"
Add component (AddParameter): Name = "RoHS"; Value = "Yes"; VariantName = "[No Variations]"
Add component (AddParameter): Name = "Stock"; Value = "33815"; VariantName = "[No Variations]"
Add component (AddParameter): Name = "Supplier"; Value = "Mouser"; VariantName = "[No Variations]"
Add component (AddParameter): Name = "Supplier Part Number"; Value = "581-06035U4R7JAT2A"; VariantName = "[No Variations]"
Added Component: Designator=C2(C0603)
Add component (AddParameter): Name = "Category"; Value = "Ceramic Capacitors"; VariantName = "[No Variations]"
Add component (AddParameter): Name = "Manufacturer"; Value = "TDK"; VariantName = "[No Variations]"
Add component (AddParameter): Name = "Manufacturer Part Number"; Value = "CGA3EDX7T1A106M080AU"; VariantName = "[No Variations]"
Add component (AddParameter): Name = "Pricing"; Value = "1=0.49, 10=0.321, 50=0.321, 100=0.193, 1000=0.149, 10000=0.112 (USD)"; VariantName = "[No Variations]"
Add component (AddParameter): Name = "RoHS"; Value = "No"; VariantName = "[No Variations]"
Add component (AddParameter): Name = "Stock"; Value = "910"; VariantName = "[No Variations]"
Add component (AddParameter): Name = "Supplier"; Value = "Mouser"; VariantName = "[No Variations]"
Add component (AddParameter): Name = "Supplier Part Number"; Value = "810-CGA3EDX7T1A106M0"; VariantName = "[No Variations]"
Added Component: Designator=C3(6054 WIMA)
Add component (AddParameter): Name = "Capacitor Type"; Value = "FILM"; VariantName = "[No Variations]"
Add component (AddParameter): Name = "Case/Package"; Value = "6054"; VariantName = "[No Variations]"
Add component (AddParameter): Name = "Category"; Value = "Film Capacitors"; VariantName = "[No Variations]"
Add component (AddParameter): Name = "ComponentLink1Description"; Value = "https://datasheet.ciiva.com:443/pdfs/VipMasterIC/IC/WIMA/WIMA-S-A0007419195/WIMA-S-A0007419195-1.pdf?src-supplier=IHS+Markit"; VariantName = "[No Variations]"
Add component (AddParameter): Name = "ComponentLink1URL"; Value = "https://datasheet.ciiva.com:443/pdfs/VipMasterIC/IC/WIMA/WIMA-S-A0007419195/WIMA-S-A0007419195-1.pdf?src-supplier=IHS+Markit"; VariantName = "[No Variations]"
Add component (AddParameter): Name = "ComponentLink2Description"; Value = "https://datasheet.ciiva.com/8034/1674204-8034651.pdf?src-supplier=Element14"; VariantName = "[No Variations]"
Add component (AddParameter): Name = "ComponentLink2URL"; Value = "https://datasheet.ciiva.com/8034/1674204-8034651.pdf?src-supplier=Element14"; VariantName = "[No Variations]"
Add component (AddParameter): Name = "Dielectric Material"; Value = "Polyethylene"; VariantName = "[No Variations]"
Add component (AddParameter): Name = "Height"; Value = "7mm"; VariantName = "[No Variations]"
Add component (AddParameter): Name = "JESD-609 Code"; Value = "e3"; VariantName = "[No Variations]"
Add component (AddParameter): Name = "Length"; Value = "15.3mm"; VariantName = "[No Variations]"
Add component (AddParameter): Name = "Manufacturer"; Value = "WIMA"; VariantName = "[No Variations]"
Add component (AddParameter): Name = "Manufacturer Part Number"; Value = "SMDTD04470YA00KS00"; VariantName = "[No Variations]"
Add component (AddParameter): Name = "Max Operating Temperature"; Value = "100°C"; VariantName = "[No Variations]"
Add component (AddParameter): Name = "Min Operating Temperature"; Value = "-55°C"; VariantName = "[No Variations]"
Add component (AddParameter): Name = "Package Style"; Value = "SMTMeter"; VariantName = "[No Variations]"
Add component (AddParameter): Name = "Packaging"; Value = "Bulk"; VariantName = "[No Variations]"
Add component (AddParameter): Name = "Pins"; Value = "2"; VariantName = "[No Variations]"
Add component (AddParameter): Name = "Pricing"; Value = "1=2.93, 10=2.13, 50=1.96, 100=1.64, 1000=1.31, 10000=1.18 (USD)"; VariantName = "[No Variations]"
Add component (AddParameter): Name = "Rated AC Voltage (URac)"; Value = "63V"; VariantName = "[No Variations]"
Add component (AddParameter): Name = "Rated DC Voltage (URdc)"; Value = "100V"; VariantName = "[No Variations]"
Add component (AddParameter): Name = "Reach SVHC Compliant"; Value = "Yes"; VariantName = "[No Variations]"
Add component (AddParameter): Name = "RoHS"; Value = "Yes"; VariantName = "[No Variations]"
Add component (AddParameter): Name = "RoHS Compliant"; Value = "Yes"; VariantName = "[No Variations]"
Add component (AddParameter): Name = "Stock"; Value = "606"; VariantName = "[No Variations]"
Add component (AddParameter): Name = "Supplier"; Value = "Mouser"; VariantName = "[No Variations]"
Add component (AddParameter): Name = "Supplier Part Number"; Value = "505-SMDTD04470YA00KS"; VariantName = "[No Variations]"
Add component (AddParameter): Name = "Terminal Finish"; Value = "Tin"; VariantName = "[No Variations]"
Add component (AddParameter): Name = "Tolerance  (fill in as +-)"; Value = "10%"; VariantName = "[No Variations]"
Add component (AddParameter): Name = "Tolerance (fill in as +-)"; Value = "10%"; VariantName = "[No Variations]"
Add component (AddParameter): Name = "Value"; Value = "4.7uF"; VariantName = "[No Variations]"
Add component (AddParameter): Name = "Width"; Value = "13.7mm"; VariantName = "[No Variations]"
Added Component: Designator=C4(C0805)
Add component (AddParameter): Name = "Capacitor Type"; Value = "Ceramic"; VariantName = "[No Variations]"
Add component (AddParameter): Name = "Category"; Value = "Ceramic Capacitors"; VariantName = "[No Variations]"
Add component (AddParameter): Name = "ComponentLink1Description"; Value = "https://datasheet.ciiva.com:443/pdfs/VipMasterIC/IC/KEME/KEME-S-A0008958440/KEME-S-A0008958440-1.pdf?src-supplier=IHS+Markit"; VariantName = "[No Variations]"
Add component (AddParameter): Name = "ComponentLink1URL"; Value = "https://datasheet.ciiva.com:443/pdfs/VipMasterIC/IC/KEME/KEME-S-A0008958440/KEME-S-A0008958440-1.pdf?src-supplier=IHS+Markit"; VariantName = "[No Variations]"
Add component (AddParameter): Name = "ComponentLink2Description"; Value = "https://api.kemet.com/component-edge/download/datasheet/C0805C473G3GECAUTO.pdf?src-supplier=Digikey"; VariantName = "[No Variations]"
Add component (AddParameter): Name = "ComponentLink2URL"; Value = "https://api.kemet.com/component-edge/download/datasheet/C0805C473G3GECAUTO.pdf?src-supplier=Digikey"; VariantName = "[No Variations]"
Add component (AddParameter): Name = "Dielectric Material"; Value = "Ceramic"; VariantName = "[No Variations]"
Add component (AddParameter): Name = "Manufacturer"; Value = "KEMET"; VariantName = "[No Variations]"
Add component (AddParameter): Name = "Manufacturer Part Number"; Value = "C0805C473G3GECAUTO"; VariantName = "[No Variations]"
Add component (AddParameter): Name = "Pins"; Value = "2"; VariantName = "[No Variations]"
Add component (AddParameter): Name = "Pricing"; Value = "1=0.86, 10=0.61, 50=0.61, 100=0.482, 1000=0.399, 10000=0.329 (USD)"; VariantName = "[No Variations]"
Add component (AddParameter): Name = "Reach SVHC Compliant"; Value = "Yes"; VariantName = "[No Variations]"
Add component (AddParameter): Name = "RoHS"; Value = "Yes"; VariantName = "[No Variations]"
Add component (AddParameter): Name = "RoHS Compliant"; Value = "Yes"; VariantName = "[No Variations]"
Add component (AddParameter): Name = "Stock"; Value = "3931"; VariantName = "[No Variations]"
Add component (AddParameter): Name = "Supplier"; Value = "Mouser"; VariantName = "[No Variations]"
Add component (AddParameter): Name = "Supplier Part Number"; Value = "80-C0805C473G3GECAUT"; VariantName = "[No Variations]"
Added Component: Designator=C5(C0603)
Add component (AddParameter): Name = "Category"; Value = "Ceramic Capacitors"; VariantName = "[No Variations]"
Add component (AddParameter): Name = "Manufacturer"; Value = "TDK"; VariantName = "[No Variations]"
Add component (AddParameter): Name = "Manufacturer Part Number"; Value = "CGA3EDX7T1A106M080AU"; VariantName = "[No Variations]"
Add component (AddParameter): Name = "Pricing"; Value = "1=0.49, 10=0.321, 50=0.321, 100=0.193, 1000=0.149, 10000=0.112 (USD)"; VariantName = "[No Variations]"
Add component (AddParameter): Name = "RoHS"; Value = "No"; VariantName = "[No Variations]"
Add component (AddParameter): Name = "Stock"; Value = "910"; VariantName = "[No Variations]"
Add component (AddParameter): Name = "Supplier"; Value = "Mouser"; VariantName = "[No Variations]"
Add component (AddParameter): Name = "Supplier Part Number"; Value = "810-CGA3EDX7T1A106M0"; VariantName = "[No Variations]"
Added Component: Designator=C6(C0805)
Add component (AddParameter): Name = "Capacitor Type"; Value = "Ceramic"; VariantName = "[No Variations]"
Add component (AddParameter): Name = "Category"; Value = "Ceramic Capacitors"; VariantName = "[No Variations]"
Add component (AddParameter): Name = "ComponentLink1Description"; Value = "https://datasheet.ciiva.com:443/pdfs/VipMasterIC/IC/KEME/KEME-S-A0008958440/KEME-S-A0008958440-1.pdf?src-supplier=IHS+Markit"; VariantName = "[No Variations]"
Add component (AddParameter): Name = "ComponentLink1URL"; Value = "https://datasheet.ciiva.com:443/pdfs/VipMasterIC/IC/KEME/KEME-S-A0008958440/KEME-S-A0008958440-1.pdf?src-supplier=IHS+Markit"; VariantName = "[No Variations]"
Add component (AddParameter): Name = "ComponentLink2Description"; Value = "https://api.kemet.com/component-edge/download/datasheet/C0805C473G3GECAUTO.pdf?src-supplier=Digikey"; VariantName = "[No Variations]"
Add component (AddParameter): Name = "ComponentLink2URL"; Value = "https://api.kemet.com/component-edge/download/datasheet/C0805C473G3GECAUTO.pdf?src-supplier=Digikey"; VariantName = "[No Variations]"
Add component (AddParameter): Name = "Dielectric Material"; Value = "Ceramic"; VariantName = "[No Variations]"
Add component (AddParameter): Name = "Manufacturer"; Value = "KEMET"; VariantName = "[No Variations]"
Add component (AddParameter): Name = "Manufacturer Part Number"; Value = "C0805C473G3GECAUTO"; VariantName = "[No Variations]"
Add component (AddParameter): Name = "Pins"; Value = "2"; VariantName = "[No Variations]"
Add component (AddParameter): Name = "Pricing"; Value = "1=0.86, 10=0.61, 50=0.61, 100=0.482, 1000=0.399, 10000=0.329 (USD)"; VariantName = "[No Variations]"
Add component (AddParameter): Name = "Reach SVHC Compliant"; Value = "Yes"; VariantName = "[No Variations]"
Add component (AddParameter): Name = "RoHS"; Value = "Yes"; VariantName = "[No Variations]"
Add component (AddParameter): Name = "RoHS Compliant"; Value = "Yes"; VariantName = "[No Variations]"
Add component (AddParameter): Name = "Stock"; Value = "3931"; VariantName = "[No Variations]"
Add component (AddParameter): Name = "Supplier"; Value = "Mouser"; VariantName = "[No Variations]"
Add component (AddParameter): Name = "Supplier Part Number"; Value = "80-C0805C473G3GECAUT"; VariantName = "[No Variations]"
Added Component: Designator=C7(C0603)
Add component (AddParameter): Name = "Capacitor Type"; Value = "Ceramic"; VariantName = "[No Variations]"
Add component (AddParameter): Name = "Case/Package"; Value = "0603"; VariantName = "[No Variations]"
Add component (AddParameter): Name = "Category"; Value = "Ceramic Capacitors"; VariantName = "[No Variations]"
Add component (AddParameter): Name = "ComponentLink1Description"; Value = "https://datasheet.ciiva.com:443/pdfs/VipMasterIC/IC/AVXC/AVXC-S-A0009640604/AVXC-S-A0009640604-1.pdf?src-supplier=IHS+Markit"; VariantName = "[No Variations]"
Add component (AddParameter): Name = "ComponentLink1URL"; Value = "https://datasheet.ciiva.com:443/pdfs/VipMasterIC/IC/AVXC/AVXC-S-A0009640604/AVXC-S-A0009640604-1.pdf?src-supplier=IHS+Markit"; VariantName = "[No Variations]"
Add component (AddParameter): Name = "ComponentLink2Description"; Value = "https://datasheet.ciiva.com/34303/2012654-34303835.pdf?src-supplier=Jameco"; VariantName = "[No Variations]"
Add component (AddParameter): Name = "ComponentLink2URL"; Value = "https://datasheet.ciiva.com/34303/2012654-34303835.pdf?src-supplier=Jameco"; VariantName = "[No Variations]"
Add component (AddParameter): Name = "ComponentLink3Description"; Value = "https://datasheet.ciiva.com/11788/0900766b80def1a5-11788563.pdf?src-supplier=Rs"; VariantName = "[No Variations]"
Add component (AddParameter): Name = "ComponentLink3URL"; Value = "https://datasheet.ciiva.com/11788/0900766b80def1a5-11788563.pdf?src-supplier=Rs"; VariantName = "[No Variations]"
Add component (AddParameter): Name = "ComponentLink4Description"; Value = "https://datasheet.ciiva.com/150/cx5r-150393.pdf?src-supplier=Digikey"; VariantName = "[No Variations]"
Add component (AddParameter): Name = "ComponentLink4URL"; Value = "https://datasheet.ciiva.com/150/cx5r-150393.pdf?src-supplier=Digikey"; VariantName = "[No Variations]"
Add component (AddParameter): Name = "ComponentLink5Description"; Value = "https://datasheet.ciiva.com/5412/cx5r-5412550.pdf?src-supplier=Mouser"; VariantName = "[No Variations]"
Add component (AddParameter): Name = "ComponentLink5URL"; Value = "https://datasheet.ciiva.com/5412/cx5r-5412550.pdf?src-supplier=Mouser"; VariantName = "[No Variations]"
Add component (AddParameter): Name = "ComponentLink6Description"; Value = "https://datasheet.ciiva.com/14586/70001028-14586715.pdf?src-supplier=Allied+Electronics"; VariantName = "[No Variations]"
Add component (AddParameter): Name = "ComponentLink6URL"; Value = "https://datasheet.ciiva.com/14586/70001028-14586715.pdf?src-supplier=Allied+Electronics"; VariantName = "[No Variations]"
Add component (AddParameter): Name = "ComponentLink7Description"; Value = "https://datasheet.ciiva.com/14590/70001028-14590632.pdf?src-supplier=Allied+Electronics"; VariantName = "[No Variations]"
Add component (AddParameter): Name = "ComponentLink7URL"; Value = "https://datasheet.ciiva.com/14590/70001028-14590632.pdf?src-supplier=Allied+Electronics"; VariantName = "[No Variations]"
Add component (AddParameter): Name = "ComponentLink8Description"; Value = "https://datasheet.ciiva.com/2987/cx5r-2987890.pdf?src-supplier=Avnet"; VariantName = "[No Variations]"
Add component (AddParameter): Name = "ComponentLink8URL"; Value = "https://datasheet.ciiva.com/2987/cx5r-2987890.pdf?src-supplier=Avnet"; VariantName = "[No Variations]"
Add component (AddParameter): Name = "ComponentLink9Description"; Value = "https://datasheet.ciiva.com/1458/84508-1458137.pdf?src-supplier=Element14"; VariantName = "[No Variations]"
Add component (AddParameter): Name = "ComponentLink9URL"; Value = "https://datasheet.ciiva.com/1458/84508-1458137.pdf?src-supplier=Element14"; VariantName = "[No Variations]"
Add component (AddParameter): Name = "ComponentLink10Description"; Value = "https://datasheet.ciiva.com/1458/84508-1458138.pdf?src-supplier=Element14"; VariantName = "[No Variations]"
Add component (AddParameter): Name = "ComponentLink10URL"; Value = "https://datasheet.ciiva.com/1458/84508-1458138.pdf?src-supplier=Element14"; VariantName = "[No Variations]"
Add component (AddParameter): Name = "ComponentLink11Description"; Value = "https://datasheet.ciiva.com/150/cx5r-150392.pdf?src-supplier=Digikey"; VariantName = "[No Variations]"
Add component (AddParameter): Name = "ComponentLink11URL"; Value = "https://datasheet.ciiva.com/150/cx5r-150392.pdf?src-supplier=Digikey"; VariantName = "[No Variations]"
Add component (AddParameter): Name = "ComponentLink12Description"; Value = "https://datasheet.ciiva.com/150/cx5r-150394.pdf?src-supplier=Digikey"; VariantName = "[No Variations]"
Add component (AddParameter): Name = "ComponentLink12URL"; Value = "https://datasheet.ciiva.com/150/cx5r-150394.pdf?src-supplier=Digikey"; VariantName = "[No Variations]"
Add component (AddParameter): Name = "Dielectric Material"; Value = "Ceramic"; VariantName = "[No Variations]"
Add component (AddParameter): Name = "Height"; Value = "0.9mm"; VariantName = "[No Variations]"
Add component (AddParameter): Name = "JESD-609 Code"; Value = "e3"; VariantName = "[No Variations]"
Add component (AddParameter): Name = "Length"; Value = "1.6mm"; VariantName = "[No Variations]"
Add component (AddParameter): Name = "Manufacturer"; Value = "Kyocera AVX"; VariantName = "[No Variations]"
Add component (AddParameter): Name = "Manufacturer Part Number"; Value = "0603YD105KAT2A"; VariantName = "[No Variations]"
Add component (AddParameter): Name = "Max Operating Temperature"; Value = "85°C"; VariantName = "[No Variations]"
Add component (AddParameter): Name = "Min Operating Temperature"; Value = "-55°C"; VariantName = "[No Variations]"
Add component (AddParameter): Name = "Mounting Technology"; Value = "Surface Mount"; VariantName = "[No Variations]"
Add component (AddParameter): Name = "Multilayer"; Value = "Yes"; VariantName = "[No Variations]"
Add component (AddParameter): Name = "Package Shape"; Value = "Rectangular"; VariantName = "[No Variations]"
Add component (AddParameter): Name = "Package Style"; Value = "SMTMeter"; VariantName = "[No Variations]"
Add component (AddParameter): Name = "Packaging"; Value = "Tape and Reel"; VariantName = "[No Variations]"
Add component (AddParameter): Name = "Pins"; Value = "2"; VariantName = "[No Variations]"
Add component (AddParameter): Name = "Pricing"; Value = "1=0.1, 10=0.054, 50=0.054, 100=0.039, 1000=0.028, 10000=0.014 (USD)"; VariantName = "[No Variations]"
Add component (AddParameter): Name = "Rated DC Voltage (URdc)"; Value = "16V"; VariantName = "[No Variations]"
Add component (AddParameter): Name = "Reach SVHC Compliant"; Value = "Yes"; VariantName = "[No Variations]"
Add component (AddParameter): Name = "RoHS"; Value = "Yes"; VariantName = "[No Variations]"
Add component (AddParameter): Name = "RoHS Compliant"; Value = "Yes"; VariantName = "[No Variations]"
Add component (AddParameter): Name = "Stock"; Value = "78861"; VariantName = "[No Variations]"
Add component (AddParameter): Name = "Supplier"; Value = "Mouser"; VariantName = "[No Variations]"
Add component (AddParameter): Name = "Supplier Part Number"; Value = "581-0603YD105K"; VariantName = "[No Variations]"
Add component (AddParameter): Name = "Temperature Characteristics Code"; Value = "X5R"; VariantName = "[No Variations]"
Add component (AddParameter): Name = "Terminal Finish"; Value = "Nickel"; VariantName = "[No Variations]"
Add component (AddParameter): Name = "Termination"; Value = "Wraparound"; VariantName = "[No Variations]"
Add component (AddParameter): Name = "Tolerance  (fill in as +-)"; Value = "10%"; VariantName = "[No Variations]"
Add component (AddParameter): Name = "Tolerance (fill in as +-)"; Value = "10%"; VariantName = "[No Variations]"
Add component (AddParameter): Name = "Value"; Value = "1uF"; VariantName = "[No Variations]"
Add component (AddParameter): Name = "Width"; Value = "0.81mm"; VariantName = "[No Variations]"
Added Component: Designator=C8(6054 WIMA)
Add component (AddParameter): Name = "Capacitor Type"; Value = "FILM"; VariantName = "[No Variations]"
Add component (AddParameter): Name = "Case/Package"; Value = "6054"; VariantName = "[No Variations]"
Add component (AddParameter): Name = "Category"; Value = "Film Capacitors"; VariantName = "[No Variations]"
Add component (AddParameter): Name = "ComponentLink1Description"; Value = "https://datasheet.ciiva.com:443/pdfs/VipMasterIC/IC/WIMA/WIMA-S-A0007419195/WIMA-S-A0007419195-1.pdf?src-supplier=IHS+Markit"; VariantName = "[No Variations]"
Add component (AddParameter): Name = "ComponentLink1URL"; Value = "https://datasheet.ciiva.com:443/pdfs/VipMasterIC/IC/WIMA/WIMA-S-A0007419195/WIMA-S-A0007419195-1.pdf?src-supplier=IHS+Markit"; VariantName = "[No Variations]"
Add component (AddParameter): Name = "ComponentLink2Description"; Value = "https://datasheet.ciiva.com/8034/1674204-8034651.pdf?src-supplier=Element14"; VariantName = "[No Variations]"
Add component (AddParameter): Name = "ComponentLink2URL"; Value = "https://datasheet.ciiva.com/8034/1674204-8034651.pdf?src-supplier=Element14"; VariantName = "[No Variations]"
Add component (AddParameter): Name = "Dielectric Material"; Value = "Polyethylene"; VariantName = "[No Variations]"
Add component (AddParameter): Name = "Height"; Value = "7mm"; VariantName = "[No Variations]"
Add component (AddParameter): Name = "JESD-609 Code"; Value = "e3"; VariantName = "[No Variations]"
Add component (AddParameter): Name = "Length"; Value = "15.3mm"; VariantName = "[No Variations]"
Add component (AddParameter): Name = "Manufacturer"; Value = "WIMA"; VariantName = "[No Variations]"
Add component (AddParameter): Name = "Manufacturer Part Number"; Value = "SMDTD04470YA00KS00"; VariantName = "[No Variations]"
Add component (AddParameter): Name = "Max Operating Temperature"; Value = "100°C"; VariantName = "[No Variations]"
Add component (AddParameter): Name = "Min Operating Temperature"; Value = "-55°C"; VariantName = "[No Variations]"
Add component (AddParameter): Name = "Package Style"; Value = "SMTMeter"; VariantName = "[No Variations]"
Add component (AddParameter): Name = "Packaging"; Value = "Bulk"; VariantName = "[No Variations]"
Add component (AddParameter): Name = "Pins"; Value = "2"; VariantName = "[No Variations]"
Add component (AddParameter): Name = "Pricing"; Value = "1=2.93, 10=2.13, 50=1.96, 100=1.64, 1000=1.31, 10000=1.18 (USD)"; VariantName = "[No Variations]"
Add component (AddParameter): Name = "Rated AC Voltage (URac)"; Value = "63V"; VariantName = "[No Variations]"
Add component (AddParameter): Name = "Rated DC Voltage (URdc)"; Value = "100V"; VariantName = "[No Variations]"
Add component (AddParameter): Name = "Reach SVHC Compliant"; Value = "Yes"; VariantName = "[No Variations]"
Add component (AddParameter): Name = "RoHS"; Value = "Yes"; VariantName = "[No Variations]"
Add component (AddParameter): Name = "RoHS Compliant"; Value = "Yes"; VariantName = "[No Variations]"
Add component (AddParameter): Name = "Stock"; Value = "606"; VariantName = "[No Variations]"
Add component (AddParameter): Name = "Supplier"; Value = "Mouser"; VariantName = "[No Variations]"
Add component (AddParameter): Name = "Supplier Part Number"; Value = "505-SMDTD04470YA00KS"; VariantName = "[No Variations]"
Add component (AddParameter): Name = "Terminal Finish"; Value = "Tin"; VariantName = "[No Variations]"
Add component (AddParameter): Name = "Tolerance  (fill in as +-)"; Value = "10%"; VariantName = "[No Variations]"
Add component (AddParameter): Name = "Tolerance (fill in as +-)"; Value = "10%"; VariantName = "[No Variations]"
Add component (AddParameter): Name = "Value"; Value = "4.7uF"; VariantName = "[No Variations]"
Add component (AddParameter): Name = "Width"; Value = "13.7mm"; VariantName = "[No Variations]"
Added Component: Designator=C9(C0805)
Add component (AddParameter): Name = "Capacitor Type"; Value = "Ceramic"; VariantName = "[No Variations]"
Add component (AddParameter): Name = "Category"; Value = "Ceramic Capacitors"; VariantName = "[No Variations]"
Add component (AddParameter): Name = "ComponentLink1Description"; Value = "https://datasheet.ciiva.com:443/pdfs/VipMasterIC/IC/KEME/KEME-S-A0008958440/KEME-S-A0008958440-1.pdf?src-supplier=IHS+Markit"; VariantName = "[No Variations]"
Add component (AddParameter): Name = "ComponentLink1URL"; Value = "https://datasheet.ciiva.com:443/pdfs/VipMasterIC/IC/KEME/KEME-S-A0008958440/KEME-S-A0008958440-1.pdf?src-supplier=IHS+Markit"; VariantName = "[No Variations]"
Add component (AddParameter): Name = "ComponentLink2Description"; Value = "https://api.kemet.com/component-edge/download/datasheet/C0805C473G3GECAUTO.pdf?src-supplier=Digikey"; VariantName = "[No Variations]"
Add component (AddParameter): Name = "ComponentLink2URL"; Value = "https://api.kemet.com/component-edge/download/datasheet/C0805C473G3GECAUTO.pdf?src-supplier=Digikey"; VariantName = "[No Variations]"
Add component (AddParameter): Name = "Dielectric Material"; Value = "Ceramic"; VariantName = "[No Variations]"
Add component (AddParameter): Name = "Manufacturer"; Value = "KEMET"; VariantName = "[No Variations]"
Add component (AddParameter): Name = "Manufacturer Part Number"; Value = "C0805C473G3GECAUTO"; VariantName = "[No Variations]"
Add component (AddParameter): Name = "Pins"; Value = "2"; VariantName = "[No Variations]"
Add component (AddParameter): Name = "Pricing"; Value = "1=0.86, 10=0.61, 50=0.61, 100=0.482, 1000=0.399, 10000=0.329 (USD)"; VariantName = "[No Variations]"
Add component (AddParameter): Name = "Reach SVHC Compliant"; Value = "Yes"; VariantName = "[No Variations]"
Add component (AddParameter): Name = "RoHS"; Value = "Yes"; VariantName = "[No Variations]"
Add component (AddParameter): Name = "RoHS Compliant"; Value = "Yes"; VariantName = "[No Variations]"
Add component (AddParameter): Name = "Stock"; Value = "3931"; VariantName = "[No Variations]"
Add component (AddParameter): Name = "Supplier"; Value = "Mouser"; VariantName = "[No Variations]"
Add component (AddParameter): Name = "Supplier Part Number"; Value = "80-C0805C473G3GECAUT"; VariantName = "[No Variations]"
Added Component: Designator=C10(C0603)
Add component (AddParameter): Name = "Category"; Value = "Ceramic Capacitors"; VariantName = "[No Variations]"
Add component (AddParameter): Name = "Manufacturer"; Value = "TDK"; VariantName = "[No Variations]"
Add component (AddParameter): Name = "Manufacturer Part Number"; Value = "CGA3EDX7T1A106M080AU"; VariantName = "[No Variations]"
Add component (AddParameter): Name = "Pricing"; Value = "1=0.49, 10=0.321, 50=0.321, 100=0.193, 1000=0.149, 10000=0.112 (USD)"; VariantName = "[No Variations]"
Add component (AddParameter): Name = "RoHS"; Value = "No"; VariantName = "[No Variations]"
Add component (AddParameter): Name = "Stock"; Value = "910"; VariantName = "[No Variations]"
Add component (AddParameter): Name = "Supplier"; Value = "Mouser"; VariantName = "[No Variations]"
Add component (AddParameter): Name = "Supplier Part Number"; Value = "810-CGA3EDX7T1A106M0"; VariantName = "[No Variations]"
Added Component: Designator=C11(C0805)
Add component (AddParameter): Name = "Capacitor Type"; Value = "Ceramic"; VariantName = "[No Variations]"
Add component (AddParameter): Name = "Category"; Value = "Ceramic Capacitors"; VariantName = "[No Variations]"
Add component (AddParameter): Name = "ComponentLink1Description"; Value = "https://datasheet.ciiva.com:443/pdfs/VipMasterIC/IC/KEME/KEME-S-A0008958440/KEME-S-A0008958440-1.pdf?src-supplier=IHS+Markit"; VariantName = "[No Variations]"
Add component (AddParameter): Name = "ComponentLink1URL"; Value = "https://datasheet.ciiva.com:443/pdfs/VipMasterIC/IC/KEME/KEME-S-A0008958440/KEME-S-A0008958440-1.pdf?src-supplier=IHS+Markit"; VariantName = "[No Variations]"
Add component (AddParameter): Name = "ComponentLink2Description"; Value = "https://api.kemet.com/component-edge/download/datasheet/C0805C473G3GECAUTO.pdf?src-supplier=Digikey"; VariantName = "[No Variations]"
Add component (AddParameter): Name = "ComponentLink2URL"; Value = "https://api.kemet.com/component-edge/download/datasheet/C0805C473G3GECAUTO.pdf?src-supplier=Digikey"; VariantName = "[No Variations]"
Add component (AddParameter): Name = "Dielectric Material"; Value = "Ceramic"; VariantName = "[No Variations]"
Add component (AddParameter): Name = "Manufacturer"; Value = "KEMET"; VariantName = "[No Variations]"
Add component (AddParameter): Name = "Manufacturer Part Number"; Value = "C0805C473G3GECAUTO"; VariantName = "[No Variations]"
Add component (AddParameter): Name = "Pins"; Value = "2"; VariantName = "[No Variations]"
Add component (AddParameter): Name = "Pricing"; Value = "1=0.86, 10=0.61, 50=0.61, 100=0.482, 1000=0.399, 10000=0.329 (USD)"; VariantName = "[No Variations]"
Add component (AddParameter): Name = "Reach SVHC Compliant"; Value = "Yes"; VariantName = "[No Variations]"
Add component (AddParameter): Name = "RoHS"; Value = "Yes"; VariantName = "[No Variations]"
Add component (AddParameter): Name = "RoHS Compliant"; Value = "Yes"; VariantName = "[No Variations]"
Add component (AddParameter): Name = "Stock"; Value = "3931"; VariantName = "[No Variations]"
Add component (AddParameter): Name = "Supplier"; Value = "Mouser"; VariantName = "[No Variations]"
Add component (AddParameter): Name = "Supplier Part Number"; Value = "80-C0805C473G3GECAUT"; VariantName = "[No Variations]"
Added Component: Designator=C12(C0603)
Add component (AddParameter): Name = "Capacitor Type"; Value = "Ceramic"; VariantName = "[No Variations]"
Add component (AddParameter): Name = "Case/Package"; Value = "0603"; VariantName = "[No Variations]"
Add component (AddParameter): Name = "Category"; Value = "Ceramic Capacitors"; VariantName = "[No Variations]"
Add component (AddParameter): Name = "ComponentLink1Description"; Value = "https://datasheet.ciiva.com:443/pdfs/VipMasterIC/IC/MURE/MURE-S-A0004362469/MURE-S-A0004362747-1.pdf?src-supplier=IHS+Markit"; VariantName = "[No Variations]"
Add component (AddParameter): Name = "ComponentLink1URL"; Value = "https://datasheet.ciiva.com:443/pdfs/VipMasterIC/IC/MURE/MURE-S-A0004362469/MURE-S-A0004362747-1.pdf?src-supplier=IHS+Markit"; VariantName = "[No Variations]"
Add component (AddParameter): Name = "ComponentLink2Description"; Value = "http://components.arrow.com/part/dataview/46582708S9924635N2606?src-supplier=Arrow+Electronics"; VariantName = "[No Variations]"
Add component (AddParameter): Name = "ComponentLink2URL"; Value = "http://components.arrow.com/part/dataview/46582708S9924635N2606?src-supplier=Arrow+Electronics"; VariantName = "[No Variations]"
Add component (AddParameter): Name = "ComponentLink3Description"; Value = "http://www.mouser.com/ds/2/281/c03e-806517.pdf?src-supplier=Mouser"; VariantName = "[No Variations]"
Add component (AddParameter): Name = "ComponentLink3URL"; Value = "http://www.mouser.com/ds/2/281/c03e-806517.pdf?src-supplier=Mouser"; VariantName = "[No Variations]"
Add component (AddParameter): Name = "ComponentLink4Description"; Value = "https://psearch.en.murata.com/capacitor/product/GCM188R71H103KA37%23.pdf?src-supplier=Digikey"; VariantName = "[No Variations]"
Add component (AddParameter): Name = "ComponentLink4URL"; Value = "https://psearch.en.murata.com/capacitor/product/GCM188R71H103KA37%23.pdf?src-supplier=Digikey"; VariantName = "[No Variations]"
Add component (AddParameter): Name = "ComponentLink5Description"; Value = "https://datasheet.octopart.com/GCM188R71H103KA37J-Murata-datasheet-41571772.pdf?src-supplier=Future+Electronics"; VariantName = "[No Variations]"
Add component (AddParameter): Name = "ComponentLink5URL"; Value = "https://datasheet.octopart.com/GCM188R71H103KA37J-Murata-datasheet-41571772.pdf?src-supplier=Future+Electronics"; VariantName = "[No Variations]"
Add component (AddParameter): Name = "Dielectric Material"; Value = "Ceramic"; VariantName = "[No Variations]"
Add component (AddParameter): Name = "Height"; Value = "0.9mm"; VariantName = "[No Variations]"
Add component (AddParameter): Name = "JESD-609 Code"; Value = "e3"; VariantName = "[No Variations]"
Add component (AddParameter): Name = "Length"; Value = "1.6mm"; VariantName = "[No Variations]"
Add component (AddParameter): Name = "Manufacturer"; Value = "Murata"; VariantName = "[No Variations]"
Add component (AddParameter): Name = "Manufacturer Part Number"; Value = "GCM188R71H103KA37J"; VariantName = "[No Variations]"
Add component (AddParameter): Name = "Max Operating Temperature"; Value = "125°C"; VariantName = "[No Variations]"
Add component (AddParameter): Name = "Min Operating Temperature"; Value = "-55°C"; VariantName = "[No Variations]"
Add component (AddParameter): Name = "Mounting Technology"; Value = "Surface Mount"; VariantName = "[No Variations]"
Add component (AddParameter): Name = "Multilayer"; Value = "Yes"; VariantName = "[No Variations]"
Add component (AddParameter): Name = "Package Shape"; Value = "Rectangular"; VariantName = "[No Variations]"
Add component (AddParameter): Name = "Package Style"; Value = "SMTMeter"; VariantName = "[No Variations]"
Add component (AddParameter): Name = "Packaging"; Value = "Tape and Reel"; VariantName = "[No Variations]"
Add component (AddParameter): Name = "Pins"; Value = "2"; VariantName = "[No Variations]"
Add component (AddParameter): Name = "Pricing"; Value = "1=0.12, 10=0.07, 50=0.07, 100=0.043, 1000=0.03, 10000=0.019 (USD)"; VariantName = "[No Variations]"
Add component (AddParameter): Name = "Rated DC Voltage (URdc)"; Value = "50V"; VariantName = "[No Variations]"
Add component (AddParameter): Name = "Reach SVHC Compliant"; Value = "Yes"; VariantName = "[No Variations]"
Add component (AddParameter): Name = "Reference Standard"; Value = "AEC-Q200"; VariantName = "[No Variations]"
Add component (AddParameter): Name = "RoHS"; Value = "Yes"; VariantName = "[No Variations]"
Add component (AddParameter): Name = "RoHS Compliant"; Value = "Yes"; VariantName = "[No Variations]"
Add component (AddParameter): Name = "Stock"; Value = "4285681"; VariantName = "[No Variations]"
Add component (AddParameter): Name = "Supplier"; Value = "Mouser"; VariantName = "[No Variations]"
Add component (AddParameter): Name = "Supplier Part Number"; Value = "81-GCM188R71H103KA7J"; VariantName = "[No Variations]"
Add component (AddParameter): Name = "Temperature Characteristics Code"; Value = "X7R"; VariantName = "[No Variations]"
Add component (AddParameter): Name = "Terminal Finish"; Value = "Nickel"; VariantName = "[No Variations]"
Add component (AddParameter): Name = "Termination"; Value = "Wraparound"; VariantName = "[No Variations]"
Add component (AddParameter): Name = "Tolerance  (fill in as +-)"; Value = "10%"; VariantName = "[No Variations]"
Add component (AddParameter): Name = "Tolerance (fill in as +-)"; Value = "10%"; VariantName = "[No Variations]"
Add component (AddParameter): Name = "Value"; Value = "10nF"; VariantName = "[No Variations]"
Add component (AddParameter): Name = "Width"; Value = "0.8mm"; VariantName = "[No Variations]"
Added Component: Designator=C13(C0603)
Add component (AddParameter): Name = "Manufacturer"; Value = "KEMET"; VariantName = "[No Variations]"
Add component (AddParameter): Name = "Manufacturer Part Number"; Value = "C0603C102J2TACAUTO"; VariantName = "[No Variations]"
Add component (AddParameter): Name = "Pricing"; Value = "1=0.55, 10=0.357, 50=0.357, 100=0.252, 1000=0.197, 10000=0.149 (USD)"; VariantName = "[No Variations]"
Add component (AddParameter): Name = "RoHS"; Value = "No"; VariantName = "[No Variations]"
Add component (AddParameter): Name = "Stock"; Value = "6659"; VariantName = "[No Variations]"
Add component (AddParameter): Name = "Supplier"; Value = "Mouser"; VariantName = "[No Variations]"
Add component (AddParameter): Name = "Supplier Part Number"; Value = "80-C0603C102J2TAUTO"; VariantName = "[No Variations]"
Added Component: Designator=C14(C0603)
Add component (AddParameter): Name = "Manufacturer"; Value = "KEMET"; VariantName = "[No Variations]"
Add component (AddParameter): Name = "Manufacturer Part Number"; Value = "C0603C102J2TACAUTO"; VariantName = "[No Variations]"
Add component (AddParameter): Name = "Pricing"; Value = "1=0.55, 10=0.357, 50=0.357, 100=0.252, 1000=0.197, 10000=0.149 (USD)"; VariantName = "[No Variations]"
Add component (AddParameter): Name = "RoHS"; Value = "No"; VariantName = "[No Variations]"
Add component (AddParameter): Name = "Stock"; Value = "6659"; VariantName = "[No Variations]"
Add component (AddParameter): Name = "Supplier"; Value = "Mouser"; VariantName = "[No Variations]"
Add component (AddParameter): Name = "Supplier Part Number"; Value = "80-C0603C102J2TAUTO"; VariantName = "[No Variations]"
Added Component: Designator=D1(SOD-323)
Add component (AddParameter): Name = "Category"; Value = "Rectifier Diodes"; VariantName = "[No Variations]"
Add component (AddParameter): Name = "ComponentLink1Description"; Value = "https://datasheet.ciiva.com:443/pdfs/VipMasterIC/IC/ONSM/ONSM-S-A0003392874/ONSM-S-A0003585195-1.pdf?src-supplier=IHS+Markit"; VariantName = "[No Variations]"
Add component (AddParameter): Name = "ComponentLink1URL"; Value = "https://datasheet.ciiva.com:443/pdfs/VipMasterIC/IC/ONSM/ONSM-S-A0003392874/ONSM-S-A0003585195-1.pdf?src-supplier=IHS+Markit"; VariantName = "[No Variations]"
Add component (AddParameter): Name = "Diode Element Material"; Value = "SILICON"; VariantName = "[No Variations]"
Add component (AddParameter): Name = "Diode Type"; Value = "RECTIFIER"; VariantName = "[No Variations]"
Add component (AddParameter): Name = "Forward Voltage"; Value = "1V"; VariantName = "[No Variations]"
Add component (AddParameter): Name = "JESD-30 Code"; Value = "R-PDSO-F2"; VariantName = "[No Variations]"
Add component (AddParameter): Name = "Manufacturer"; Value = "ON Semiconductor / Fairchild"; VariantName = "[No Variations]"
Add component (AddParameter): Name = "Manufacturer Part Number"; Value = "1N4148WS"; VariantName = "[No Variations]"
Add component (AddParameter): Name = "Max Operating Temperature"; Value = "150°C"; VariantName = "[No Variations]"
Add component (AddParameter): Name = "Max Output current"; Value = "150mA"; VariantName = "[No Variations]"
Add component (AddParameter): Name = "Moisture Sensitivity Level"; Value = "1"; VariantName = "[No Variations]"
Add component (AddParameter): Name = "Number of Elements"; Value = "1"; VariantName = "[No Variations]"
Add component (AddParameter): Name = "Package Body Material"; Value = "Plastic"; VariantName = "[No Variations]"
Add component (AddParameter): Name = "Package Shape"; Value = "Rectangular"; VariantName = "[No Variations]"
Add component (AddParameter): Name = "Package Style"; Value = "SMALL OUTLINEMeter"; VariantName = "[No Variations]"
Add component (AddParameter): Name = "Pins"; Value = "2"; VariantName = "[No Variations]"
Add component (AddParameter): Name = "Pricing"; Value = "1=0.11, 10=0.066, 50=0.066, 100=0.062, 1000=0.04, 10000=0.019 (USD)"; VariantName = "[No Variations]"
Add component (AddParameter): Name = "Qualification Status"; Value = "Not Qualified"; VariantName = "[No Variations]"
Add component (AddParameter): Name = "Reach SVHC Compliant"; Value = "Yes"; VariantName = "[No Variations]"
Add component (AddParameter): Name = "Rep Pk Reverse Voltage-Max"; Value = "100V"; VariantName = "[No Variations]"
Add component (AddParameter): Name = "Reverse Recovery Time-Max"; Value = "0.004us"; VariantName = "[No Variations]"
Add component (AddParameter): Name = "RoHS"; Value = "Yes"; VariantName = "[No Variations]"
Add component (AddParameter): Name = "RoHS Compliant"; Value = "Yes"; VariantName = "[No Variations]"
Add component (AddParameter): Name = "Stock"; Value = "1099354"; VariantName = "[No Variations]"
Add component (AddParameter): Name = "Supplier"; Value = "Mouser"; VariantName = "[No Variations]"
Add component (AddParameter): Name = "Supplier Part Number"; Value = "512-1N4148WS"; VariantName = "[No Variations]"
Add component (AddParameter): Name = "Surface Mount"; Value = "Yes"; VariantName = "[No Variations]"
Add component (AddParameter): Name = "Terminal Form"; Value = "Flat"; VariantName = "[No Variations]"
Add component (AddParameter): Name = "Terminal Position"; Value = "DUAL"; VariantName = "[No Variations]"
Added Component: Designator=D2(SOD-323)
Add component (AddParameter): Name = "Category"; Value = "Rectifier Diodes"; VariantName = "[No Variations]"
Add component (AddParameter): Name = "ComponentLink1Description"; Value = "https://datasheet.ciiva.com:443/pdfs/VipMasterIC/IC/ONSM/ONSM-S-A0003392874/ONSM-S-A0003585195-1.pdf?src-supplier=IHS+Markit"; VariantName = "[No Variations]"
Add component (AddParameter): Name = "ComponentLink1URL"; Value = "https://datasheet.ciiva.com:443/pdfs/VipMasterIC/IC/ONSM/ONSM-S-A0003392874/ONSM-S-A0003585195-1.pdf?src-supplier=IHS+Markit"; VariantName = "[No Variations]"
Add component (AddParameter): Name = "Diode Element Material"; Value = "SILICON"; VariantName = "[No Variations]"
Add component (AddParameter): Name = "Diode Type"; Value = "RECTIFIER"; VariantName = "[No Variations]"
Add component (AddParameter): Name = "Forward Voltage"; Value = "1V"; VariantName = "[No Variations]"
Add component (AddParameter): Name = "JESD-30 Code"; Value = "R-PDSO-F2"; VariantName = "[No Variations]"
Add component (AddParameter): Name = "Manufacturer"; Value = "ON Semiconductor / Fairchild"; VariantName = "[No Variations]"
Add component (AddParameter): Name = "Manufacturer Part Number"; Value = "1N4148WS"; VariantName = "[No Variations]"
Add component (AddParameter): Name = "Max Operating Temperature"; Value = "150°C"; VariantName = "[No Variations]"
Add component (AddParameter): Name = "Max Output current"; Value = "150mA"; VariantName = "[No Variations]"
Add component (AddParameter): Name = "Moisture Sensitivity Level"; Value = "1"; VariantName = "[No Variations]"
Add component (AddParameter): Name = "Number of Elements"; Value = "1"; VariantName = "[No Variations]"
Add component (AddParameter): Name = "Package Body Material"; Value = "Plastic"; VariantName = "[No Variations]"
Add component (AddParameter): Name = "Package Shape"; Value = "Rectangular"; VariantName = "[No Variations]"
Add component (AddParameter): Name = "Package Style"; Value = "SMALL OUTLINEMeter"; VariantName = "[No Variations]"
Add component (AddParameter): Name = "Pins"; Value = "2"; VariantName = "[No Variations]"
Add component (AddParameter): Name = "Pricing"; Value = "1=0.11, 10=0.066, 50=0.066, 100=0.062, 1000=0.04, 10000=0.019 (USD)"; VariantName = "[No Variations]"
Add component (AddParameter): Name = "Qualification Status"; Value = "Not Qualified"; VariantName = "[No Variations]"
Add component (AddParameter): Name = "Reach SVHC Compliant"; Value = "Yes"; VariantName = "[No Variations]"
Add component (AddParameter): Name = "Rep Pk Reverse Voltage-Max"; Value = "100V"; VariantName = "[No Variations]"
Add component (AddParameter): Name = "Reverse Recovery Time-Max"; Value = "0.004us"; VariantName = "[No Variations]"
Add component (AddParameter): Name = "RoHS"; Value = "Yes"; VariantName = "[No Variations]"
Add component (AddParameter): Name = "RoHS Compliant"; Value = "Yes"; VariantName = "[No Variations]"
Add component (AddParameter): Name = "Stock"; Value = "1099354"; VariantName = "[No Variations]"
Add component (AddParameter): Name = "Supplier"; Value = "Mouser"; VariantName = "[No Variations]"
Add component (AddParameter): Name = "Supplier Part Number"; Value = "512-1N4148WS"; VariantName = "[No Variations]"
Add component (AddParameter): Name = "Surface Mount"; Value = "Yes"; VariantName = "[No Variations]"
Add component (AddParameter): Name = "Terminal Form"; Value = "Flat"; VariantName = "[No Variations]"
Add component (AddParameter): Name = "Terminal Position"; Value = "DUAL"; VariantName = "[No Variations]"
Added Component: Designator=ENC1(PEC11L)
Add component (AddParameter): Name = "Category"; Value = "Encoders"; VariantName = "[No Variations]"
Add component (AddParameter): Name = "ComponentLink1Description"; Value = "https://datasheet.ciiva.com:443/pdfs/VipMasterIC/IC/BOUR/BOUR-S-A0009552335/BOUR-S-A0009552335-1.pdf?src-supplier=IHS+Markit"; VariantName = "[No Variations]"
Add component (AddParameter): Name = "ComponentLink1URL"; Value = "https://datasheet.ciiva.com:443/pdfs/VipMasterIC/IC/BOUR/BOUR-S-A0009552335/BOUR-S-A0009552335-1.pdf?src-supplier=IHS+Markit"; VariantName = "[No Variations]"
Add component (AddParameter): Name = "ComponentLink2Description"; Value = "https://datasheet.ciiva.com/29891/pec11l-29891433.pdf?src-supplier=Avnet"; VariantName = "[No Variations]"
Add component (AddParameter): Name = "ComponentLink2URL"; Value = "https://datasheet.ciiva.com/29891/pec11l-29891433.pdf?src-supplier=Avnet"; VariantName = "[No Variations]"
Add component (AddParameter): Name = "ComponentLink3Description"; Value = "https://datasheet.ciiva.com/24006/pec11l-74340-24006965.pdf?src-supplier=Mouser"; VariantName = "[No Variations]"
Add component (AddParameter): Name = "ComponentLink3URL"; Value = "https://datasheet.ciiva.com/24006/pec11l-74340-24006965.pdf?src-supplier=Mouser"; VariantName = "[No Variations]"
Add component (AddParameter): Name = "ComponentLink4Description"; Value = "https://datasheet.ciiva.com/45927/1272pec11l-45927899.pdf?src-supplier=Onlinecomponents.com"; VariantName = "[No Variations]"
Add component (AddParameter): Name = "ComponentLink4URL"; Value = "https://datasheet.ciiva.com/45927/1272pec11l-45927899.pdf?src-supplier=Onlinecomponents.com"; VariantName = "[No Variations]"
Add component (AddParameter): Name = "Manufacturer"; Value = "Bourns"; VariantName = "[No Variations]"
Add component (AddParameter): Name = "Manufacturer Part Number"; Value = "PEC11L-4120F-S0020"; VariantName = "[No Variations]"
Add component (AddParameter): Name = "Optoelectronic Device Type"; Value = "ROTARY POSITION ENCODER"; VariantName = "[No Variations]"
Add component (AddParameter): Name = "Pricing"; Value = "1=2.32, 10=1.81, 50=1.81, 100=1.72, 1000=1.49, 10000=1.3 (USD)"; VariantName = "[No Variations]"
Add component (AddParameter): Name = "Reach SVHC Compliant"; Value = "Yes"; VariantName = "[No Variations]"
Add component (AddParameter): Name = "RoHS"; Value = "Yes"; VariantName = "[No Variations]"
Add component (AddParameter): Name = "RoHS Compliant"; Value = "Yes"; VariantName = "[No Variations]"
Add component (AddParameter): Name = "Stock"; Value = "1506"; VariantName = "[No Variations]"
Add component (AddParameter): Name = "Supplier"; Value = "Mouser"; VariantName = "[No Variations]"
Add component (AddParameter): Name = "Supplier Part Number"; Value = "652-PEC11L4120FS0020"; VariantName = "[No Variations]"
Added Component: Designator=J1(SJ2-35894B-SMT)
Add component (AddParameter): Name = "ComponentLink1Description"; Value = "https://www.cuidevices.com/product/resource/digikeypdf/sj2-3589x-smt.pdf?src-supplier=Digikey"; VariantName = "[No Variations]"
Add component (AddParameter): Name = "ComponentLink1URL"; Value = "https://www.cuidevices.com/product/resource/digikeypdf/sj2-3589x-smt.pdf?src-supplier=Digikey"; VariantName = "[No Variations]"
Add component (AddParameter): Name = "Manufacturer"; Value = "Same Sky"; VariantName = "[No Variations]"
Add component (AddParameter): Name = "Manufacturer Part Number"; Value = "SJ2-35894B-SMT-TR"; VariantName = "[No Variations]"
Add component (AddParameter): Name = "Pricing"; Value = "1=1.3, 10=0.92, 50=0.92, 100=0.798, 1000=0.658, 10000=0.631 (USD)"; VariantName = "[No Variations]"
Add component (AddParameter): Name = "RoHS"; Value = "No"; VariantName = "[No Variations]"
Add component (AddParameter): Name = "Stock"; Value = "8459"; VariantName = "[No Variations]"
Add component (AddParameter): Name = "Supplier"; Value = "Mouser"; VariantName = "[No Variations]"
Add component (AddParameter): Name = "Supplier Part Number"; Value = "490-SJ2-35894BSMT-TR"; VariantName = "[No Variations]"
Added Component: Designator=J2(SJ2-35894B-SMT)
Add component (AddParameter): Name = "ComponentLink1Description"; Value = "https://www.cuidevices.com/product/resource/digikeypdf/sj2-3589x-smt.pdf?src-supplier=Digikey"; VariantName = "[No Variations]"
Add component (AddParameter): Name = "ComponentLink1URL"; Value = "https://www.cuidevices.com/product/resource/digikeypdf/sj2-3589x-smt.pdf?src-supplier=Digikey"; VariantName = "[No Variations]"
Add component (AddParameter): Name = "Manufacturer"; Value = "Same Sky"; VariantName = "[No Variations]"
Add component (AddParameter): Name = "Manufacturer Part Number"; Value = "SJ2-35894B-SMT-TR"; VariantName = "[No Variations]"
Add component (AddParameter): Name = "Pricing"; Value = "1=1.3, 10=0.92, 50=0.92, 100=0.798, 1000=0.658, 10000=0.631 (USD)"; VariantName = "[No Variations]"
Add component (AddParameter): Name = "RoHS"; Value = "No"; VariantName = "[No Variations]"
Add component (AddParameter): Name = "Stock"; Value = "8459"; VariantName = "[No Variations]"
Add component (AddParameter): Name = "Supplier"; Value = "Mouser"; VariantName = "[No Variations]"
Add component (AddParameter): Name = "Supplier Part Number"; Value = "490-SJ2-35894BSMT-TR"; VariantName = "[No Variations]"
Added Component: Designator=J3(1X10 2.54MM)
Added Component: Designator=J4(1x8 2.54MM)
Added Component: Designator=J5(1x8 2.54MM)
Added Component: Designator=J6(1X6 2.54MM)
Added Component: Designator=JP1(SB 1.0x1.5mm)
Added Component: Designator=JP2(SB 1.0x1.5mm)
Added Component: Designator=JP3(SB 1.0x1.5mm)
Added Component: Designator=JP4(SB 1.0x1.5mm)
Added Component: Designator=JP5(SB 1.0x1.5mm)
Added Component: Designator=JP6(SB 1.0x1.5mm)
Added Component: Designator=JP7(SB 1.0x1.5mm)
Added Component: Designator=JP8(SB 1.0x1.5mm)
Added Component: Designator=JP9(SB 1.0x1.5mm)
Added Component: Designator=JP10(SB 1.0x1.5mm)
Added Component: Designator=JP11(SB 1.0x1.5mm)
Added Component: Designator=JP12(SB 1.0x1.5mm)
Added Component: Designator=JP13(SB 1.0x1.5mm)
Added Component: Designator=JP14(SB 1.0x1.5mm)
Added Component: Designator=R1(R0603)
Add component (AddParameter): Name = "Case/Package"; Value = "0603"; VariantName = "[No Variations]"
Add component (AddParameter): Name = "Category"; Value = "Chip SMD Resistors"; VariantName = "[No Variations]"
Add component (AddParameter): Name = "ComponentLink1Description"; Value = "https://datasheet.ciiva.com:443/pdfs/VipMasterIC/IC/VISH/VISH-S-A0007266705/VISH-S-A0007266705-1.pdf?src-supplier=IHS+Markit"; VariantName = "[No Variations]"
Add component (AddParameter): Name = "ComponentLink1URL"; Value = "https://datasheet.ciiva.com:443/pdfs/VipMasterIC/IC/VISH/VISH-S-A0007266705/VISH-S-A0007266705-1.pdf?src-supplier=IHS+Markit"; VariantName = "[No Variations]"
Add component (AddParameter): Name = "Construction"; Value = "Chip"; VariantName = "[No Variations]"
Add component (AddParameter): Name = "JESD-609 Code"; Value = "e3"; VariantName = "[No Variations]"
Add component (AddParameter): Name = "Manufacturer"; Value = "Vishay"; VariantName = "[No Variations]"
Add component (AddParameter): Name = "Manufacturer Part Number"; Value = "CRCW06031K00FKEI"; VariantName = "[No Variations]"
Add component (AddParameter): Name = "Max Operating Temperature"; Value = "155°C"; VariantName = "[No Variations]"
Add component (AddParameter): Name = "Min Operating Temperature"; Value = "-55°C"; VariantName = "[No Variations]"
Add component (AddParameter): Name = "Mounting Technology"; Value = "Surface Mount"; VariantName = "[No Variations]"
Add component (AddParameter): Name = "Package Height"; Value = "0.45mm"; VariantName = "[No Variations]"
Add component (AddParameter): Name = "Package Length"; Value = "1.55mm"; VariantName = "[No Variations]"
Add component (AddParameter): Name = "Package Shape"; Value = "Rectangular"; VariantName = "[No Variations]"
Add component (AddParameter): Name = "Package Width"; Value = "0.85mm"; VariantName = "[No Variations]"
Add component (AddParameter): Name = "Packaging"; Value = "Tape and Reel"; VariantName = "[No Variations]"
Add component (AddParameter): Name = "Pins"; Value = "2"; VariantName = "[No Variations]"
Add component (AddParameter): Name = "Power"; Value = "100mW"; VariantName = "[No Variations]"
Add component (AddParameter): Name = "Pricing"; Value = "1=0.12, 10=0.029, 50=0.029, 100=0.016, 1000=0.016, 10000=0.013 (USD)"; VariantName = "[No Variations]"
Add component (AddParameter): Name = "Rated Temperature"; Value = "70°C"; VariantName = "[No Variations]"
Add component (AddParameter): Name = "Reach SVHC Compliant"; Value = "Yes"; VariantName = "[No Variations]"
Add component (AddParameter): Name = "Reference Standard"; Value = "AEC-Q200"; VariantName = "[No Variations]"
Add component (AddParameter): Name = "Resistor Type"; Value = "FIXED RESISTOR"; VariantName = "[No Variations]"
Add component (AddParameter): Name = "RoHS"; Value = "Yes"; VariantName = "[No Variations]"
Add component (AddParameter): Name = "RoHS Compliant"; Value = "Yes"; VariantName = "[No Variations]"
Add component (AddParameter): Name = "Stock"; Value = "93678"; VariantName = "[No Variations]"
Add component (AddParameter): Name = "Supplier"; Value = "Mouser"; VariantName = "[No Variations]"
Add component (AddParameter): Name = "Supplier Part Number"; Value = "71-CRCW06031K00FKEI"; VariantName = "[No Variations]"
Add component (AddParameter): Name = "Technology"; Value = "METAL GLAZE/THICK FILM"; VariantName = "[No Variations]"
Add component (AddParameter): Name = "Temperature Coefficient (ppm/Cel)"; Value = "100"; VariantName = "[No Variations]"
Add component (AddParameter): Name = "Terminal Finish"; Value = "Nickel"; VariantName = "[No Variations]"
Add component (AddParameter): Name = "Termination"; Value = "Wraparound"; VariantName = "[No Variations]"
Add component (AddParameter): Name = "Tolerance"; Value = "1%"; VariantName = "[No Variations]"
Add component (AddParameter): Name = "Value"; Value = "1kR"; VariantName = "[No Variations]"
Add component (AddParameter): Name = "Working Voltage"; Value = "75V"; VariantName = "[No Variations]"
Added Component: Designator=R2(R0603)
Add component (AddParameter): Name = "Case/Package"; Value = "0603"; VariantName = "[No Variations]"
Add component (AddParameter): Name = "Category"; Value = "Chip SMD Resistors"; VariantName = "[No Variations]"
Add component (AddParameter): Name = "ComponentLink1Description"; Value = "https://datasheet.ciiva.com:443/pdfs/VipMasterIC/IC/VISH/VISH-S-A0007266705/VISH-S-A0007266705-1.pdf?src-supplier=IHS+Markit"; VariantName = "[No Variations]"
Add component (AddParameter): Name = "ComponentLink1URL"; Value = "https://datasheet.ciiva.com:443/pdfs/VipMasterIC/IC/VISH/VISH-S-A0007266705/VISH-S-A0007266705-1.pdf?src-supplier=IHS+Markit"; VariantName = "[No Variations]"
Add component (AddParameter): Name = "Construction"; Value = "Chip"; VariantName = "[No Variations]"
Add component (AddParameter): Name = "JESD-609 Code"; Value = "e3"; VariantName = "[No Variations]"
Add component (AddParameter): Name = "Manufacturer"; Value = "Vishay"; VariantName = "[No Variations]"
Add component (AddParameter): Name = "Manufacturer Part Number"; Value = "CRCW06032K20FKEA"; VariantName = "[No Variations]"
Add component (AddParameter): Name = "Max Operating Temperature"; Value = "155°C"; VariantName = "[No Variations]"
Add component (AddParameter): Name = "Min Operating Temperature"; Value = "-55°C"; VariantName = "[No Variations]"
Add component (AddParameter): Name = "Mounting Technology"; Value = "Surface Mount"; VariantName = "[No Variations]"
Add component (AddParameter): Name = "Package Height"; Value = "0.45mm"; VariantName = "[No Variations]"
Add component (AddParameter): Name = "Package Length"; Value = "1.55mm"; VariantName = "[No Variations]"
Add component (AddParameter): Name = "Package Shape"; Value = "Rectangular"; VariantName = "[No Variations]"
Add component (AddParameter): Name = "Package Width"; Value = "0.85mm"; VariantName = "[No Variations]"
Add component (AddParameter): Name = "Packaging"; Value = "Tape and Reel"; VariantName = "[No Variations]"
Add component (AddParameter): Name = "Pins"; Value = "2"; VariantName = "[No Variations]"
Add component (AddParameter): Name = "Power"; Value = "100mW"; VariantName = "[No Variations]"
Add component (AddParameter): Name = "Pricing"; Value = "1=0.1, 10=0.028, 50=0.028, 100=0.015, 1000=0.008, 10000=0.004 (USD)"; VariantName = "[No Variations]"
Add component (AddParameter): Name = "Rated Temperature"; Value = "70°C"; VariantName = "[No Variations]"
Add component (AddParameter): Name = "Reach SVHC Compliant"; Value = "Yes"; VariantName = "[No Variations]"
Add component (AddParameter): Name = "Reference Standard"; Value = "AEC-Q200"; VariantName = "[No Variations]"
Add component (AddParameter): Name = "Resistor Type"; Value = "FIXED RESISTOR"; VariantName = "[No Variations]"
Add component (AddParameter): Name = "RoHS"; Value = "Yes"; VariantName = "[No Variations]"
Add component (AddParameter): Name = "RoHS Compliant"; Value = "Yes"; VariantName = "[No Variations]"
Add component (AddParameter): Name = "Stock"; Value = "270161"; VariantName = "[No Variations]"
Add component (AddParameter): Name = "Supplier"; Value = "Mouser"; VariantName = "[No Variations]"
Add component (AddParameter): Name = "Supplier Part Number"; Value = "71-CRCW0603-2.2K-E3"; VariantName = "[No Variations]"
Add component (AddParameter): Name = "Technology"; Value = "METAL GLAZE/THICK FILM"; VariantName = "[No Variations]"
Add component (AddParameter): Name = "Temperature Coefficient (ppm/Cel)"; Value = "100"; VariantName = "[No Variations]"
Add component (AddParameter): Name = "Terminal Finish"; Value = "Nickel"; VariantName = "[No Variations]"
Add component (AddParameter): Name = "Termination"; Value = "Wraparound"; VariantName = "[No Variations]"
Add component (AddParameter): Name = "Tolerance"; Value = "1%"; VariantName = "[No Variations]"
Add component (AddParameter): Name = "Value"; Value = "2.2kR"; VariantName = "[No Variations]"
Add component (AddParameter): Name = "Working Voltage"; Value = "75V"; VariantName = "[No Variations]"
Added Component: Designator=R3(R0603)
Add component (AddParameter): Name = "Case/Package"; Value = "0603"; VariantName = "[No Variations]"
Add component (AddParameter): Name = "Category"; Value = "Chip SMD Resistors"; VariantName = "[No Variations]"
Add component (AddParameter): Name = "ComponentLink1Description"; Value = "https://datasheet.ciiva.com:443/pdfs/VipMasterIC/IC/VISH/VISH-S-A0007266705/VISH-S-A0007266705-1.pdf?src-supplier=IHS+Markit"; VariantName = "[No Variations]"
Add component (AddParameter): Name = "ComponentLink1URL"; Value = "https://datasheet.ciiva.com:443/pdfs/VipMasterIC/IC/VISH/VISH-S-A0007266705/VISH-S-A0007266705-1.pdf?src-supplier=IHS+Markit"; VariantName = "[No Variations]"
Add component (AddParameter): Name = "ComponentLink2Description"; Value = "https://datasheet.ciiva.com/11808/0900766b80d98afc-11808649.pdf?src-supplier=Rs"; VariantName = "[No Variations]"
Add component (AddParameter): Name = "ComponentLink2URL"; Value = "https://datasheet.ciiva.com/11808/0900766b80d98afc-11808649.pdf?src-supplier=Rs"; VariantName = "[No Variations]"
Add component (AddParameter): Name = "ComponentLink3Description"; Value = "https://datasheet.ciiva.com/26316/fld-crcw-e3-data-en-26316570.pdf?src-supplier=Distrelec"; VariantName = "[No Variations]"
Add component (AddParameter): Name = "ComponentLink3URL"; Value = "https://datasheet.ciiva.com/26316/fld-crcw-e3-data-en-26316570.pdf?src-supplier=Distrelec"; VariantName = "[No Variations]"
Add component (AddParameter): Name = "ComponentLink4Description"; Value = "https://datasheet.ciiva.com/2465/dcrcwe3-2465574.pdf?src-supplier=Digikey"; VariantName = "[No Variations]"
Add component (AddParameter): Name = "ComponentLink4URL"; Value = "https://datasheet.ciiva.com/2465/dcrcwe3-2465574.pdf?src-supplier=Digikey"; VariantName = "[No Variations]"
Add component (AddParameter): Name = "ComponentLink5Description"; Value = "https://datasheet.ciiva.com/2465/dcrcwe3-2465575.pdf?src-supplier=Digikey"; VariantName = "[No Variations]"
Add component (AddParameter): Name = "ComponentLink5URL"; Value = "https://datasheet.ciiva.com/2465/dcrcwe3-2465575.pdf?src-supplier=Digikey"; VariantName = "[No Variations]"
Add component (AddParameter): Name = "ComponentLink6Description"; Value = "https://datasheet.ciiva.com/2465/dcrcwe3-2465573.pdf?src-supplier=Digikey"; VariantName = "[No Variations]"
Add component (AddParameter): Name = "ComponentLink6URL"; Value = "https://datasheet.ciiva.com/2465/dcrcwe3-2465573.pdf?src-supplier=Digikey"; VariantName = "[No Variations]"
Add component (AddParameter): Name = "ComponentLink7Description"; Value = "https://datasheet.ciiva.com/7777/1697337-7777547.pdf?src-supplier=Element14"; VariantName = "[No Variations]"
Add component (AddParameter): Name = "ComponentLink7URL"; Value = "https://datasheet.ciiva.com/7777/1697337-7777547.pdf?src-supplier=Element14"; VariantName = "[No Variations]"
Add component (AddParameter): Name = "ComponentLink8Description"; Value = "https://datasheet.ciiva.com/16755/70201119-16755595.pdf?src-supplier=Allied+Electronics"; VariantName = "[No Variations]"
Add component (AddParameter): Name = "ComponentLink8URL"; Value = "https://datasheet.ciiva.com/16755/70201119-16755595.pdf?src-supplier=Allied+Electronics"; VariantName = "[No Variations]"
Add component (AddParameter): Name = "ComponentLink9Description"; Value = "https://datasheet.ciiva.com/16761/70201119-16761055.pdf?src-supplier=Allied+Electronics"; VariantName = "[No Variations]"
Add component (AddParameter): Name = "ComponentLink9URL"; Value = "https://datasheet.ciiva.com/16761/70201119-16761055.pdf?src-supplier=Allied+Electronics"; VariantName = "[No Variations]"
Add component (AddParameter): Name = "ComponentLink10Description"; Value = "https://datasheet.ciiva.com/5541/dcrcwe3-109170-5541864.pdf?src-supplier=Mouser"; VariantName = "[No Variations]"
Add component (AddParameter): Name = "ComponentLink10URL"; Value = "https://datasheet.ciiva.com/5541/dcrcwe3-109170-5541864.pdf?src-supplier=Mouser"; VariantName = "[No Variations]"
Add component (AddParameter): Name = "Construction"; Value = "Chip"; VariantName = "[No Variations]"
Add component (AddParameter): Name = "JESD-609 Code"; Value = "e3"; VariantName = "[No Variations]"
Add component (AddParameter): Name = "Manufacturer"; Value = "Vishay"; VariantName = "[No Variations]"
Add component (AddParameter): Name = "Manufacturer Part Number"; Value = "CRCW0603150RFKEA"; VariantName = "[No Variations]"
Add component (AddParameter): Name = "Max Operating Temperature"; Value = "155°C"; VariantName = "[No Variations]"
Add component (AddParameter): Name = "Min Operating Temperature"; Value = "-55°C"; VariantName = "[No Variations]"
Add component (AddParameter): Name = "Mounting Technology"; Value = "Surface Mount"; VariantName = "[No Variations]"
Add component (AddParameter): Name = "Package Height"; Value = "0.45mm"; VariantName = "[No Variations]"
Add component (AddParameter): Name = "Package Length"; Value = "1.55mm"; VariantName = "[No Variations]"
Add component (AddParameter): Name = "Package Shape"; Value = "Rectangular"; VariantName = "[No Variations]"
Add component (AddParameter): Name = "Package Width"; Value = "0.85mm"; VariantName = "[No Variations]"
Add component (AddParameter): Name = "Packaging"; Value = "Tape and Reel"; VariantName = "[No Variations]"
Add component (AddParameter): Name = "Pins"; Value = "2"; VariantName = "[No Variations]"
Add component (AddParameter): Name = "Power"; Value = "100mW"; VariantName = "[No Variations]"
Add component (AddParameter): Name = "Pricing"; Value = "1=0.1, 10=0.02, 50=0.02, 100=0.014, 1000=0.008, 10000=0.004 (USD)"; VariantName = "[No Variations]"
Add component (AddParameter): Name = "Rated Temperature"; Value = "70°C"; VariantName = "[No Variations]"
Add component (AddParameter): Name = "Reach SVHC Compliant"; Value = "Yes"; VariantName = "[No Variations]"
Add component (AddParameter): Name = "Reference Standard"; Value = "AEC-Q200"; VariantName = "[No Variations]"
Add component (AddParameter): Name = "Resistor Type"; Value = "FIXED RESISTOR"; VariantName = "[No Variations]"
Add component (AddParameter): Name = "RoHS"; Value = "Yes"; VariantName = "[No Variations]"
Add component (AddParameter): Name = "RoHS Compliant"; Value = "Yes"; VariantName = "[No Variations]"
Add component (AddParameter): Name = "Stock"; Value = "275413"; VariantName = "[No Variations]"
Add component (AddParameter): Name = "Supplier"; Value = "Mouser"; VariantName = "[No Variations]"
Add component (AddParameter): Name = "Supplier Part Number"; Value = "71-CRCW0603-150-E3"; VariantName = "[No Variations]"
Add component (AddParameter): Name = "Technology"; Value = "METAL GLAZE/THICK FILM"; VariantName = "[No Variations]"
Add component (AddParameter): Name = "Temperature Coefficient (ppm/Cel)"; Value = "100"; VariantName = "[No Variations]"
Add component (AddParameter): Name = "Terminal Finish"; Value = "Nickel"; VariantName = "[No Variations]"
Add component (AddParameter): Name = "Termination"; Value = "Wraparound"; VariantName = "[No Variations]"
Add component (AddParameter): Name = "Tolerance"; Value = "1%"; VariantName = "[No Variations]"
Add component (AddParameter): Name = "Value"; Value = "150R"; VariantName = "[No Variations]"
Add component (AddParameter): Name = "Working Voltage"; Value = "75V"; VariantName = "[No Variations]"
Added Component: Designator=R4(R0603)
Add component (AddParameter): Name = "Case/Package"; Value = "0603"; VariantName = "[No Variations]"
Add component (AddParameter): Name = "Category"; Value = "Chip SMD Resistors"; VariantName = "[No Variations]"
Add component (AddParameter): Name = "ComponentLink1Description"; Value = "https://datasheet.ciiva.com:443/pdfs/VipMasterIC/IC/VISH/VISH-S-A0007266705/VISH-S-A0007266705-1.pdf?src-supplier=IHS+Markit"; VariantName = "[No Variations]"
Add component (AddParameter): Name = "ComponentLink1URL"; Value = "https://datasheet.ciiva.com:443/pdfs/VipMasterIC/IC/VISH/VISH-S-A0007266705/VISH-S-A0007266705-1.pdf?src-supplier=IHS+Markit"; VariantName = "[No Variations]"
Add component (AddParameter): Name = "ComponentLink2Description"; Value = "https://datasheet.ciiva.com/11808/0900766b80d98afc-11808649.pdf?src-supplier=Rs"; VariantName = "[No Variations]"
Add component (AddParameter): Name = "ComponentLink2URL"; Value = "https://datasheet.ciiva.com/11808/0900766b80d98afc-11808649.pdf?src-supplier=Rs"; VariantName = "[No Variations]"
Add component (AddParameter): Name = "ComponentLink3Description"; Value = "https://datasheet.ciiva.com/26316/fld-crcw-e3-data-en-26316570.pdf?src-supplier=Distrelec"; VariantName = "[No Variations]"
Add component (AddParameter): Name = "ComponentLink3URL"; Value = "https://datasheet.ciiva.com/26316/fld-crcw-e3-data-en-26316570.pdf?src-supplier=Distrelec"; VariantName = "[No Variations]"
Add component (AddParameter): Name = "ComponentLink4Description"; Value = "https://datasheet.ciiva.com/2465/dcrcwe3-2465574.pdf?src-supplier=Digikey"; VariantName = "[No Variations]"
Add component (AddParameter): Name = "ComponentLink4URL"; Value = "https://datasheet.ciiva.com/2465/dcrcwe3-2465574.pdf?src-supplier=Digikey"; VariantName = "[No Variations]"
Add component (AddParameter): Name = "ComponentLink5Description"; Value = "https://datasheet.ciiva.com/2465/dcrcwe3-2465575.pdf?src-supplier=Digikey"; VariantName = "[No Variations]"
Add component (AddParameter): Name = "ComponentLink5URL"; Value = "https://datasheet.ciiva.com/2465/dcrcwe3-2465575.pdf?src-supplier=Digikey"; VariantName = "[No Variations]"
Add component (AddParameter): Name = "ComponentLink6Description"; Value = "https://datasheet.ciiva.com/2465/dcrcwe3-2465573.pdf?src-supplier=Digikey"; VariantName = "[No Variations]"
Add component (AddParameter): Name = "ComponentLink6URL"; Value = "https://datasheet.ciiva.com/2465/dcrcwe3-2465573.pdf?src-supplier=Digikey"; VariantName = "[No Variations]"
Add component (AddParameter): Name = "ComponentLink7Description"; Value = "https://datasheet.ciiva.com/7777/1697337-7777547.pdf?src-supplier=Element14"; VariantName = "[No Variations]"
Add component (AddParameter): Name = "ComponentLink7URL"; Value = "https://datasheet.ciiva.com/7777/1697337-7777547.pdf?src-supplier=Element14"; VariantName = "[No Variations]"
Add component (AddParameter): Name = "ComponentLink8Description"; Value = "https://datasheet.ciiva.com/16755/70201119-16755595.pdf?src-supplier=Allied+Electronics"; VariantName = "[No Variations]"
Add component (AddParameter): Name = "ComponentLink8URL"; Value = "https://datasheet.ciiva.com/16755/70201119-16755595.pdf?src-supplier=Allied+Electronics"; VariantName = "[No Variations]"
Add component (AddParameter): Name = "ComponentLink9Description"; Value = "https://datasheet.ciiva.com/16761/70201119-16761055.pdf?src-supplier=Allied+Electronics"; VariantName = "[No Variations]"
Add component (AddParameter): Name = "ComponentLink9URL"; Value = "https://datasheet.ciiva.com/16761/70201119-16761055.pdf?src-supplier=Allied+Electronics"; VariantName = "[No Variations]"
Add component (AddParameter): Name = "ComponentLink10Description"; Value = "https://datasheet.ciiva.com/5541/dcrcwe3-109170-5541864.pdf?src-supplier=Mouser"; VariantName = "[No Variations]"
Add component (AddParameter): Name = "ComponentLink10URL"; Value = "https://datasheet.ciiva.com/5541/dcrcwe3-109170-5541864.pdf?src-supplier=Mouser"; VariantName = "[No Variations]"
Add component (AddParameter): Name = "Construction"; Value = "Chip"; VariantName = "[No Variations]"
Add component (AddParameter): Name = "JESD-609 Code"; Value = "e3"; VariantName = "[No Variations]"
Add component (AddParameter): Name = "Manufacturer"; Value = "Vishay"; VariantName = "[No Variations]"
Add component (AddParameter): Name = "Manufacturer Part Number"; Value = "CRCW0603150RFKEA"; VariantName = "[No Variations]"
Add component (AddParameter): Name = "Max Operating Temperature"; Value = "155°C"; VariantName = "[No Variations]"
Add component (AddParameter): Name = "Min Operating Temperature"; Value = "-55°C"; VariantName = "[No Variations]"
Add component (AddParameter): Name = "Mounting Technology"; Value = "Surface Mount"; VariantName = "[No Variations]"
Add component (AddParameter): Name = "Package Height"; Value = "0.45mm"; VariantName = "[No Variations]"
Add component (AddParameter): Name = "Package Length"; Value = "1.55mm"; VariantName = "[No Variations]"
Add component (AddParameter): Name = "Package Shape"; Value = "Rectangular"; VariantName = "[No Variations]"
Add component (AddParameter): Name = "Package Width"; Value = "0.85mm"; VariantName = "[No Variations]"
Add component (AddParameter): Name = "Packaging"; Value = "Tape and Reel"; VariantName = "[No Variations]"
Add component (AddParameter): Name = "Pins"; Value = "2"; VariantName = "[No Variations]"
Add component (AddParameter): Name = "Power"; Value = "100mW"; VariantName = "[No Variations]"
Add component (AddParameter): Name = "Pricing"; Value = "1=0.1, 10=0.02, 50=0.02, 100=0.014, 1000=0.008, 10000=0.004 (USD)"; VariantName = "[No Variations]"
Add component (AddParameter): Name = "Rated Temperature"; Value = "70°C"; VariantName = "[No Variations]"
Add component (AddParameter): Name = "Reach SVHC Compliant"; Value = "Yes"; VariantName = "[No Variations]"
Add component (AddParameter): Name = "Reference Standard"; Value = "AEC-Q200"; VariantName = "[No Variations]"
Add component (AddParameter): Name = "Resistor Type"; Value = "FIXED RESISTOR"; VariantName = "[No Variations]"
Add component (AddParameter): Name = "RoHS"; Value = "Yes"; VariantName = "[No Variations]"
Add component (AddParameter): Name = "RoHS Compliant"; Value = "Yes"; VariantName = "[No Variations]"
Add component (AddParameter): Name = "Stock"; Value = "275413"; VariantName = "[No Variations]"
Add component (AddParameter): Name = "Supplier"; Value = "Mouser"; VariantName = "[No Variations]"
Add component (AddParameter): Name = "Supplier Part Number"; Value = "71-CRCW0603-150-E3"; VariantName = "[No Variations]"
Add component (AddParameter): Name = "Technology"; Value = "METAL GLAZE/THICK FILM"; VariantName = "[No Variations]"
Add component (AddParameter): Name = "Temperature Coefficient (ppm/Cel)"; Value = "100"; VariantName = "[No Variations]"
Add component (AddParameter): Name = "Terminal Finish"; Value = "Nickel"; VariantName = "[No Variations]"
Add component (AddParameter): Name = "Termination"; Value = "Wraparound"; VariantName = "[No Variations]"
Add component (AddParameter): Name = "Tolerance"; Value = "1%"; VariantName = "[No Variations]"
Add component (AddParameter): Name = "Value"; Value = "150R"; VariantName = "[No Variations]"
Add component (AddParameter): Name = "Working Voltage"; Value = "75V"; VariantName = "[No Variations]"
Added Component: Designator=R5(R0603)
Add component (AddParameter): Name = "Case/Package"; Value = "0603"; VariantName = "[No Variations]"
Add component (AddParameter): Name = "Category"; Value = "Chip SMD Resistors"; VariantName = "[No Variations]"
Add component (AddParameter): Name = "ComponentLink1Description"; Value = "https://datasheet.ciiva.com:443/pdfs/VipMasterIC/IC/VISH/VISH-S-A0007266705/VISH-S-A0007266705-1.pdf?src-supplier=IHS+Markit"; VariantName = "[No Variations]"
Add component (AddParameter): Name = "ComponentLink1URL"; Value = "https://datasheet.ciiva.com:443/pdfs/VipMasterIC/IC/VISH/VISH-S-A0007266705/VISH-S-A0007266705-1.pdf?src-supplier=IHS+Markit"; VariantName = "[No Variations]"
Add component (AddParameter): Name = "ComponentLink2Description"; Value = "http://www.vishay.com/docs/20035/dcrcwe3.pdf?src-supplier=Digikey"; VariantName = "[No Variations]"
Add component (AddParameter): Name = "ComponentLink2URL"; Value = "http://www.vishay.com/docs/20035/dcrcwe3.pdf?src-supplier=Digikey"; VariantName = "[No Variations]"
Add component (AddParameter): Name = "ComponentLink3Description"; Value = "https://datasheet.octopart.com/CRCW0603470RFKEC-Vishay-datasheet-62316122.pdf?src-supplier=Future+Electronics"; VariantName = "[No Variations]"
Add component (AddParameter): Name = "ComponentLink3URL"; Value = "https://datasheet.octopart.com/CRCW0603470RFKEC-Vishay-datasheet-62316122.pdf?src-supplier=Future+Electronics"; VariantName = "[No Variations]"
Add component (AddParameter): Name = "Construction"; Value = "Chip"; VariantName = "[No Variations]"
Add component (AddParameter): Name = "JESD-609 Code"; Value = "e3"; VariantName = "[No Variations]"
Add component (AddParameter): Name = "Manufacturer"; Value = "Vishay"; VariantName = "[No Variations]"
Add component (AddParameter): Name = "Manufacturer Part Number"; Value = "CRCW0603470RFKEC"; VariantName = "[No Variations]"
Add component (AddParameter): Name = "Max Operating Temperature"; Value = "155°C"; VariantName = "[No Variations]"
Add component (AddParameter): Name = "Min Operating Temperature"; Value = "-55°C"; VariantName = "[No Variations]"
Add component (AddParameter): Name = "Mounting Technology"; Value = "Surface Mount"; VariantName = "[No Variations]"
Add component (AddParameter): Name = "Package Height"; Value = "0.45mm"; VariantName = "[No Variations]"
Add component (AddParameter): Name = "Package Length"; Value = "1.55mm"; VariantName = "[No Variations]"
Add component (AddParameter): Name = "Package Shape"; Value = "Rectangular"; VariantName = "[No Variations]"
Add component (AddParameter): Name = "Package Width"; Value = "0.85mm"; VariantName = "[No Variations]"
Add component (AddParameter): Name = "Packaging"; Value = "Tape and Reel"; VariantName = "[No Variations]"
Add component (AddParameter): Name = "Pins"; Value = "2"; VariantName = "[No Variations]"
Add component (AddParameter): Name = "Power"; Value = "100mW"; VariantName = "[No Variations]"
Add component (AddParameter): Name = "Pricing"; Value = "1=0.1, 10=0.017, 50=0.017, 100=0.017, 1000=0.017, 10000=0.017 (USD)"; VariantName = "[No Variations]"
Add component (AddParameter): Name = "Rated Temperature"; Value = "70°C"; VariantName = "[No Variations]"
Add component (AddParameter): Name = "Reach SVHC Compliant"; Value = "Yes"; VariantName = "[No Variations]"
Add component (AddParameter): Name = "Reference Standard"; Value = "AEC-Q200"; VariantName = "[No Variations]"
Add component (AddParameter): Name = "Resistor Type"; Value = "FIXED RESISTOR"; VariantName = "[No Variations]"
Add component (AddParameter): Name = "RoHS"; Value = "Yes"; VariantName = "[No Variations]"
Add component (AddParameter): Name = "RoHS Compliant"; Value = "Yes"; VariantName = "[No Variations]"
Add component (AddParameter): Name = "Stock"; Value = "49691"; VariantName = "[No Variations]"
Add component (AddParameter): Name = "Supplier"; Value = "Mouser"; VariantName = "[No Variations]"
Add component (AddParameter): Name = "Supplier Part Number"; Value = "71-CRCW0603470RFKEC"; VariantName = "[No Variations]"
Add component (AddParameter): Name = "Technology"; Value = "METAL GLAZE/THICK FILM"; VariantName = "[No Variations]"
Add component (AddParameter): Name = "Temperature Coefficient (ppm/Cel)"; Value = "100"; VariantName = "[No Variations]"
Add component (AddParameter): Name = "Terminal Finish"; Value = "Nickel"; VariantName = "[No Variations]"
Add component (AddParameter): Name = "Termination"; Value = "Wraparound"; VariantName = "[No Variations]"
Add component (AddParameter): Name = "Tolerance"; Value = "1%"; VariantName = "[No Variations]"
Add component (AddParameter): Name = "Value"; Value = "470R"; VariantName = "[No Variations]"
Add component (AddParameter): Name = "Working Voltage"; Value = "75V"; VariantName = "[No Variations]"
Added Component: Designator=R6(R0603)
Add component (AddParameter): Name = "Case/Package"; Value = "0603"; VariantName = "[No Variations]"
Add component (AddParameter): Name = "Category"; Value = "Chip SMD Resistors"; VariantName = "[No Variations]"
Add component (AddParameter): Name = "ComponentLink1Description"; Value = "https://datasheet.ciiva.com:443/pdfs/VipMasterIC/IC/VISH/VISH-S-A0007266705/VISH-S-A0007266705-1.pdf?src-supplier=IHS+Markit"; VariantName = "[No Variations]"
Add component (AddParameter): Name = "ComponentLink1URL"; Value = "https://datasheet.ciiva.com:443/pdfs/VipMasterIC/IC/VISH/VISH-S-A0007266705/VISH-S-A0007266705-1.pdf?src-supplier=IHS+Markit"; VariantName = "[No Variations]"
Add component (AddParameter): Name = "ComponentLink2Description"; Value = "https://datasheet.ciiva.com/11808/0900766b80d98afc-11808649.pdf?src-supplier=Rs"; VariantName = "[No Variations]"
Add component (AddParameter): Name = "ComponentLink2URL"; Value = "https://datasheet.ciiva.com/11808/0900766b80d98afc-11808649.pdf?src-supplier=Rs"; VariantName = "[No Variations]"
Add component (AddParameter): Name = "ComponentLink3Description"; Value = "https://datasheet.ciiva.com/26316/fld-crcw-e3-data-en-26316570.pdf?src-supplier=Distrelec"; VariantName = "[No Variations]"
Add component (AddParameter): Name = "ComponentLink3URL"; Value = "https://datasheet.ciiva.com/26316/fld-crcw-e3-data-en-26316570.pdf?src-supplier=Distrelec"; VariantName = "[No Variations]"
Add component (AddParameter): Name = "ComponentLink4Description"; Value = "https://datasheet.ciiva.com/2465/dcrcwe3-2465574.pdf?src-supplier=Digikey"; VariantName = "[No Variations]"
Add component (AddParameter): Name = "ComponentLink4URL"; Value = "https://datasheet.ciiva.com/2465/dcrcwe3-2465574.pdf?src-supplier=Digikey"; VariantName = "[No Variations]"
Add component (AddParameter): Name = "ComponentLink5Description"; Value = "https://datasheet.ciiva.com/2465/dcrcwe3-2465575.pdf?src-supplier=Digikey"; VariantName = "[No Variations]"
Add component (AddParameter): Name = "ComponentLink5URL"; Value = "https://datasheet.ciiva.com/2465/dcrcwe3-2465575.pdf?src-supplier=Digikey"; VariantName = "[No Variations]"
Add component (AddParameter): Name = "ComponentLink6Description"; Value = "https://datasheet.ciiva.com/2465/dcrcwe3-2465573.pdf?src-supplier=Digikey"; VariantName = "[No Variations]"
Add component (AddParameter): Name = "ComponentLink6URL"; Value = "https://datasheet.ciiva.com/2465/dcrcwe3-2465573.pdf?src-supplier=Digikey"; VariantName = "[No Variations]"
Add component (AddParameter): Name = "ComponentLink7Description"; Value = "https://datasheet.ciiva.com/7777/1697337-7777547.pdf?src-supplier=Element14"; VariantName = "[No Variations]"
Add component (AddParameter): Name = "ComponentLink7URL"; Value = "https://datasheet.ciiva.com/7777/1697337-7777547.pdf?src-supplier=Element14"; VariantName = "[No Variations]"
Add component (AddParameter): Name = "ComponentLink8Description"; Value = "https://datasheet.ciiva.com/16755/70201119-16755595.pdf?src-supplier=Allied+Electronics"; VariantName = "[No Variations]"
Add component (AddParameter): Name = "ComponentLink8URL"; Value = "https://datasheet.ciiva.com/16755/70201119-16755595.pdf?src-supplier=Allied+Electronics"; VariantName = "[No Variations]"
Add component (AddParameter): Name = "ComponentLink9Description"; Value = "https://datasheet.ciiva.com/16761/70201119-16761055.pdf?src-supplier=Allied+Electronics"; VariantName = "[No Variations]"
Add component (AddParameter): Name = "ComponentLink9URL"; Value = "https://datasheet.ciiva.com/16761/70201119-16761055.pdf?src-supplier=Allied+Electronics"; VariantName = "[No Variations]"
Add component (AddParameter): Name = "ComponentLink10Description"; Value = "https://datasheet.ciiva.com/5541/dcrcwe3-109170-5541864.pdf?src-supplier=Mouser"; VariantName = "[No Variations]"
Add component (AddParameter): Name = "ComponentLink10URL"; Value = "https://datasheet.ciiva.com/5541/dcrcwe3-109170-5541864.pdf?src-supplier=Mouser"; VariantName = "[No Variations]"
Add component (AddParameter): Name = "Construction"; Value = "Chip"; VariantName = "[No Variations]"
Add component (AddParameter): Name = "JESD-609 Code"; Value = "e3"; VariantName = "[No Variations]"
Add component (AddParameter): Name = "Manufacturer"; Value = "Vishay"; VariantName = "[No Variations]"
Add component (AddParameter): Name = "Manufacturer Part Number"; Value = "CRCW0603150RFKEA"; VariantName = "[No Variations]"
Add component (AddParameter): Name = "Max Operating Temperature"; Value = "155°C"; VariantName = "[No Variations]"
Add component (AddParameter): Name = "Min Operating Temperature"; Value = "-55°C"; VariantName = "[No Variations]"
Add component (AddParameter): Name = "Mounting Technology"; Value = "Surface Mount"; VariantName = "[No Variations]"
Add component (AddParameter): Name = "Package Height"; Value = "0.45mm"; VariantName = "[No Variations]"
Add component (AddParameter): Name = "Package Length"; Value = "1.55mm"; VariantName = "[No Variations]"
Add component (AddParameter): Name = "Package Shape"; Value = "Rectangular"; VariantName = "[No Variations]"
Add component (AddParameter): Name = "Package Width"; Value = "0.85mm"; VariantName = "[No Variations]"
Add component (AddParameter): Name = "Packaging"; Value = "Tape and Reel"; VariantName = "[No Variations]"
Add component (AddParameter): Name = "Pins"; Value = "2"; VariantName = "[No Variations]"
Add component (AddParameter): Name = "Power"; Value = "100mW"; VariantName = "[No Variations]"
Add component (AddParameter): Name = "Pricing"; Value = "1=0.1, 10=0.02, 50=0.02, 100=0.014, 1000=0.008, 10000=0.004 (USD)"; VariantName = "[No Variations]"
Add component (AddParameter): Name = "Rated Temperature"; Value = "70°C"; VariantName = "[No Variations]"
Add component (AddParameter): Name = "Reach SVHC Compliant"; Value = "Yes"; VariantName = "[No Variations]"
Add component (AddParameter): Name = "Reference Standard"; Value = "AEC-Q200"; VariantName = "[No Variations]"
Add component (AddParameter): Name = "Resistor Type"; Value = "FIXED RESISTOR"; VariantName = "[No Variations]"
Add component (AddParameter): Name = "RoHS"; Value = "Yes"; VariantName = "[No Variations]"
Add component (AddParameter): Name = "RoHS Compliant"; Value = "Yes"; VariantName = "[No Variations]"
Add component (AddParameter): Name = "Stock"; Value = "275413"; VariantName = "[No Variations]"
Add component (AddParameter): Name = "Supplier"; Value = "Mouser"; VariantName = "[No Variations]"
Add component (AddParameter): Name = "Supplier Part Number"; Value = "71-CRCW0603-150-E3"; VariantName = "[No Variations]"
Add component (AddParameter): Name = "Technology"; Value = "METAL GLAZE/THICK FILM"; VariantName = "[No Variations]"
Add component (AddParameter): Name = "Temperature Coefficient (ppm/Cel)"; Value = "100"; VariantName = "[No Variations]"
Add component (AddParameter): Name = "Terminal Finish"; Value = "Nickel"; VariantName = "[No Variations]"
Add component (AddParameter): Name = "Termination"; Value = "Wraparound"; VariantName = "[No Variations]"
Add component (AddParameter): Name = "Tolerance"; Value = "1%"; VariantName = "[No Variations]"
Add component (AddParameter): Name = "Value"; Value = "150R"; VariantName = "[No Variations]"
Add component (AddParameter): Name = "Working Voltage"; Value = "75V"; VariantName = "[No Variations]"
Added Component: Designator=R7(R0603)
Add component (AddParameter): Name = "Case/Package"; Value = "0603"; VariantName = "[No Variations]"
Add component (AddParameter): Name = "Category"; Value = "Chip SMD Resistors"; VariantName = "[No Variations]"
Add component (AddParameter): Name = "ComponentLink1Description"; Value = "https://datasheet.ciiva.com:443/pdfs/VipMasterIC/IC/VISH/VISH-S-A0007266705/VISH-S-A0007266705-1.pdf?src-supplier=IHS+Markit"; VariantName = "[No Variations]"
Add component (AddParameter): Name = "ComponentLink1URL"; Value = "https://datasheet.ciiva.com:443/pdfs/VipMasterIC/IC/VISH/VISH-S-A0007266705/VISH-S-A0007266705-1.pdf?src-supplier=IHS+Markit"; VariantName = "[No Variations]"
Add component (AddParameter): Name = "ComponentLink2Description"; Value = "https://datasheet.ciiva.com/11808/0900766b80d98afc-11808649.pdf?src-supplier=Rs"; VariantName = "[No Variations]"
Add component (AddParameter): Name = "ComponentLink2URL"; Value = "https://datasheet.ciiva.com/11808/0900766b80d98afc-11808649.pdf?src-supplier=Rs"; VariantName = "[No Variations]"
Add component (AddParameter): Name = "ComponentLink3Description"; Value = "https://datasheet.ciiva.com/26316/fld-crcw-e3-data-en-26316570.pdf?src-supplier=Distrelec"; VariantName = "[No Variations]"
Add component (AddParameter): Name = "ComponentLink3URL"; Value = "https://datasheet.ciiva.com/26316/fld-crcw-e3-data-en-26316570.pdf?src-supplier=Distrelec"; VariantName = "[No Variations]"
Add component (AddParameter): Name = "ComponentLink4Description"; Value = "https://datasheet.ciiva.com/2465/dcrcwe3-2465574.pdf?src-supplier=Digikey"; VariantName = "[No Variations]"
Add component (AddParameter): Name = "ComponentLink4URL"; Value = "https://datasheet.ciiva.com/2465/dcrcwe3-2465574.pdf?src-supplier=Digikey"; VariantName = "[No Variations]"
Add component (AddParameter): Name = "ComponentLink5Description"; Value = "https://datasheet.ciiva.com/2465/dcrcwe3-2465575.pdf?src-supplier=Digikey"; VariantName = "[No Variations]"
Add component (AddParameter): Name = "ComponentLink5URL"; Value = "https://datasheet.ciiva.com/2465/dcrcwe3-2465575.pdf?src-supplier=Digikey"; VariantName = "[No Variations]"
Add component (AddParameter): Name = "ComponentLink6Description"; Value = "https://datasheet.ciiva.com/2465/dcrcwe3-2465573.pdf?src-supplier=Digikey"; VariantName = "[No Variations]"
Add component (AddParameter): Name = "ComponentLink6URL"; Value = "https://datasheet.ciiva.com/2465/dcrcwe3-2465573.pdf?src-supplier=Digikey"; VariantName = "[No Variations]"
Add component (AddParameter): Name = "ComponentLink7Description"; Value = "https://datasheet.ciiva.com/7777/1697337-7777547.pdf?src-supplier=Element14"; VariantName = "[No Variations]"
Add component (AddParameter): Name = "ComponentLink7URL"; Value = "https://datasheet.ciiva.com/7777/1697337-7777547.pdf?src-supplier=Element14"; VariantName = "[No Variations]"
Add component (AddParameter): Name = "ComponentLink8Description"; Value = "https://datasheet.ciiva.com/16755/70201119-16755595.pdf?src-supplier=Allied+Electronics"; VariantName = "[No Variations]"
Add component (AddParameter): Name = "ComponentLink8URL"; Value = "https://datasheet.ciiva.com/16755/70201119-16755595.pdf?src-supplier=Allied+Electronics"; VariantName = "[No Variations]"
Add component (AddParameter): Name = "ComponentLink9Description"; Value = "https://datasheet.ciiva.com/16761/70201119-16761055.pdf?src-supplier=Allied+Electronics"; VariantName = "[No Variations]"
Add component (AddParameter): Name = "ComponentLink9URL"; Value = "https://datasheet.ciiva.com/16761/70201119-16761055.pdf?src-supplier=Allied+Electronics"; VariantName = "[No Variations]"
Add component (AddParameter): Name = "ComponentLink10Description"; Value = "https://datasheet.ciiva.com/5541/dcrcwe3-109170-5541864.pdf?src-supplier=Mouser"; VariantName = "[No Variations]"
Add component (AddParameter): Name = "ComponentLink10URL"; Value = "https://datasheet.ciiva.com/5541/dcrcwe3-109170-5541864.pdf?src-supplier=Mouser"; VariantName = "[No Variations]"
Add component (AddParameter): Name = "Construction"; Value = "Chip"; VariantName = "[No Variations]"
Add component (AddParameter): Name = "JESD-609 Code"; Value = "e3"; VariantName = "[No Variations]"
Add component (AddParameter): Name = "Manufacturer"; Value = "Vishay"; VariantName = "[No Variations]"
Add component (AddParameter): Name = "Manufacturer Part Number"; Value = "CRCW0603150RFKEA"; VariantName = "[No Variations]"
Add component (AddParameter): Name = "Max Operating Temperature"; Value = "155°C"; VariantName = "[No Variations]"
Add component (AddParameter): Name = "Min Operating Temperature"; Value = "-55°C"; VariantName = "[No Variations]"
Add component (AddParameter): Name = "Mounting Technology"; Value = "Surface Mount"; VariantName = "[No Variations]"
Add component (AddParameter): Name = "Package Height"; Value = "0.45mm"; VariantName = "[No Variations]"
Add component (AddParameter): Name = "Package Length"; Value = "1.55mm"; VariantName = "[No Variations]"
Add component (AddParameter): Name = "Package Shape"; Value = "Rectangular"; VariantName = "[No Variations]"
Add component (AddParameter): Name = "Package Width"; Value = "0.85mm"; VariantName = "[No Variations]"
Add component (AddParameter): Name = "Packaging"; Value = "Tape and Reel"; VariantName = "[No Variations]"
Add component (AddParameter): Name = "Pins"; Value = "2"; VariantName = "[No Variations]"
Add component (AddParameter): Name = "Power"; Value = "100mW"; VariantName = "[No Variations]"
Add component (AddParameter): Name = "Pricing"; Value = "1=0.1, 10=0.02, 50=0.02, 100=0.014, 1000=0.008, 10000=0.004 (USD)"; VariantName = "[No Variations]"
Add component (AddParameter): Name = "Rated Temperature"; Value = "70°C"; VariantName = "[No Variations]"
Add component (AddParameter): Name = "Reach SVHC Compliant"; Value = "Yes"; VariantName = "[No Variations]"
Add component (AddParameter): Name = "Reference Standard"; Value = "AEC-Q200"; VariantName = "[No Variations]"
Add component (AddParameter): Name = "Resistor Type"; Value = "FIXED RESISTOR"; VariantName = "[No Variations]"
Add component (AddParameter): Name = "RoHS"; Value = "Yes"; VariantName = "[No Variations]"
Add component (AddParameter): Name = "RoHS Compliant"; Value = "Yes"; VariantName = "[No Variations]"
Add component (AddParameter): Name = "Stock"; Value = "275413"; VariantName = "[No Variations]"
Add component (AddParameter): Name = "Supplier"; Value = "Mouser"; VariantName = "[No Variations]"
Add component (AddParameter): Name = "Supplier Part Number"; Value = "71-CRCW0603-150-E3"; VariantName = "[No Variations]"
Add component (AddParameter): Name = "Technology"; Value = "METAL GLAZE/THICK FILM"; VariantName = "[No Variations]"
Add component (AddParameter): Name = "Temperature Coefficient (ppm/Cel)"; Value = "100"; VariantName = "[No Variations]"
Add component (AddParameter): Name = "Terminal Finish"; Value = "Nickel"; VariantName = "[No Variations]"
Add component (AddParameter): Name = "Termination"; Value = "Wraparound"; VariantName = "[No Variations]"
Add component (AddParameter): Name = "Tolerance"; Value = "1%"; VariantName = "[No Variations]"
Add component (AddParameter): Name = "Value"; Value = "150R"; VariantName = "[No Variations]"
Add component (AddParameter): Name = "Working Voltage"; Value = "75V"; VariantName = "[No Variations]"
Added Component: Designator=R8(R0603)
Add component (AddParameter): Name = "Case/Package"; Value = "0603"; VariantName = "[No Variations]"
Add component (AddParameter): Name = "Category"; Value = "Chip SMD Resistors"; VariantName = "[No Variations]"
Add component (AddParameter): Name = "ComponentLink1Description"; Value = "https://datasheet.ciiva.com:443/pdfs/VipMasterIC/IC/VISH/VISH-S-A0007266705/VISH-S-A0007266705-1.pdf?src-supplier=IHS+Markit"; VariantName = "[No Variations]"
Add component (AddParameter): Name = "ComponentLink1URL"; Value = "https://datasheet.ciiva.com:443/pdfs/VipMasterIC/IC/VISH/VISH-S-A0007266705/VISH-S-A0007266705-1.pdf?src-supplier=IHS+Markit"; VariantName = "[No Variations]"
Add component (AddParameter): Name = "ComponentLink2Description"; Value = "https://datasheet.ciiva.com/11808/0900766b80d98afc-11808694.pdf?src-supplier=Rs"; VariantName = "[No Variations]"
Add component (AddParameter): Name = "ComponentLink2URL"; Value = "https://datasheet.ciiva.com/11808/0900766b80d98afc-11808694.pdf?src-supplier=Rs"; VariantName = "[No Variations]"
Add component (AddParameter): Name = "Construction"; Value = "Chip"; VariantName = "[No Variations]"
Add component (AddParameter): Name = "JESD-609 Code"; Value = "e3"; VariantName = "[No Variations]"
Add component (AddParameter): Name = "Manufacturer"; Value = "Vishay"; VariantName = "[No Variations]"
Add component (AddParameter): Name = "Manufacturer Part Number"; Value = "CRCW060347K0FKEA"; VariantName = "[No Variations]"
Add component (AddParameter): Name = "Max Operating Temperature"; Value = "155°C"; VariantName = "[No Variations]"
Add component (AddParameter): Name = "Min Operating Temperature"; Value = "-55°C"; VariantName = "[No Variations]"
Add component (AddParameter): Name = "Mounting Technology"; Value = "Surface Mount"; VariantName = "[No Variations]"
Add component (AddParameter): Name = "Package Height"; Value = "0.45mm"; VariantName = "[No Variations]"
Add component (AddParameter): Name = "Package Length"; Value = "1.55mm"; VariantName = "[No Variations]"
Add component (AddParameter): Name = "Package Shape"; Value = "Rectangular"; VariantName = "[No Variations]"
Add component (AddParameter): Name = "Package Width"; Value = "0.85mm"; VariantName = "[No Variations]"
Add component (AddParameter): Name = "Packaging"; Value = "Tape and Reel"; VariantName = "[No Variations]"
Add component (AddParameter): Name = "Pins"; Value = "2"; VariantName = "[No Variations]"
Add component (AddParameter): Name = "Power"; Value = "100mW"; VariantName = "[No Variations]"
Add component (AddParameter): Name = "Pricing"; Value = "1=0.1, 10=0.028, 50=0.028, 100=0.015, 1000=0.008, 10000=0.004 (USD)"; VariantName = "[No Variations]"
Add component (AddParameter): Name = "Rated Temperature"; Value = "70°C"; VariantName = "[No Variations]"
Add component (AddParameter): Name = "Reach SVHC Compliant"; Value = "Yes"; VariantName = "[No Variations]"
Add component (AddParameter): Name = "Reference Standard"; Value = "AEC-Q200"; VariantName = "[No Variations]"
Add component (AddParameter): Name = "Resistor Type"; Value = "FIXED RESISTOR"; VariantName = "[No Variations]"
Add component (AddParameter): Name = "RoHS"; Value = "Yes"; VariantName = "[No Variations]"
Add component (AddParameter): Name = "RoHS Compliant"; Value = "Yes"; VariantName = "[No Variations]"
Add component (AddParameter): Name = "Stock"; Value = "182851"; VariantName = "[No Variations]"
Add component (AddParameter): Name = "Supplier"; Value = "Mouser"; VariantName = "[No Variations]"
Add component (AddParameter): Name = "Supplier Part Number"; Value = "71-CRCW0603-47K-E3"; VariantName = "[No Variations]"
Add component (AddParameter): Name = "Technology"; Value = "METAL GLAZE/THICK FILM"; VariantName = "[No Variations]"
Add component (AddParameter): Name = "Temperature Coefficient (ppm/Cel)"; Value = "100"; VariantName = "[No Variations]"
Add component (AddParameter): Name = "Terminal Finish"; Value = "Nickel"; VariantName = "[No Variations]"
Add component (AddParameter): Name = "Termination"; Value = "Wraparound"; VariantName = "[No Variations]"
Add component (AddParameter): Name = "Tolerance"; Value = "1%"; VariantName = "[No Variations]"
Add component (AddParameter): Name = "Value"; Value = "47kR"; VariantName = "[No Variations]"
Add component (AddParameter): Name = "Working Voltage"; Value = "75V"; VariantName = "[No Variations]"
Added Component: Designator=R9(R0603)
Add component (AddParameter): Name = "Case/Package"; Value = "0603"; VariantName = "[No Variations]"
Add component (AddParameter): Name = "Category"; Value = "Chip SMD Resistors"; VariantName = "[No Variations]"
Add component (AddParameter): Name = "ComponentLink1Description"; Value = "https://datasheet.ciiva.com:443/pdfs/VipMasterIC/IC/VISH/VISH-S-A0007266705/VISH-S-A0007266705-1.pdf?src-supplier=IHS+Markit"; VariantName = "[No Variations]"
Add component (AddParameter): Name = "ComponentLink1URL"; Value = "https://datasheet.ciiva.com:443/pdfs/VipMasterIC/IC/VISH/VISH-S-A0007266705/VISH-S-A0007266705-1.pdf?src-supplier=IHS+Markit"; VariantName = "[No Variations]"
Add component (AddParameter): Name = "ComponentLink2Description"; Value = "https://datasheet.ciiva.com/11808/0900766b80d98afc-11808694.pdf?src-supplier=Rs"; VariantName = "[No Variations]"
Add component (AddParameter): Name = "ComponentLink2URL"; Value = "https://datasheet.ciiva.com/11808/0900766b80d98afc-11808694.pdf?src-supplier=Rs"; VariantName = "[No Variations]"
Add component (AddParameter): Name = "Construction"; Value = "Chip"; VariantName = "[No Variations]"
Add component (AddParameter): Name = "JESD-609 Code"; Value = "e3"; VariantName = "[No Variations]"
Add component (AddParameter): Name = "Manufacturer"; Value = "Vishay"; VariantName = "[No Variations]"
Add component (AddParameter): Name = "Manufacturer Part Number"; Value = "CRCW060347K0FKEA"; VariantName = "[No Variations]"
Add component (AddParameter): Name = "Max Operating Temperature"; Value = "155°C"; VariantName = "[No Variations]"
Add component (AddParameter): Name = "Min Operating Temperature"; Value = "-55°C"; VariantName = "[No Variations]"
Add component (AddParameter): Name = "Mounting Technology"; Value = "Surface Mount"; VariantName = "[No Variations]"
Add component (AddParameter): Name = "Package Height"; Value = "0.45mm"; VariantName = "[No Variations]"
Add component (AddParameter): Name = "Package Length"; Value = "1.55mm"; VariantName = "[No Variations]"
Add component (AddParameter): Name = "Package Shape"; Value = "Rectangular"; VariantName = "[No Variations]"
Add component (AddParameter): Name = "Package Width"; Value = "0.85mm"; VariantName = "[No Variations]"
Add component (AddParameter): Name = "Packaging"; Value = "Tape and Reel"; VariantName = "[No Variations]"
Add component (AddParameter): Name = "Pins"; Value = "2"; VariantName = "[No Variations]"
Add component (AddParameter): Name = "Power"; Value = "100mW"; VariantName = "[No Variations]"
Add component (AddParameter): Name = "Pricing"; Value = "1=0.1, 10=0.028, 50=0.028, 100=0.015, 1000=0.008, 10000=0.004 (USD)"; VariantName = "[No Variations]"
Add component (AddParameter): Name = "Rated Temperature"; Value = "70°C"; VariantName = "[No Variations]"
Add component (AddParameter): Name = "Reach SVHC Compliant"; Value = "Yes"; VariantName = "[No Variations]"
Add component (AddParameter): Name = "Reference Standard"; Value = "AEC-Q200"; VariantName = "[No Variations]"
Add component (AddParameter): Name = "Resistor Type"; Value = "FIXED RESISTOR"; VariantName = "[No Variations]"
Add component (AddParameter): Name = "RoHS"; Value = "Yes"; VariantName = "[No Variations]"
Add component (AddParameter): Name = "RoHS Compliant"; Value = "Yes"; VariantName = "[No Variations]"
Add component (AddParameter): Name = "Stock"; Value = "182851"; VariantName = "[No Variations]"
Add component (AddParameter): Name = "Supplier"; Value = "Mouser"; VariantName = "[No Variations]"
Add component (AddParameter): Name = "Supplier Part Number"; Value = "71-CRCW0603-47K-E3"; VariantName = "[No Variations]"
Add component (AddParameter): Name = "Technology"; Value = "METAL GLAZE/THICK FILM"; VariantName = "[No Variations]"
Add component (AddParameter): Name = "Temperature Coefficient (ppm/Cel)"; Value = "100"; VariantName = "[No Variations]"
Add component (AddParameter): Name = "Terminal Finish"; Value = "Nickel"; VariantName = "[No Variations]"
Add component (AddParameter): Name = "Termination"; Value = "Wraparound"; VariantName = "[No Variations]"
Add component (AddParameter): Name = "Tolerance"; Value = "1%"; VariantName = "[No Variations]"
Add component (AddParameter): Name = "Value"; Value = "47kR"; VariantName = "[No Variations]"
Add component (AddParameter): Name = "Working Voltage"; Value = "75V"; VariantName = "[No Variations]"
Added Component: Designator=R10(R0603)
Add component (AddParameter): Name = "Case/Package"; Value = "0603"; VariantName = "[No Variations]"
Add component (AddParameter): Name = "Category"; Value = "Chip SMD Resistors"; VariantName = "[No Variations]"
Add component (AddParameter): Name = "ComponentLink1Description"; Value = "https://datasheet.ciiva.com:443/pdfs/VipMasterIC/IC/VISH/VISH-S-A0007266705/VISH-S-A0007266705-1.pdf?src-supplier=IHS+Markit"; VariantName = "[No Variations]"
Add component (AddParameter): Name = "ComponentLink1URL"; Value = "https://datasheet.ciiva.com:443/pdfs/VipMasterIC/IC/VISH/VISH-S-A0007266705/VISH-S-A0007266705-1.pdf?src-supplier=IHS+Markit"; VariantName = "[No Variations]"
Add component (AddParameter): Name = "ComponentLink2Description"; Value = "https://datasheet.ciiva.com/11808/0900766b80d98afc-11808694.pdf?src-supplier=Rs"; VariantName = "[No Variations]"
Add component (AddParameter): Name = "ComponentLink2URL"; Value = "https://datasheet.ciiva.com/11808/0900766b80d98afc-11808694.pdf?src-supplier=Rs"; VariantName = "[No Variations]"
Add component (AddParameter): Name = "Construction"; Value = "Chip"; VariantName = "[No Variations]"
Add component (AddParameter): Name = "JESD-609 Code"; Value = "e3"; VariantName = "[No Variations]"
Add component (AddParameter): Name = "Manufacturer"; Value = "Vishay"; VariantName = "[No Variations]"
Add component (AddParameter): Name = "Manufacturer Part Number"; Value = "CRCW060347K0FKEA"; VariantName = "[No Variations]"
Add component (AddParameter): Name = "Max Operating Temperature"; Value = "155°C"; VariantName = "[No Variations]"
Add component (AddParameter): Name = "Min Operating Temperature"; Value = "-55°C"; VariantName = "[No Variations]"
Add component (AddParameter): Name = "Mounting Technology"; Value = "Surface Mount"; VariantName = "[No Variations]"
Add component (AddParameter): Name = "Package Height"; Value = "0.45mm"; VariantName = "[No Variations]"
Add component (AddParameter): Name = "Package Length"; Value = "1.55mm"; VariantName = "[No Variations]"
Add component (AddParameter): Name = "Package Shape"; Value = "Rectangular"; VariantName = "[No Variations]"
Add component (AddParameter): Name = "Package Width"; Value = "0.85mm"; VariantName = "[No Variations]"
Add component (AddParameter): Name = "Packaging"; Value = "Tape and Reel"; VariantName = "[No Variations]"
Add component (AddParameter): Name = "Pins"; Value = "2"; VariantName = "[No Variations]"
Add component (AddParameter): Name = "Power"; Value = "100mW"; VariantName = "[No Variations]"
Add component (AddParameter): Name = "Pricing"; Value = "1=0.1, 10=0.028, 50=0.028, 100=0.015, 1000=0.008, 10000=0.004 (USD)"; VariantName = "[No Variations]"
Add component (AddParameter): Name = "Rated Temperature"; Value = "70°C"; VariantName = "[No Variations]"
Add component (AddParameter): Name = "Reach SVHC Compliant"; Value = "Yes"; VariantName = "[No Variations]"
Add component (AddParameter): Name = "Reference Standard"; Value = "AEC-Q200"; VariantName = "[No Variations]"
Add component (AddParameter): Name = "Resistor Type"; Value = "FIXED RESISTOR"; VariantName = "[No Variations]"
Add component (AddParameter): Name = "RoHS"; Value = "Yes"; VariantName = "[No Variations]"
Add component (AddParameter): Name = "RoHS Compliant"; Value = "Yes"; VariantName = "[No Variations]"
Add component (AddParameter): Name = "Stock"; Value = "182851"; VariantName = "[No Variations]"
Add component (AddParameter): Name = "Supplier"; Value = "Mouser"; VariantName = "[No Variations]"
Add component (AddParameter): Name = "Supplier Part Number"; Value = "71-CRCW0603-47K-E3"; VariantName = "[No Variations]"
Add component (AddParameter): Name = "Technology"; Value = "METAL GLAZE/THICK FILM"; VariantName = "[No Variations]"
Add component (AddParameter): Name = "Temperature Coefficient (ppm/Cel)"; Value = "100"; VariantName = "[No Variations]"
Add component (AddParameter): Name = "Terminal Finish"; Value = "Nickel"; VariantName = "[No Variations]"
Add component (AddParameter): Name = "Termination"; Value = "Wraparound"; VariantName = "[No Variations]"
Add component (AddParameter): Name = "Tolerance"; Value = "1%"; VariantName = "[No Variations]"
Add component (AddParameter): Name = "Value"; Value = "47kR"; VariantName = "[No Variations]"
Add component (AddParameter): Name = "Working Voltage"; Value = "75V"; VariantName = "[No Variations]"
Added Component: Designator=R11(R0603)
Add component (AddParameter): Name = "Case/Package"; Value = "0603"; VariantName = "[No Variations]"
Add component (AddParameter): Name = "Category"; Value = "Chip SMD Resistors"; VariantName = "[No Variations]"
Add component (AddParameter): Name = "ComponentLink1Description"; Value = "https://datasheet.ciiva.com:443/pdfs/VipMasterIC/IC/VISH/VISH-S-A0007266705/VISH-S-A0007266705-1.pdf?src-supplier=IHS+Markit"; VariantName = "[No Variations]"
Add component (AddParameter): Name = "ComponentLink1URL"; Value = "https://datasheet.ciiva.com:443/pdfs/VipMasterIC/IC/VISH/VISH-S-A0007266705/VISH-S-A0007266705-1.pdf?src-supplier=IHS+Markit"; VariantName = "[No Variations]"
Add component (AddParameter): Name = "Construction"; Value = "Chip"; VariantName = "[No Variations]"
Add component (AddParameter): Name = "JESD-609 Code"; Value = "e3"; VariantName = "[No Variations]"
Add component (AddParameter): Name = "Manufacturer"; Value = "Vishay"; VariantName = "[No Variations]"
Add component (AddParameter): Name = "Manufacturer Part Number"; Value = "CRCW06031K00FKEI"; VariantName = "[No Variations]"
Add component (AddParameter): Name = "Max Operating Temperature"; Value = "155°C"; VariantName = "[No Variations]"
Add component (AddParameter): Name = "Min Operating Temperature"; Value = "-55°C"; VariantName = "[No Variations]"
Add component (AddParameter): Name = "Mounting Technology"; Value = "Surface Mount"; VariantName = "[No Variations]"
Add component (AddParameter): Name = "Package Height"; Value = "0.45mm"; VariantName = "[No Variations]"
Add component (AddParameter): Name = "Package Length"; Value = "1.55mm"; VariantName = "[No Variations]"
Add component (AddParameter): Name = "Package Shape"; Value = "Rectangular"; VariantName = "[No Variations]"
Add component (AddParameter): Name = "Package Width"; Value = "0.85mm"; VariantName = "[No Variations]"
Add component (AddParameter): Name = "Packaging"; Value = "Tape and Reel"; VariantName = "[No Variations]"
Add component (AddParameter): Name = "Pins"; Value = "2"; VariantName = "[No Variations]"
Add component (AddParameter): Name = "Power"; Value = "100mW"; VariantName = "[No Variations]"
Add component (AddParameter): Name = "Pricing"; Value = "1=0.12, 10=0.029, 50=0.029, 100=0.016, 1000=0.016, 10000=0.013 (USD)"; VariantName = "[No Variations]"
Add component (AddParameter): Name = "Rated Temperature"; Value = "70°C"; VariantName = "[No Variations]"
Add component (AddParameter): Name = "Reach SVHC Compliant"; Value = "Yes"; VariantName = "[No Variations]"
Add component (AddParameter): Name = "Reference Standard"; Value = "AEC-Q200"; VariantName = "[No Variations]"
Add component (AddParameter): Name = "Resistor Type"; Value = "FIXED RESISTOR"; VariantName = "[No Variations]"
Add component (AddParameter): Name = "RoHS"; Value = "Yes"; VariantName = "[No Variations]"
Add component (AddParameter): Name = "RoHS Compliant"; Value = "Yes"; VariantName = "[No Variations]"
Add component (AddParameter): Name = "Stock"; Value = "93678"; VariantName = "[No Variations]"
Add component (AddParameter): Name = "Supplier"; Value = "Mouser"; VariantName = "[No Variations]"
Add component (AddParameter): Name = "Supplier Part Number"; Value = "71-CRCW06031K00FKEI"; VariantName = "[No Variations]"
Add component (AddParameter): Name = "Technology"; Value = "METAL GLAZE/THICK FILM"; VariantName = "[No Variations]"
Add component (AddParameter): Name = "Temperature Coefficient (ppm/Cel)"; Value = "100"; VariantName = "[No Variations]"
Add component (AddParameter): Name = "Terminal Finish"; Value = "Nickel"; VariantName = "[No Variations]"
Add component (AddParameter): Name = "Termination"; Value = "Wraparound"; VariantName = "[No Variations]"
Add component (AddParameter): Name = "Tolerance"; Value = "1%"; VariantName = "[No Variations]"
Add component (AddParameter): Name = "Value"; Value = "1kR"; VariantName = "[No Variations]"
Add component (AddParameter): Name = "Working Voltage"; Value = "75V"; VariantName = "[No Variations]"
Added Component: Designator=R12(R0603)
Add component (AddParameter): Name = "Case/Package"; Value = "0603"; VariantName = "[No Variations]"
Add component (AddParameter): Name = "Category"; Value = "Chip SMD Resistors"; VariantName = "[No Variations]"
Add component (AddParameter): Name = "ComponentLink1Description"; Value = "https://datasheet.ciiva.com:443/pdfs/VipMasterIC/IC/VISH/VISH-S-A0007266705/VISH-S-A0007266705-1.pdf?src-supplier=IHS+Markit"; VariantName = "[No Variations]"
Add component (AddParameter): Name = "ComponentLink1URL"; Value = "https://datasheet.ciiva.com:443/pdfs/VipMasterIC/IC/VISH/VISH-S-A0007266705/VISH-S-A0007266705-1.pdf?src-supplier=IHS+Markit"; VariantName = "[No Variations]"
Add component (AddParameter): Name = "ComponentLink2Description"; Value = "https://datasheet.ciiva.com/11809/0900766b80d98afc-11809037.pdf?src-supplier=Rs"; VariantName = "[No Variations]"
Add component (AddParameter): Name = "ComponentLink2URL"; Value = "https://datasheet.ciiva.com/11809/0900766b80d98afc-11809037.pdf?src-supplier=Rs"; VariantName = "[No Variations]"
Add component (AddParameter): Name = "ComponentLink3Description"; Value = "https://datasheet.ciiva.com/46385/1697337-46385498.pdf?src-supplier=Element14"; VariantName = "[No Variations]"
Add component (AddParameter): Name = "ComponentLink3URL"; Value = "https://datasheet.ciiva.com/46385/1697337-46385498.pdf?src-supplier=Element14"; VariantName = "[No Variations]"
Add component (AddParameter): Name = "ComponentLink4Description"; Value = "https://datasheet.ciiva.com/2465/dcrcwe3-2465514.pdf?src-supplier=Digikey"; VariantName = "[No Variations]"
Add component (AddParameter): Name = "ComponentLink4URL"; Value = "https://datasheet.ciiva.com/2465/dcrcwe3-2465514.pdf?src-supplier=Digikey"; VariantName = "[No Variations]"
Add component (AddParameter): Name = "ComponentLink5Description"; Value = "https://datasheet.ciiva.com/2465/dcrcwe3-2465515.pdf?src-supplier=Digikey"; VariantName = "[No Variations]"
Add component (AddParameter): Name = "ComponentLink5URL"; Value = "https://datasheet.ciiva.com/2465/dcrcwe3-2465515.pdf?src-supplier=Digikey"; VariantName = "[No Variations]"
Add component (AddParameter): Name = "ComponentLink6Description"; Value = "https://datasheet.ciiva.com/2465/dcrcwe3-2465513.pdf?src-supplier=Digikey"; VariantName = "[No Variations]"
Add component (AddParameter): Name = "ComponentLink6URL"; Value = "https://datasheet.ciiva.com/2465/dcrcwe3-2465513.pdf?src-supplier=Digikey"; VariantName = "[No Variations]"
Add component (AddParameter): Name = "ComponentLink7Description"; Value = "https://datasheet.ciiva.com/5543/dcrcwe3-109170-5543001.pdf?src-supplier=Mouser"; VariantName = "[No Variations]"
Add component (AddParameter): Name = "ComponentLink7URL"; Value = "https://datasheet.ciiva.com/5543/dcrcwe3-109170-5543001.pdf?src-supplier=Mouser"; VariantName = "[No Variations]"
Add component (AddParameter): Name = "ComponentLink8Description"; Value = "https://datasheet.ciiva.com/3256/dcrcwe3-3256940.pdf?src-supplier=Avnet"; VariantName = "[No Variations]"
Add component (AddParameter): Name = "ComponentLink8URL"; Value = "https://datasheet.ciiva.com/3256/dcrcwe3-3256940.pdf?src-supplier=Avnet"; VariantName = "[No Variations]"
Add component (AddParameter): Name = "ComponentLink9Description"; Value = "https://datasheet.ciiva.com/16209/dcrcwe3-16209164.pdf?src-supplier=Future+Electronics"; VariantName = "[No Variations]"
Add component (AddParameter): Name = "ComponentLink9URL"; Value = "https://datasheet.ciiva.com/16209/dcrcwe3-16209164.pdf?src-supplier=Future+Electronics"; VariantName = "[No Variations]"
Add component (AddParameter): Name = "ComponentLink10Description"; Value = "https://datasheet.ciiva.com/3256/dcrcwe3-3256939.pdf?src-supplier=Avnet"; VariantName = "[No Variations]"
Add component (AddParameter): Name = "ComponentLink10URL"; Value = "https://datasheet.ciiva.com/3256/dcrcwe3-3256939.pdf?src-supplier=Avnet"; VariantName = "[No Variations]"
Add component (AddParameter): Name = "ComponentLink11Description"; Value = "https://datasheet.ciiva.com/26314/fld-crcw-e3-data-en-26314749.pdf?src-supplier=Distrelec"; VariantName = "[No Variations]"
Add component (AddParameter): Name = "ComponentLink11URL"; Value = "https://datasheet.ciiva.com/26314/fld-crcw-e3-data-en-26314749.pdf?src-supplier=Distrelec"; VariantName = "[No Variations]"
Add component (AddParameter): Name = "ComponentLink12Description"; Value = "https://datasheet.ciiva.com/16719/70201119-16719704.pdf?src-supplier=Allied+Electronics"; VariantName = "[No Variations]"
Add component (AddParameter): Name = "ComponentLink12URL"; Value = "https://datasheet.ciiva.com/16719/70201119-16719704.pdf?src-supplier=Allied+Electronics"; VariantName = "[No Variations]"
Add component (AddParameter): Name = "ComponentLink13Description"; Value = "https://datasheet.ciiva.com/16754/70201119-16754710.pdf?src-supplier=Allied+Electronics"; VariantName = "[No Variations]"
Add component (AddParameter): Name = "ComponentLink13URL"; Value = "https://datasheet.ciiva.com/16754/70201119-16754710.pdf?src-supplier=Allied+Electronics"; VariantName = "[No Variations]"
Add component (AddParameter): Name = "Construction"; Value = "Chip"; VariantName = "[No Variations]"
Add component (AddParameter): Name = "JESD-609 Code"; Value = "e3"; VariantName = "[No Variations]"
Add component (AddParameter): Name = "Manufacturer"; Value = "Vishay"; VariantName = "[No Variations]"
Add component (AddParameter): Name = "Manufacturer Part Number"; Value = "CRCW060310K0FKEA"; VariantName = "[No Variations]"
Add component (AddParameter): Name = "Max Operating Temperature"; Value = "155°C"; VariantName = "[No Variations]"
Add component (AddParameter): Name = "Min Operating Temperature"; Value = "-55°C"; VariantName = "[No Variations]"
Add component (AddParameter): Name = "Mounting Technology"; Value = "Surface Mount"; VariantName = "[No Variations]"
Add component (AddParameter): Name = "Package Height"; Value = "0.45mm"; VariantName = "[No Variations]"
Add component (AddParameter): Name = "Package Length"; Value = "1.55mm"; VariantName = "[No Variations]"
Add component (AddParameter): Name = "Package Shape"; Value = "Rectangular"; VariantName = "[No Variations]"
Add component (AddParameter): Name = "Package Width"; Value = "0.85mm"; VariantName = "[No Variations]"
Add component (AddParameter): Name = "Packaging"; Value = "Tape and Reel"; VariantName = "[No Variations]"
Add component (AddParameter): Name = "Pins"; Value = "2"; VariantName = "[No Variations]"
Add component (AddParameter): Name = "Power"; Value = "100mW"; VariantName = "[No Variations]"
Add component (AddParameter): Name = "Pricing"; Value = "1=0.1, 10=0.031, 50=0.031, 100=0.015, 1000=0.008, 10000=0.004 (USD)"; VariantName = "[No Variations]"
Add component (AddParameter): Name = "Rated Temperature"; Value = "70°C"; VariantName = "[No Variations]"
Add component (AddParameter): Name = "Reach SVHC Compliant"; Value = "Yes"; VariantName = "[No Variations]"
Add component (AddParameter): Name = "Reference Standard"; Value = "AEC-Q200"; VariantName = "[No Variations]"
Add component (AddParameter): Name = "Resistor Type"; Value = "FIXED RESISTOR"; VariantName = "[No Variations]"
Add component (AddParameter): Name = "RoHS"; Value = "Yes"; VariantName = "[No Variations]"
Add component (AddParameter): Name = "RoHS Compliant"; Value = "Yes"; VariantName = "[No Variations]"
Add component (AddParameter): Name = "Stock"; Value = "2181326"; VariantName = "[No Variations]"
Add component (AddParameter): Name = "Supplier"; Value = "Mouser"; VariantName = "[No Variations]"
Add component (AddParameter): Name = "Supplier Part Number"; Value = "71-CRCW0603-10K-E3"; VariantName = "[No Variations]"
Add component (AddParameter): Name = "Technology"; Value = "METAL GLAZE/THICK FILM"; VariantName = "[No Variations]"
Add component (AddParameter): Name = "Temperature Coefficient (ppm/Cel)"; Value = "100"; VariantName = "[No Variations]"
Add component (AddParameter): Name = "Terminal Finish"; Value = "Nickel"; VariantName = "[No Variations]"
Add component (AddParameter): Name = "Termination"; Value = "Wraparound"; VariantName = "[No Variations]"
Add component (AddParameter): Name = "Tolerance"; Value = "1%"; VariantName = "[No Variations]"
Add component (AddParameter): Name = "Value"; Value = "10kR"; VariantName = "[No Variations]"
Add component (AddParameter): Name = "Working Voltage"; Value = "75V"; VariantName = "[No Variations]"
Added Component: Designator=R13(R0603)
Add component (AddParameter): Name = "Case/Package"; Value = "0603"; VariantName = "[No Variations]"
Add component (AddParameter): Name = "Category"; Value = "Chip SMD Resistors"; VariantName = "[No Variations]"
Add component (AddParameter): Name = "ComponentLink1Description"; Value = "https://datasheet.ciiva.com:443/pdfs/VipMasterIC/IC/VISH/VISH-S-A0007266705/VISH-S-A0007266705-1.pdf?src-supplier=IHS+Markit"; VariantName = "[No Variations]"
Add component (AddParameter): Name = "ComponentLink1URL"; Value = "https://datasheet.ciiva.com:443/pdfs/VipMasterIC/IC/VISH/VISH-S-A0007266705/VISH-S-A0007266705-1.pdf?src-supplier=IHS+Markit"; VariantName = "[No Variations]"
Add component (AddParameter): Name = "Construction"; Value = "Chip"; VariantName = "[No Variations]"
Add component (AddParameter): Name = "JESD-609 Code"; Value = "e3"; VariantName = "[No Variations]"
Add component (AddParameter): Name = "Manufacturer"; Value = "Vishay"; VariantName = "[No Variations]"
Add component (AddParameter): Name = "Manufacturer Part Number"; Value = "CRCW06031K00FKEI"; VariantName = "[No Variations]"
Add component (AddParameter): Name = "Max Operating Temperature"; Value = "155°C"; VariantName = "[No Variations]"
Add component (AddParameter): Name = "Min Operating Temperature"; Value = "-55°C"; VariantName = "[No Variations]"
Add component (AddParameter): Name = "Mounting Technology"; Value = "Surface Mount"; VariantName = "[No Variations]"
Add component (AddParameter): Name = "Package Height"; Value = "0.45mm"; VariantName = "[No Variations]"
Add component (AddParameter): Name = "Package Length"; Value = "1.55mm"; VariantName = "[No Variations]"
Add component (AddParameter): Name = "Package Shape"; Value = "Rectangular"; VariantName = "[No Variations]"
Add component (AddParameter): Name = "Package Width"; Value = "0.85mm"; VariantName = "[No Variations]"
Add component (AddParameter): Name = "Packaging"; Value = "Tape and Reel"; VariantName = "[No Variations]"
Add component (AddParameter): Name = "Pins"; Value = "2"; VariantName = "[No Variations]"
Add component (AddParameter): Name = "Power"; Value = "100mW"; VariantName = "[No Variations]"
Add component (AddParameter): Name = "Pricing"; Value = "1=0.12, 10=0.029, 50=0.029, 100=0.016, 1000=0.016, 10000=0.013 (USD)"; VariantName = "[No Variations]"
Add component (AddParameter): Name = "Rated Temperature"; Value = "70°C"; VariantName = "[No Variations]"
Add component (AddParameter): Name = "Reach SVHC Compliant"; Value = "Yes"; VariantName = "[No Variations]"
Add component (AddParameter): Name = "Reference Standard"; Value = "AEC-Q200"; VariantName = "[No Variations]"
Add component (AddParameter): Name = "Resistor Type"; Value = "FIXED RESISTOR"; VariantName = "[No Variations]"
Add component (AddParameter): Name = "RoHS"; Value = "Yes"; VariantName = "[No Variations]"
Add component (AddParameter): Name = "RoHS Compliant"; Value = "Yes"; VariantName = "[No Variations]"
Add component (AddParameter): Name = "Stock"; Value = "93678"; VariantName = "[No Variations]"
Add component (AddParameter): Name = "Supplier"; Value = "Mouser"; VariantName = "[No Variations]"
Add component (AddParameter): Name = "Supplier Part Number"; Value = "71-CRCW06031K00FKEI"; VariantName = "[No Variations]"
Add component (AddParameter): Name = "Technology"; Value = "METAL GLAZE/THICK FILM"; VariantName = "[No Variations]"
Add component (AddParameter): Name = "Temperature Coefficient (ppm/Cel)"; Value = "100"; VariantName = "[No Variations]"
Add component (AddParameter): Name = "Terminal Finish"; Value = "Nickel"; VariantName = "[No Variations]"
Add component (AddParameter): Name = "Termination"; Value = "Wraparound"; VariantName = "[No Variations]"
Add component (AddParameter): Name = "Tolerance"; Value = "1%"; VariantName = "[No Variations]"
Add component (AddParameter): Name = "Value"; Value = "1kR"; VariantName = "[No Variations]"
Add component (AddParameter): Name = "Working Voltage"; Value = "75V"; VariantName = "[No Variations]"
Added Component: Designator=TP1(PTH 0.75MM)
Added Component: Designator=TP2(PTH 0.75MM)
Added Component: Designator=TP3(PTH 0.75MM)
Added Component: Designator=TP4(PTH 0.75MM)
Added Component: Designator=TP5(PTH 0.75MM)
Added Component: Designator=TP6(PTH 0.75MM)
Added Component: Designator=TP7(PTH 0.75MM)
Added Component: Designator=TP8(PTH 0.75MM)
Added Component: Designator=TP9(PTH 0.75MM)
Added Component: Designator=TP10(PTH 0.75MM)
Added Component: Designator=TP11(PTH 0.75MM)
Added Component: Designator=TP12(PTH 0.75MM)
Added Component: Designator=TP13(PTH 0.75MM)
Added Component: Designator=TP14(PTH 0.75MM)
Added Component: Designator=TP15(PTH 0.75MM)
Added Component: Designator=TP16(PTH 0.75MM)
Added Component: Designator=TP17(PTH 0.75MM)
Added Component: Designator=U1(SOIC-8 D)
Add component (AddParameter): Name = "Manufacturer"; Value = "Texas Instruments"; VariantName = "[No Variations]"
Add component (AddParameter): Name = "Manufacturer Part Number"; Value = "OPA2323IDR"; VariantName = "[No Variations]"
Add component (AddParameter): Name = "Pricing"; Value = "1=1.63, 10=1.1, 50=0.974, 100=0.778, 1000=0.411, 10000=0.393 (USD)"; VariantName = "[No Variations]"
Add component (AddParameter): Name = "RoHS"; Value = "No"; VariantName = "[No Variations]"
Add component (AddParameter): Name = "Stock"; Value = "5343"; VariantName = "[No Variations]"
Add component (AddParameter): Name = "Supplier"; Value = "Mouser"; VariantName = "[No Variations]"
Add component (AddParameter): Name = "Supplier Part Number"; Value = "595-OPA2323IDR"; VariantName = "[No Variations]"
Added Component: Designator=U2(SOIC-8 D)
Add component (AddParameter): Name = "Manufacturer"; Value = "Texas Instruments"; VariantName = "[No Variations]"
Add component (AddParameter): Name = "Manufacturer Part Number"; Value = "OPA2323IDR"; VariantName = "[No Variations]"
Add component (AddParameter): Name = "Pricing"; Value = "1=1.63, 10=1.1, 50=0.974, 100=0.778, 1000=0.411, 10000=0.393 (USD)"; VariantName = "[No Variations]"
Add component (AddParameter): Name = "RoHS"; Value = "No"; VariantName = "[No Variations]"
Add component (AddParameter): Name = "Stock"; Value = "5343"; VariantName = "[No Variations]"
Add component (AddParameter): Name = "Supplier"; Value = "Mouser"; VariantName = "[No Variations]"
Add component (AddParameter): Name = "Supplier Part Number"; Value = "595-OPA2323IDR"; VariantName = "[No Variations]"
Added Component: Designator=VR1(TS53YL)
Add component (AddParameter): Name = "Actuator Orientation"; Value = "Vertical"; VariantName = "[No Variations]"
Add component (AddParameter): Name = "Actuator Type"; Value = "SCREW"; VariantName = "[No Variations]"
Add component (AddParameter): Name = "Case/Package"; Value = "2020"; VariantName = "[No Variations]"
Add component (AddParameter): Name = "Category"; Value = "Variable Resistors and Potentiometers"; VariantName = "[No Variations]"
Add component (AddParameter): Name = "ComponentLink1Description"; Value = "https://datasheet.ciiva.com:443/pdfs/VipMasterIC/IC/VISH/VISH-S-A0007084328/VISH-S-A0007084328-1.pdf?src-supplier=IHS+Markit"; VariantName = "[No Variations]"
Add component (AddParameter): Name = "ComponentLink1URL"; Value = "https://datasheet.ciiva.com:443/pdfs/VipMasterIC/IC/VISH/VISH-S-A0007084328/VISH-S-A0007084328-1.pdf?src-supplier=IHS+Markit"; VariantName = "[No Variations]"
Add component (AddParameter): Name = "ComponentLink2Description"; Value = "https://datasheet.ciiva.com/8699/ts53y-8699175.pdf?src-supplier=Avnet"; VariantName = "[No Variations]"
Add component (AddParameter): Name = "ComponentLink2URL"; Value = "https://datasheet.ciiva.com/8699/ts53y-8699175.pdf?src-supplier=Avnet"; VariantName = "[No Variations]"
Add component (AddParameter): Name = "Construction"; Value = "Trimmer"; VariantName = "[No Variations]"
Add component (AddParameter): Name = "JESD-609 Code"; Value = "e3"; VariantName = "[No Variations]"
Add component (AddParameter): Name = "Manufacturer"; Value = "Vishay Sfernice"; VariantName = "[No Variations]"
Add component (AddParameter): Name = "Manufacturer Part Number"; Value = "TS53YL105MR10"; VariantName = "[No Variations]"
Add component (AddParameter): Name = "Max Operating Temperature"; Value = "125°C"; VariantName = "[No Variations]"
Add component (AddParameter): Name = "Min Operating Temperature"; Value = "-55°C"; VariantName = "[No Variations]"
Add component (AddParameter): Name = "Mounting Technology"; Value = "Surface Mount"; VariantName = "[No Variations]"
Add component (AddParameter): Name = "Number of Turns"; Value = "1"; VariantName = "[No Variations]"
Add component (AddParameter): Name = "Package Height"; Value = "2.7mm"; VariantName = "[No Variations]"
Add component (AddParameter): Name = "Package Length"; Value = "5mm"; VariantName = "[No Variations]"
Add component (AddParameter): Name = "Package Shape"; Value = "Rectangular"; VariantName = "[No Variations]"
Add component (AddParameter): Name = "Package Width"; Value = "5mm"; VariantName = "[No Variations]"
Add component (AddParameter): Name = "Packaging"; Value = "Tape and Reel"; VariantName = "[No Variations]"
Add component (AddParameter): Name = "Pins"; Value = "3"; VariantName = "[No Variations]"
Add component (AddParameter): Name = "Power"; Value = "250mW"; VariantName = "[No Variations]"
Add component (AddParameter): Name = "Pricing"; Value = "1=2.72, 10=2.03, 50=2.03, 100=1.8, 1000=1.33, 10000=1.32 (USD)"; VariantName = "[No Variations]"
Add component (AddParameter): Name = "Rated Temperature"; Value = "70°C"; VariantName = "[No Variations]"
Add component (AddParameter): Name = "Reach SVHC Compliant"; Value = "Yes"; VariantName = "[No Variations]"
Add component (AddParameter): Name = "Resistance Law"; Value = "Linear"; VariantName = "[No Variations]"
Add component (AddParameter): Name = "Resistor Type"; Value = "TRIMMER"; VariantName = "[No Variations]"
Add component (AddParameter): Name = "RoHS"; Value = "Yes"; VariantName = "[No Variations]"
Add component (AddParameter): Name = "RoHS Compliant"; Value = "Yes"; VariantName = "[No Variations]"
Add component (AddParameter): Name = "Rotational Angle"; Value = "220°"; VariantName = "[No Variations]"
Add component (AddParameter): Name = "Stock"; Value = "577"; VariantName = "[No Variations]"
Add component (AddParameter): Name = "Supplier"; Value = "Mouser"; VariantName = "[No Variations]"
Add component (AddParameter): Name = "Supplier Part Number"; Value = "72-TS53YL-1M"; VariantName = "[No Variations]"
Add component (AddParameter): Name = "Technology"; Value = "CERMET"; VariantName = "[No Variations]"
Add component (AddParameter): Name = "Temperature Coefficient (ppm/Cel)"; Value = "-100,100"; VariantName = "[No Variations]"
Add component (AddParameter): Name = "Terminal Finish"; Value = "Tin"; VariantName = "[No Variations]"
Add component (AddParameter): Name = "Termination"; Value = "Gull Wing"; VariantName = "[No Variations]"
Add component (AddParameter): Name = "Tolerance"; Value = "20%"; VariantName = "[No Variations]"
Add component (AddParameter): Name = "Value"; Value = "1MR"; VariantName = "[No Variations]"
Add component (AddParameter): Name = "Working Voltage"; Value = "200V"; VariantName = "[No Variations]"
Added Component: Designator=VR2(TS53YL)
Add component (AddParameter): Name = "Actuator Orientation"; Value = "Vertical"; VariantName = "[No Variations]"
Add component (AddParameter): Name = "Actuator Type"; Value = "SCREW"; VariantName = "[No Variations]"
Add component (AddParameter): Name = "Case/Package"; Value = "2020"; VariantName = "[No Variations]"
Add component (AddParameter): Name = "Category"; Value = "Variable Resistors and Potentiometers"; VariantName = "[No Variations]"
Add component (AddParameter): Name = "ComponentLink1Description"; Value = "https://datasheet.ciiva.com:443/pdfs/VipMasterIC/IC/VISH/VISH-S-A0007084328/VISH-S-A0007084328-1.pdf?src-supplier=IHS+Markit"; VariantName = "[No Variations]"
Add component (AddParameter): Name = "ComponentLink1URL"; Value = "https://datasheet.ciiva.com:443/pdfs/VipMasterIC/IC/VISH/VISH-S-A0007084328/VISH-S-A0007084328-1.pdf?src-supplier=IHS+Markit"; VariantName = "[No Variations]"
Add component (AddParameter): Name = "ComponentLink2Description"; Value = "https://datasheet.ciiva.com/11831/0900766b80442f56-11831524.pdf?src-supplier=Rs"; VariantName = "[No Variations]"
Add component (AddParameter): Name = "ComponentLink2URL"; Value = "https://datasheet.ciiva.com/11831/0900766b80442f56-11831524.pdf?src-supplier=Rs"; VariantName = "[No Variations]"
Add component (AddParameter): Name = "ComponentLink3Description"; Value = "https://datasheet.ciiva.com/2157/ts53y-2157357.pdf?src-supplier=Digikey"; VariantName = "[No Variations]"
Add component (AddParameter): Name = "ComponentLink3URL"; Value = "https://datasheet.ciiva.com/2157/ts53y-2157357.pdf?src-supplier=Digikey"; VariantName = "[No Variations]"
Add component (AddParameter): Name = "ComponentLink4Description"; Value = "https://datasheet.ciiva.com/2157/ts53y-2157358.pdf?src-supplier=Digikey"; VariantName = "[No Variations]"
Add component (AddParameter): Name = "ComponentLink4URL"; Value = "https://datasheet.ciiva.com/2157/ts53y-2157358.pdf?src-supplier=Digikey"; VariantName = "[No Variations]"
Add component (AddParameter): Name = "ComponentLink5Description"; Value = "https://datasheet.ciiva.com/2157/ts53y-2157359.pdf?src-supplier=Digikey"; VariantName = "[No Variations]"
Add component (AddParameter): Name = "ComponentLink5URL"; Value = "https://datasheet.ciiva.com/2157/ts53y-2157359.pdf?src-supplier=Digikey"; VariantName = "[No Variations]"
Add component (AddParameter): Name = "ComponentLink6Description"; Value = "https://datasheet.ciiva.com/8697/ts53y-8697353.pdf?src-supplier=Avnet"; VariantName = "[No Variations]"
Add component (AddParameter): Name = "ComponentLink6URL"; Value = "https://datasheet.ciiva.com/8697/ts53y-8697353.pdf?src-supplier=Avnet"; VariantName = "[No Variations]"
Add component (AddParameter): Name = "ComponentLink7Description"; Value = "https://datasheet.ciiva.com/8021/1696501-8021149.pdf?src-supplier=Element14"; VariantName = "[No Variations]"
Add component (AddParameter): Name = "ComponentLink7URL"; Value = "https://datasheet.ciiva.com/8021/1696501-8021149.pdf?src-supplier=Element14"; VariantName = "[No Variations]"
Add component (AddParameter): Name = "ComponentLink8Description"; Value = "https://datasheet.ciiva.com/16354/ts53y-16354136.pdf?src-supplier=Future+Electronics"; VariantName = "[No Variations]"
Add component (AddParameter): Name = "ComponentLink8URL"; Value = "https://datasheet.ciiva.com/16354/ts53y-16354136.pdf?src-supplier=Future+Electronics"; VariantName = "[No Variations]"
Add component (AddParameter): Name = "ComponentLink9Description"; Value = "https://datasheet.ciiva.com/16717/70218802-16717320.pdf?src-supplier=Allied+Electronics"; VariantName = "[No Variations]"
Add component (AddParameter): Name = "ComponentLink9URL"; Value = "https://datasheet.ciiva.com/16717/70218802-16717320.pdf?src-supplier=Allied+Electronics"; VariantName = "[No Variations]"
Add component (AddParameter): Name = "Construction"; Value = "Trimmer"; VariantName = "[No Variations]"
Add component (AddParameter): Name = "JESD-609 Code"; Value = "e3"; VariantName = "[No Variations]"
Add component (AddParameter): Name = "Manufacturer"; Value = "Vishay Sfernice"; VariantName = "[No Variations]"
Add component (AddParameter): Name = "Manufacturer Part Number"; Value = "TS53YL204MR10"; VariantName = "[No Variations]"
Add component (AddParameter): Name = "Max Operating Temperature"; Value = "125°C"; VariantName = "[No Variations]"
Add component (AddParameter): Name = "Min Operating Temperature"; Value = "-55°C"; VariantName = "[No Variations]"
Add component (AddParameter): Name = "Mounting Technology"; Value = "Surface Mount"; VariantName = "[No Variations]"
Add component (AddParameter): Name = "Number of Turns"; Value = "1"; VariantName = "[No Variations]"
Add component (AddParameter): Name = "Package Height"; Value = "2.7mm"; VariantName = "[No Variations]"
Add component (AddParameter): Name = "Package Length"; Value = "5mm"; VariantName = "[No Variations]"
Add component (AddParameter): Name = "Package Shape"; Value = "Rectangular"; VariantName = "[No Variations]"
Add component (AddParameter): Name = "Package Width"; Value = "5mm"; VariantName = "[No Variations]"
Add component (AddParameter): Name = "Packaging"; Value = "Tape and Reel"; VariantName = "[No Variations]"
Add component (AddParameter): Name = "Pins"; Value = "3"; VariantName = "[No Variations]"
Add component (AddParameter): Name = "Power"; Value = "250mW"; VariantName = "[No Variations]"
Add component (AddParameter): Name = "Pricing"; Value = "1=2.72, 10=2.29, 50=2.19, 100=1.9, 1000=1.56, 10000=1.34 (USD)"; VariantName = "[No Variations]"
Add component (AddParameter): Name = "Rated Temperature"; Value = "70°C"; VariantName = "[No Variations]"
Add component (AddParameter): Name = "Resistance Law"; Value = "Linear"; VariantName = "[No Variations]"
Add component (AddParameter): Name = "Resistor Type"; Value = "TRIMMER"; VariantName = "[No Variations]"
Add component (AddParameter): Name = "RoHS"; Value = "Yes"; VariantName = "[No Variations]"
Add component (AddParameter): Name = "RoHS Compliant"; Value = "Yes"; VariantName = "[No Variations]"
Add component (AddParameter): Name = "Rotational Angle"; Value = "220°"; VariantName = "[No Variations]"
Add component (AddParameter): Name = "Stock"; Value = "1294"; VariantName = "[No Variations]"
Add component (AddParameter): Name = "Supplier"; Value = "Mouser"; VariantName = "[No Variations]"
Add component (AddParameter): Name = "Supplier Part Number"; Value = "72-TS53YL-200K"; VariantName = "[No Variations]"
Add component (AddParameter): Name = "Technology"; Value = "CERMET"; VariantName = "[No Variations]"
Add component (AddParameter): Name = "Temperature Coefficient (ppm/Cel)"; Value = "-100,100"; VariantName = "[No Variations]"
Add component (AddParameter): Name = "Terminal Finish"; Value = "Tin"; VariantName = "[No Variations]"
Add component (AddParameter): Name = "Termination"; Value = "Gull Wing"; VariantName = "[No Variations]"
Add component (AddParameter): Name = "Tolerance"; Value = "20%"; VariantName = "[No Variations]"
Add component (AddParameter): Name = "Value"; Value = "200kR"; VariantName = "[No Variations]"
Add component (AddParameter): Name = "Working Voltage"; Value = "200V"; VariantName = "[No Variations]"
Added Component: Designator=VR3(TS53YL)
Add component (AddParameter): Name = "Actuator Orientation"; Value = "Vertical"; VariantName = "[No Variations]"
Add component (AddParameter): Name = "Actuator Type"; Value = "SCREW"; VariantName = "[No Variations]"
Add component (AddParameter): Name = "Case/Package"; Value = "2020"; VariantName = "[No Variations]"
Add component (AddParameter): Name = "Category"; Value = "Variable Resistors and Potentiometers"; VariantName = "[No Variations]"
Add component (AddParameter): Name = "ComponentLink1Description"; Value = "https://datasheet.ciiva.com:443/pdfs/VipMasterIC/IC/VISH/VISH-S-A0007084328/VISH-S-A0007084328-1.pdf?src-supplier=IHS+Markit"; VariantName = "[No Variations]"
Add component (AddParameter): Name = "ComponentLink1URL"; Value = "https://datasheet.ciiva.com:443/pdfs/VipMasterIC/IC/VISH/VISH-S-A0007084328/VISH-S-A0007084328-1.pdf?src-supplier=IHS+Markit"; VariantName = "[No Variations]"
Add component (AddParameter): Name = "ComponentLink2Description"; Value = "https://datasheet.ciiva.com/11831/0900766b80442f56-11831972.pdf?src-supplier=Rs"; VariantName = "[No Variations]"
Add component (AddParameter): Name = "ComponentLink2URL"; Value = "https://datasheet.ciiva.com/11831/0900766b80442f56-11831972.pdf?src-supplier=Rs"; VariantName = "[No Variations]"
Add component (AddParameter): Name = "ComponentLink3Description"; Value = "https://datasheet.ciiva.com/2158/ts53y-2158713.pdf?src-supplier=Digikey"; VariantName = "[No Variations]"
Add component (AddParameter): Name = "ComponentLink3URL"; Value = "https://datasheet.ciiva.com/2158/ts53y-2158713.pdf?src-supplier=Digikey"; VariantName = "[No Variations]"
Add component (AddParameter): Name = "ComponentLink4Description"; Value = "https://datasheet.ciiva.com/2158/ts53y-2158714.pdf?src-supplier=Digikey"; VariantName = "[No Variations]"
Add component (AddParameter): Name = "ComponentLink4URL"; Value = "https://datasheet.ciiva.com/2158/ts53y-2158714.pdf?src-supplier=Digikey"; VariantName = "[No Variations]"
Add component (AddParameter): Name = "ComponentLink5Description"; Value = "https://datasheet.ciiva.com/2158/ts53y-2158715.pdf?src-supplier=Digikey"; VariantName = "[No Variations]"
Add component (AddParameter): Name = "ComponentLink5URL"; Value = "https://datasheet.ciiva.com/2158/ts53y-2158715.pdf?src-supplier=Digikey"; VariantName = "[No Variations]"
Add component (AddParameter): Name = "ComponentLink6Description"; Value = "https://datasheet.ciiva.com/16335/ts53y-16335610.pdf?src-supplier=Future+Electronics"; VariantName = "[No Variations]"
Add component (AddParameter): Name = "ComponentLink6URL"; Value = "https://datasheet.ciiva.com/16335/ts53y-16335610.pdf?src-supplier=Future+Electronics"; VariantName = "[No Variations]"
Add component (AddParameter): Name = "ComponentLink7Description"; Value = "https://datasheet.ciiva.com/16716/70218802-16716971.pdf?src-supplier=Allied+Electronics"; VariantName = "[No Variations]"
Add component (AddParameter): Name = "ComponentLink7URL"; Value = "https://datasheet.ciiva.com/16716/70218802-16716971.pdf?src-supplier=Allied+Electronics"; VariantName = "[No Variations]"
Add component (AddParameter): Name = "ComponentLink8Description"; Value = "https://datasheet.ciiva.com/22715/1696501-22715039.pdf?src-supplier=Element14"; VariantName = "[No Variations]"
Add component (AddParameter): Name = "ComponentLink8URL"; Value = "https://datasheet.ciiva.com/22715/1696501-22715039.pdf?src-supplier=Element14"; VariantName = "[No Variations]"
Add component (AddParameter): Name = "Construction"; Value = "Trimmer"; VariantName = "[No Variations]"
Add component (AddParameter): Name = "JESD-609 Code"; Value = "e3"; VariantName = "[No Variations]"
Add component (AddParameter): Name = "Manufacturer"; Value = "Vishay"; VariantName = "[No Variations]"
Add component (AddParameter): Name = "Manufacturer Part Number"; Value = "TS53YL102MR10"; VariantName = "[No Variations]"
Add component (AddParameter): Name = "Max Operating Temperature"; Value = "125°C"; VariantName = "[No Variations]"
Add component (AddParameter): Name = "Min Operating Temperature"; Value = "-55°C"; VariantName = "[No Variations]"
Add component (AddParameter): Name = "Mounting Technology"; Value = "Surface Mount"; VariantName = "[No Variations]"
Add component (AddParameter): Name = "Number of Turns"; Value = "1"; VariantName = "[No Variations]"
Add component (AddParameter): Name = "Package Height"; Value = "2.7mm"; VariantName = "[No Variations]"
Add component (AddParameter): Name = "Package Length"; Value = "5mm"; VariantName = "[No Variations]"
Add component (AddParameter): Name = "Package Shape"; Value = "Rectangular"; VariantName = "[No Variations]"
Add component (AddParameter): Name = "Package Width"; Value = "5mm"; VariantName = "[No Variations]"
Add component (AddParameter): Name = "Packaging"; Value = "Tape and Reel"; VariantName = "[No Variations]"
Add component (AddParameter): Name = "Pins"; Value = "3"; VariantName = "[No Variations]"
Add component (AddParameter): Name = "Power"; Value = "250mW"; VariantName = "[No Variations]"
Add component (AddParameter): Name = "Pricing"; Value = "1=2.72, 10=2.29, 50=2.29, 100=1.93, 1000=1.56, 10000=1.42 (USD)"; VariantName = "[No Variations]"
Add component (AddParameter): Name = "Rated Temperature"; Value = "70°C"; VariantName = "[No Variations]"
Add component (AddParameter): Name = "Reach SVHC Compliant"; Value = "Yes"; VariantName = "[No Variations]"
Add component (AddParameter): Name = "Resistance Law"; Value = "Linear"; VariantName = "[No Variations]"
Add component (AddParameter): Name = "Resistor Type"; Value = "TRIMMER"; VariantName = "[No Variations]"
Add component (AddParameter): Name = "RoHS"; Value = "Yes"; VariantName = "[No Variations]"
Add component (AddParameter): Name = "RoHS Compliant"; Value = "Yes"; VariantName = "[No Variations]"
Add component (AddParameter): Name = "Rotational Angle"; Value = "220°"; VariantName = "[No Variations]"
Add component (AddParameter): Name = "Stock"; Value = "1337"; VariantName = "[No Variations]"
Add component (AddParameter): Name = "Supplier"; Value = "Mouser"; VariantName = "[No Variations]"
Add component (AddParameter): Name = "Supplier Part Number"; Value = "72-TS53YL-1K"; VariantName = "[No Variations]"
Add component (AddParameter): Name = "Technology"; Value = "CERMET"; VariantName = "[No Variations]"
Add component (AddParameter): Name = "Temperature Coefficient (ppm/Cel)"; Value = "-100,100"; VariantName = "[No Variations]"
Add component (AddParameter): Name = "Terminal Finish"; Value = "Tin"; VariantName = "[No Variations]"
Add component (AddParameter): Name = "Termination"; Value = "Gull Wing"; VariantName = "[No Variations]"
Add component (AddParameter): Name = "Tolerance"; Value = "20%"; VariantName = "[No Variations]"
Add component (AddParameter): Name = "Value"; Value = "1kR"; VariantName = "[No Variations]"
Add component (AddParameter): Name = "Working Voltage"; Value = "15.8V"; VariantName = "[No Variations]"
Added Pin To Net: NetName=ADC_IN Pin=J3-6
Added Pin To Net: NetName=ADC_IN Pin=JP4-2
Added Net: Name=ADC_IN
Added Pin To Net: NetName=BUTTON Pin=J6-4
Added Pin To Net: NetName=BUTTON Pin=JP13-2
Added Net: Name=BUTTON
Added Pin To Net: NetName=DAC_OUT Pin=J6-3
Added Pin To Net: NetName=DAC_OUT Pin=JP9-1
Added Net: Name=DAC_OUT
Added Pin To Net: NetName=ENC_A Pin=J6-1
Added Pin To Net: NetName=ENC_A Pin=JP12-1
Added Net: Name=ENC_A
Added Pin To Net: NetName=ENC_B Pin=J6-2
Added Pin To Net: NetName=ENC_B Pin=JP14-1
Added Net: Name=ENC_B
Added Pin To Net: NetName=GND Pin=C2-1
Added Pin To Net: NetName=GND Pin=C5-1
Added Pin To Net: NetName=GND Pin=C6-1
Added Pin To Net: NetName=GND Pin=C7-1
Added Pin To Net: NetName=GND Pin=C10-1
Added Pin To Net: NetName=GND Pin=C11-1
Added Pin To Net: NetName=GND Pin=C12-1
Added Pin To Net: NetName=GND Pin=C13-1
Added Pin To Net: NetName=GND Pin=C14-1
Added Pin To Net: NetName=GND Pin=D1-2
Added Pin To Net: NetName=GND Pin=D2-1
Added Pin To Net: NetName=GND Pin=ENC1-2
Added Pin To Net: NetName=GND Pin=ENC1-5
Added Pin To Net: NetName=GND Pin=J1-4
Added Pin To Net: NetName=GND Pin=J2-4
Added Pin To Net: NetName=GND Pin=J3-4
Added Pin To Net: NetName=GND Pin=J4-6
Added Pin To Net: NetName=GND Pin=J4-7
Added Pin To Net: NetName=GND Pin=U1-4
Added Pin To Net: NetName=GND Pin=U2-4
Added Pin To Net: NetName=GND Pin=VR2-1
Added Pin To Net: NetName=GND Pin=VR3-1
Added Net: Name=GND
Added Pin To Net: NetName=INPUT_PWR Pin=C5-2
Added Pin To Net: NetName=INPUT_PWR Pin=JP2-1
Added Pin To Net: NetName=INPUT_PWR Pin=U1-8
Added Net: Name=INPUT_PWR
Added Pin To Net: NetName=LEFT Pin=J1-2
Added Pin To Net: NetName=LEFT Pin=J2-2
Added Net: Name=LEFT
Added Pin To Net: NetName=MIC_PWR Pin=JP1-1
Added Pin To Net: NetName=MIC_PWR Pin=R1-2
Added Net: Name=MIC_PWR
Added Pin To Net: NetName=NetC1_1 Pin=C1-1
Added Pin To Net: NetName=NetC1_1 Pin=C3-2
Added Pin To Net: NetName=NetC1_1 Pin=U1-6
Added Pin To Net: NetName=NetC1_1 Pin=VR1-3
Added Net: Name=NetC1_1
Added Pin To Net: NetName=NetC1_2 Pin=C1-2
Added Pin To Net: NetName=NetC1_2 Pin=JP5-1
Added Pin To Net: NetName=NetC1_2 Pin=U1-7
Added Pin To Net: NetName=NetC1_2 Pin=VR1-1
Added Pin To Net: NetName=NetC1_2 Pin=VR1-2
Added Net: Name=NetC1_2
Added Pin To Net: NetName=NetC2_2 Pin=C2-2
Added Pin To Net: NetName=NetC2_2 Pin=R1-1
Added Pin To Net: NetName=NetC2_2 Pin=R2-2
Added Net: Name=NetC2_2
Added Pin To Net: NetName=NetC3_1 Pin=C3-1
Added Pin To Net: NetName=NetC3_1 Pin=JP3-2
Added Net: Name=NetC3_1
Added Pin To Net: NetName=NetC4_1 Pin=C4-1
Added Pin To Net: NetName=NetC4_1 Pin=R3-2
Added Pin To Net: NetName=NetC4_1 Pin=R4-1
Added Net: Name=NetC4_1
Added Pin To Net: NetName=NetC4_2 Pin=C4-2
Added Pin To Net: NetName=NetC4_2 Pin=JP4-1
Added Pin To Net: NetName=NetC4_2 Pin=U1-1
Added Pin To Net: NetName=NetC4_2 Pin=U1-2
Added Net: Name=NetC4_2
Added Pin To Net: NetName=NetC6_2 Pin=C6-2
Added Pin To Net: NetName=NetC6_2 Pin=R4-2
Added Pin To Net: NetName=NetC6_2 Pin=U1-3
Added Net: Name=NetC6_2
Added Pin To Net: NetName=NetC7_2 Pin=C7-2
Added Pin To Net: NetName=NetC7_2 Pin=U1-5
Added Pin To Net: NetName=NetC7_2 Pin=VR2-2
Added Net: Name=NetC7_2
Added Pin To Net: NetName=NetC8_1 Pin=C8-1
Added Pin To Net: NetName=NetC8_1 Pin=R5-2
Added Net: Name=NetC8_1
Added Pin To Net: NetName=NetC8_2 Pin=C8-2
Added Pin To Net: NetName=NetC8_2 Pin=J2-1
Added Net: Name=NetC8_2
Added Pin To Net: NetName=NetC9_1 Pin=C9-1
Added Pin To Net: NetName=NetC9_1 Pin=R6-2
Added Pin To Net: NetName=NetC9_1 Pin=R7-1
Added Net: Name=NetC9_1
Added Pin To Net: NetName=NetC9_2 Pin=C9-2
Added Pin To Net: NetName=NetC9_2 Pin=JP8-1
Added Pin To Net: NetName=NetC9_2 Pin=U2-1
Added Pin To Net: NetName=NetC9_2 Pin=U2-2
Added Net: Name=NetC9_2
Added Pin To Net: NetName=NetC11_2 Pin=C11-2
Added Pin To Net: NetName=NetC11_2 Pin=R7-2
Added Pin To Net: NetName=NetC11_2 Pin=U2-3
Added Net: Name=NetC11_2
Added Pin To Net: NetName=NetC12_2 Pin=C12-2
Added Pin To Net: NetName=NetC12_2 Pin=JP13-1
Added Pin To Net: NetName=NetC12_2 Pin=R12-2
Added Net: Name=NetC12_2
Added Pin To Net: NetName=NetC13_2 Pin=C13-2
Added Pin To Net: NetName=NetC13_2 Pin=JP12-2
Added Pin To Net: NetName=NetC13_2 Pin=R11-1
Added Net: Name=NetC13_2
Added Pin To Net: NetName=NetC14_2 Pin=C14-2
Added Pin To Net: NetName=NetC14_2 Pin=JP14-2
Added Pin To Net: NetName=NetC14_2 Pin=R13-1
Added Net: Name=NetC14_2
Added Pin To Net: NetName=NetD1_1 Pin=D1-1
Added Pin To Net: NetName=NetD1_1 Pin=JP10-1
Added Net: Name=NetD1_1
Added Pin To Net: NetName=NetD2_2 Pin=D2-2
Added Pin To Net: NetName=NetD2_2 Pin=JP11-1
Added Net: Name=NetD2_2
Added Pin To Net: NetName=NetENC1_1 Pin=ENC1-1
Added Pin To Net: NetName=NetENC1_1 Pin=R10-1
Added Pin To Net: NetName=NetENC1_1 Pin=R12-1
Added Net: Name=NetENC1_1
Added Pin To Net: NetName=NetENC1_3 Pin=ENC1-3
Added Pin To Net: NetName=NetENC1_3 Pin=R8-1
Added Pin To Net: NetName=NetENC1_3 Pin=R11-2
Added Net: Name=NetENC1_3
Added Pin To Net: NetName=NetENC1_4 Pin=ENC1-4
Added Pin To Net: NetName=NetENC1_4 Pin=R9-1
Added Pin To Net: NetName=NetENC1_4 Pin=R13-2
Added Net: Name=NetENC1_4
Added Pin To Net: NetName=NetJ1_1 Pin=J1-1
Added Pin To Net: NetName=NetJ1_1 Pin=JP3-1
Added Pin To Net: NetName=NetJ1_1 Pin=R2-1
Added Net: Name=NetJ1_1
Added Pin To Net: NetName=NetJP5_2 Pin=JP5-2
Added Pin To Net: NetName=NetJP5_2 Pin=R3-1
Added Net: Name=NetJP5_2
Added Pin To Net: NetName=NetJP7_1 Pin=JP7-1
Added Pin To Net: NetName=NetJP7_1 Pin=JP10-2
Added Pin To Net: NetName=NetJP7_1 Pin=JP11-2
Added Pin To Net: NetName=NetJP7_1 Pin=U2-6
Added Pin To Net: NetName=NetJP7_1 Pin=U2-7
Added Net: Name=NetJP7_1
Added Pin To Net: NetName=NetJP7_2 Pin=JP7-2
Added Pin To Net: NetName=NetJP7_2 Pin=R5-1
Added Net: Name=NetJP7_2
Added Pin To Net: NetName=NetJP8_2 Pin=JP8-2
Added Pin To Net: NetName=NetJP8_2 Pin=VR3-3
Added Net: Name=NetJP8_2
Added Pin To Net: NetName=NetJP9_2 Pin=JP9-2
Added Pin To Net: NetName=NetJP9_2 Pin=R6-1
Added Net: Name=NetJP9_2
Added Pin To Net: NetName=NetTP9_0 Pin=U2-5
Added Pin To Net: NetName=NetTP9_0 Pin=VR3-2
Added Net: Name=NetTP9_0
Added Pin To Net: NetName=OUTPUT_PWR Pin=C10-2
Added Pin To Net: NetName=OUTPUT_PWR Pin=JP6-1
Added Pin To Net: NetName=OUTPUT_PWR Pin=U2-8
Added Net: Name=OUTPUT_PWR
Added Pin To Net: NetName=RIGHT Pin=J1-3
Added Pin To Net: NetName=RIGHT Pin=J2-3
Added Net: Name=RIGHT
Added Pin To Net: NetName=VCC Pin=J3-3
Added Pin To Net: NetName=VCC Pin=J4-4
Added Pin To Net: NetName=VCC Pin=JP1-2
Added Pin To Net: NetName=VCC Pin=JP2-2
Added Pin To Net: NetName=VCC Pin=JP6-2
Added Pin To Net: NetName=VCC Pin=R8-2
Added Pin To Net: NetName=VCC Pin=R9-2
Added Pin To Net: NetName=VCC Pin=R10-2
Added Pin To Net: NetName=VCC Pin=VR2-3
Added Net: Name=VCC
Added Rule: Name=Schematic Supply Nets
Added Rule: Name=Schematic Supply Nets_1
