ISO-10303-21;
HEADER;
/* Generated by software containing ST-Developer
 * from STEP Tools, Inc. (www.steptools.com) 
 */

FILE_DESCRIPTION(
/* description */ (''),
/* implementation_level */ '2;1');

FILE_NAME(
/* name */ 'J:\\Vishay\\TS53YL\\TS53YL.stp',
/* time_stamp */ '2023-01-10T22:24:54+02:00',
/* author */ ('khaled'),
/* organization */ (''),
/* preprocessor_version */ 'ST-DEVELOPER v17',
/* originating_system */ 'Autodesk Inventor 2019',
/* authorisation */ '');

FILE_SCHEMA (('AUTOMOTIVE_DESIGN { 1 0 10303 214 3 1 1 }'));
ENDSEC;

DATA;
#10=MECHANICAL_DESIGN_GEOMETRIC_PRESENTATION_REPRESENTATION('',(#2482,#2483,
#2484,#2485,#2486,#2487,#2488,#2489,#2490,#2491,#2492,#2493,#2494,#2495,
#2496,#2497,#2498,#2499),#4563);
#11=B_SPLINE_CURVE_WITH_KNOTS('',3,(#4109,#4110,#4111,#4112),
 .UNSPECIFIED.,.F.,.F.,(4,4),(0.,1.),.UNSPECIFIED.);
#12=B_SPLINE_CURVE_WITH_KNOTS('',3,(#4115,#4116,#4117,#4118),
 .UNSPECIFIED.,.F.,.F.,(4,4),(0.,1.),.UNSPECIFIED.);
#13=B_SPLINE_CURVE_WITH_KNOTS('',3,(#4128,#4129,#4130,#4131),
 .UNSPECIFIED.,.F.,.F.,(4,4),(0.,1.),.UNSPECIFIED.);
#14=B_SPLINE_CURVE_WITH_KNOTS('',3,(#4134,#4135,#4136,#4137),
 .UNSPECIFIED.,.F.,.F.,(4,4),(0.,1.),.UNSPECIFIED.);
#15=B_SPLINE_CURVE_WITH_KNOTS('',3,(#4147,#4148,#4149,#4150),
 .UNSPECIFIED.,.F.,.F.,(4,4),(0.,1.),.UNSPECIFIED.);
#16=B_SPLINE_CURVE_WITH_KNOTS('',3,(#4153,#4154,#4155,#4156),
 .UNSPECIFIED.,.F.,.F.,(4,4),(0.,1.),.UNSPECIFIED.);
#17=B_SPLINE_CURVE_WITH_KNOTS('',3,(#4166,#4167,#4168,#4169),
 .UNSPECIFIED.,.F.,.F.,(4,4),(0.,1.),.UNSPECIFIED.);
#18=B_SPLINE_CURVE_WITH_KNOTS('',3,(#4172,#4173,#4174,#4175),
 .UNSPECIFIED.,.F.,.F.,(4,4),(0.,1.),.UNSPECIFIED.);
#19=B_SPLINE_CURVE_WITH_KNOTS('',3,(#4185,#4186,#4187,#4188),
 .UNSPECIFIED.,.F.,.F.,(4,4),(0.,1.),.UNSPECIFIED.);
#20=B_SPLINE_CURVE_WITH_KNOTS('',3,(#4191,#4192,#4193,#4194),
 .UNSPECIFIED.,.F.,.F.,(4,4),(0.,1.),.UNSPECIFIED.);
#21=B_SPLINE_CURVE_WITH_KNOTS('',3,(#4204,#4205,#4206,#4207),
 .UNSPECIFIED.,.F.,.F.,(4,4),(0.,1.),.UNSPECIFIED.);
#22=B_SPLINE_CURVE_WITH_KNOTS('',3,(#4210,#4211,#4212,#4213),
 .UNSPECIFIED.,.F.,.F.,(4,4),(0.,1.),.UNSPECIFIED.);
#23=B_SPLINE_CURVE_WITH_KNOTS('',3,(#4229,#4230,#4231,#4232),
 .UNSPECIFIED.,.F.,.F.,(4,4),(0.,1.),.UNSPECIFIED.);
#24=B_SPLINE_CURVE_WITH_KNOTS('',3,(#4235,#4236,#4237,#4238),
 .UNSPECIFIED.,.F.,.F.,(4,4),(0.,1.),.UNSPECIFIED.);
#25=B_SPLINE_CURVE_WITH_KNOTS('',3,(#4248,#4249,#4250,#4251),
 .UNSPECIFIED.,.F.,.F.,(4,4),(0.,1.),.UNSPECIFIED.);
#26=B_SPLINE_CURVE_WITH_KNOTS('',3,(#4254,#4255,#4256,#4257),
 .UNSPECIFIED.,.F.,.F.,(4,4),(0.,1.),.UNSPECIFIED.);
#27=B_SPLINE_CURVE_WITH_KNOTS('',3,(#4267,#4268,#4269,#4270),
 .UNSPECIFIED.,.F.,.F.,(4,4),(0.,1.),.UNSPECIFIED.);
#28=B_SPLINE_CURVE_WITH_KNOTS('',3,(#4273,#4274,#4275,#4276),
 .UNSPECIFIED.,.F.,.F.,(4,4),(0.,1.),.UNSPECIFIED.);
#29=B_SPLINE_CURVE_WITH_KNOTS('',3,(#4286,#4287,#4288,#4289),
 .UNSPECIFIED.,.F.,.F.,(4,4),(0.,1.),.UNSPECIFIED.);
#30=B_SPLINE_CURVE_WITH_KNOTS('',3,(#4292,#4293,#4294,#4295),
 .UNSPECIFIED.,.F.,.F.,(4,4),(0.,1.),.UNSPECIFIED.);
#31=B_SPLINE_CURVE_WITH_KNOTS('',3,(#4305,#4306,#4307,#4308),
 .UNSPECIFIED.,.F.,.F.,(4,4),(0.,1.),.UNSPECIFIED.);
#32=B_SPLINE_CURVE_WITH_KNOTS('',3,(#4311,#4312,#4313,#4314),
 .UNSPECIFIED.,.F.,.F.,(4,4),(0.,1.),.UNSPECIFIED.);
#33=B_SPLINE_CURVE_WITH_KNOTS('',3,(#4324,#4325,#4326,#4327),
 .UNSPECIFIED.,.F.,.F.,(4,4),(0.,1.),.UNSPECIFIED.);
#34=B_SPLINE_CURVE_WITH_KNOTS('',3,(#4330,#4331,#4332,#4333),
 .UNSPECIFIED.,.F.,.F.,(4,4),(0.,1.),.UNSPECIFIED.);
#35=B_SPLINE_SURFACE_WITH_KNOTS('',3,1,((#4097,#4098),(#4099,#4100),(#4101,
#4102),(#4103,#4104)),.UNSPECIFIED.,.F.,.F.,.F.,(4,4),(2,2),(0.,1.),(0.,
0.00036),.UNSPECIFIED.);
#36=B_SPLINE_SURFACE_WITH_KNOTS('',3,1,((#4119,#4120),(#4121,#4122),(#4123,
#4124),(#4125,#4126)),.UNSPECIFIED.,.F.,.F.,.F.,(4,4),(2,2),(0.,1.),(0.,
0.00036),.UNSPECIFIED.);
#37=B_SPLINE_SURFACE_WITH_KNOTS('',3,1,((#4138,#4139),(#4140,#4141),(#4142,
#4143),(#4144,#4145)),.UNSPECIFIED.,.F.,.F.,.F.,(4,4),(2,2),(0.,1.),(0.,
0.00036),.UNSPECIFIED.);
#38=B_SPLINE_SURFACE_WITH_KNOTS('',3,1,((#4157,#4158),(#4159,#4160),(#4161,
#4162),(#4163,#4164)),.UNSPECIFIED.,.F.,.F.,.F.,(4,4),(2,2),(0.,1.),(0.,
0.00036),.UNSPECIFIED.);
#39=B_SPLINE_SURFACE_WITH_KNOTS('',3,1,((#4176,#4177),(#4178,#4179),(#4180,
#4181),(#4182,#4183)),.UNSPECIFIED.,.F.,.F.,.F.,(4,4),(2,2),(0.,1.),(0.,
0.00036),.UNSPECIFIED.);
#40=B_SPLINE_SURFACE_WITH_KNOTS('',3,1,((#4195,#4196),(#4197,#4198),(#4199,
#4200),(#4201,#4202)),.UNSPECIFIED.,.F.,.F.,.F.,(4,4),(2,2),(0.,1.),(0.,
0.00036),.UNSPECIFIED.);
#41=B_SPLINE_SURFACE_WITH_KNOTS('',3,1,((#4220,#4221),(#4222,#4223),(#4224,
#4225),(#4226,#4227)),.UNSPECIFIED.,.F.,.F.,.F.,(4,4),(2,2),(0.,1.),(0.,
0.00036),.UNSPECIFIED.);
#42=B_SPLINE_SURFACE_WITH_KNOTS('',3,1,((#4239,#4240),(#4241,#4242),(#4243,
#4244),(#4245,#4246)),.UNSPECIFIED.,.F.,.F.,.F.,(4,4),(2,2),(0.,1.),(0.,
0.00036),.UNSPECIFIED.);
#43=B_SPLINE_SURFACE_WITH_KNOTS('',3,1,((#4258,#4259),(#4260,#4261),(#4262,
#4263),(#4264,#4265)),.UNSPECIFIED.,.F.,.F.,.F.,(4,4),(2,2),(0.,1.),(0.,
0.00036),.UNSPECIFIED.);
#44=B_SPLINE_SURFACE_WITH_KNOTS('',3,1,((#4277,#4278),(#4279,#4280),(#4281,
#4282),(#4283,#4284)),.UNSPECIFIED.,.F.,.F.,.F.,(4,4),(2,2),(0.,1.),(0.,
0.00036),.UNSPECIFIED.);
#45=B_SPLINE_SURFACE_WITH_KNOTS('',3,1,((#4296,#4297),(#4298,#4299),(#4300,
#4301),(#4302,#4303)),.UNSPECIFIED.,.F.,.F.,.F.,(4,4),(2,2),(0.,1.),(0.,
0.00036),.UNSPECIFIED.);
#46=B_SPLINE_SURFACE_WITH_KNOTS('',3,1,((#4315,#4316),(#4317,#4318),(#4319,
#4320),(#4321,#4322)),.UNSPECIFIED.,.F.,.F.,.F.,(4,4),(2,2),(0.,1.),(0.,
0.00036),.UNSPECIFIED.);
#47=ITEM_DEFINED_TRANSFORMATION($,$,#2836,#2913);
#48=ITEM_DEFINED_TRANSFORMATION($,$,#2857,#2914);
#49=ITEM_DEFINED_TRANSFORMATION($,$,#2882,#2915);
#50=ITEM_DEFINED_TRANSFORMATION($,$,#2897,#2916);
#51=ITEM_DEFINED_TRANSFORMATION($,$,#2835,#2994);
#52=ITEM_DEFINED_TRANSFORMATION($,$,#2917,#2995);
#53=ITEM_DEFINED_TRANSFORMATION($,$,#2923,#2996);
#54=(
REPRESENTATION_RELATIONSHIP($,$,#4593,#4592)
REPRESENTATION_RELATIONSHIP_WITH_TRANSFORMATION(#47)
SHAPE_REPRESENTATION_RELATIONSHIP()
);
#55=(
REPRESENTATION_RELATIONSHIP($,$,#4594,#4592)
REPRESENTATION_RELATIONSHIP_WITH_TRANSFORMATION(#48)
SHAPE_REPRESENTATION_RELATIONSHIP()
);
#56=(
REPRESENTATION_RELATIONSHIP($,$,#4595,#4592)
REPRESENTATION_RELATIONSHIP_WITH_TRANSFORMATION(#49)
SHAPE_REPRESENTATION_RELATIONSHIP()
);
#57=(
REPRESENTATION_RELATIONSHIP($,$,#4596,#4592)
REPRESENTATION_RELATIONSHIP_WITH_TRANSFORMATION(#50)
SHAPE_REPRESENTATION_RELATIONSHIP()
);
#58=(
REPRESENTATION_RELATIONSHIP($,$,#4592,#4591)
REPRESENTATION_RELATIONSHIP_WITH_TRANSFORMATION(#51)
SHAPE_REPRESENTATION_RELATIONSHIP()
);
#59=(
REPRESENTATION_RELATIONSHIP($,$,#4597,#4591)
REPRESENTATION_RELATIONSHIP_WITH_TRANSFORMATION(#52)
SHAPE_REPRESENTATION_RELATIONSHIP()
);
#60=(
REPRESENTATION_RELATIONSHIP($,$,#4598,#4591)
REPRESENTATION_RELATIONSHIP_WITH_TRANSFORMATION(#53)
SHAPE_REPRESENTATION_RELATIONSHIP()
);
#61=CONTEXT_DEPENDENT_SHAPE_REPRESENTATION(#54,#4582);
#62=CONTEXT_DEPENDENT_SHAPE_REPRESENTATION(#55,#4583);
#63=CONTEXT_DEPENDENT_SHAPE_REPRESENTATION(#56,#4584);
#64=CONTEXT_DEPENDENT_SHAPE_REPRESENTATION(#57,#4585);
#65=CONTEXT_DEPENDENT_SHAPE_REPRESENTATION(#58,#4588);
#66=CONTEXT_DEPENDENT_SHAPE_REPRESENTATION(#59,#4589);
#67=CONTEXT_DEPENDENT_SHAPE_REPRESENTATION(#60,#4590);
#68=NEXT_ASSEMBLY_USAGE_OCCURRENCE('1:1','1:1','1:1',#4601,#4602,'1:1');
#69=NEXT_ASSEMBLY_USAGE_OCCURRENCE('2:1','2:1','2:1',#4601,#4603,'2:1');
#70=NEXT_ASSEMBLY_USAGE_OCCURRENCE('3:1','3:1','3:1',#4601,#4604,'3:1');
#71=NEXT_ASSEMBLY_USAGE_OCCURRENCE('4:1','4:1','4:1',#4601,#4605,'4:1');
#72=NEXT_ASSEMBLY_USAGE_OCCURRENCE('1:1','1:1','1:1',#4600,#4601,'1:1');
#73=NEXT_ASSEMBLY_USAGE_OCCURRENCE('circle:1','circle:1','circle:1',#4600,
#4606,'circle:1');
#74=NEXT_ASSEMBLY_USAGE_OCCURRENCE('Vishay:1','Vishay:1','Vishay:1',#4600,
#4607,'Vishay:1');
#75=SHAPE_REPRESENTATION_RELATIONSHIP('SRR','None',#4593,#81);
#76=SHAPE_REPRESENTATION_RELATIONSHIP('SRR','None',#4594,#82);
#77=SHAPE_REPRESENTATION_RELATIONSHIP('SRR','None',#4595,#83);
#78=SHAPE_REPRESENTATION_RELATIONSHIP('SRR','None',#4596,#84);
#79=SHAPE_REPRESENTATION_RELATIONSHIP('SRR','None',#4597,#85);
#80=SHAPE_REPRESENTATION_RELATIONSHIP('SRR','None',#4598,#86);
#81=ADVANCED_BREP_SHAPE_REPRESENTATION('',(#87),#4557);
#82=ADVANCED_BREP_SHAPE_REPRESENTATION('',(#88,#89,#90),#4558);
#83=ADVANCED_BREP_SHAPE_REPRESENTATION('',(#91),#4559);
#84=ADVANCED_BREP_SHAPE_REPRESENTATION('',(#92),#4560);
#85=ADVANCED_BREP_SHAPE_REPRESENTATION('',(#93),#4561);
#86=ADVANCED_BREP_SHAPE_REPRESENTATION('',(#94,#95,#96,#97,#98,#99,#100,
#101),#4562);
#87=MANIFOLD_SOLID_BREP('Solid1',#2648);
#88=MANIFOLD_SOLID_BREP('Solid2',#2649);
#89=MANIFOLD_SOLID_BREP('Solid2',#2650);
#90=MANIFOLD_SOLID_BREP('Solid2',#2651);
#91=MANIFOLD_SOLID_BREP('Solid2',#2652);
#92=MANIFOLD_SOLID_BREP('Solid2',#2653);
#93=MANIFOLD_SOLID_BREP('Solid1',#2654);
#94=MANIFOLD_SOLID_BREP('Solid1',#2655);
#95=MANIFOLD_SOLID_BREP('Solid2',#2656);
#96=MANIFOLD_SOLID_BREP('Solid3',#2657);
#97=MANIFOLD_SOLID_BREP('Solid4',#2658);
#98=MANIFOLD_SOLID_BREP('Solid5',#2659);
#99=MANIFOLD_SOLID_BREP('Solid6',#2660);
#100=MANIFOLD_SOLID_BREP('Solid7',#2661);
#101=MANIFOLD_SOLID_BREP('Solid8',#2662);
#102=FACE_BOUND('',#391,.T.);
#103=FACE_BOUND('',#433,.T.);
#104=FACE_BOUND('',#441,.T.);
#105=FACE_BOUND('',#446,.T.);
#106=FACE_BOUND('',#528,.T.);
#107=FACE_BOUND('',#530,.T.);
#108=PLANE('',#2842);
#109=PLANE('',#2843);
#110=PLANE('',#2844);
#111=PLANE('',#2845);
#112=PLANE('',#2846);
#113=PLANE('',#2847);
#114=PLANE('',#2848);
#115=PLANE('',#2849);
#116=PLANE('',#2850);
#117=PLANE('',#2851);
#118=PLANE('',#2852);
#119=PLANE('',#2853);
#120=PLANE('',#2854);
#121=PLANE('',#2855);
#122=PLANE('',#2856);
#123=PLANE('',#2858);
#124=PLANE('',#2859);
#125=PLANE('',#2860);
#126=PLANE('',#2861);
#127=PLANE('',#2862);
#128=PLANE('',#2863);
#129=PLANE('',#2864);
#130=PLANE('',#2865);
#131=PLANE('',#2866);
#132=PLANE('',#2867);
#133=PLANE('',#2868);
#134=PLANE('',#2869);
#135=PLANE('',#2870);
#136=PLANE('',#2871);
#137=PLANE('',#2872);
#138=PLANE('',#2873);
#139=PLANE('',#2874);
#140=PLANE('',#2875);
#141=PLANE('',#2876);
#142=PLANE('',#2877);
#143=PLANE('',#2878);
#144=PLANE('',#2879);
#145=PLANE('',#2880);
#146=PLANE('',#2881);
#147=PLANE('',#2883);
#148=PLANE('',#2884);
#149=PLANE('',#2885);
#150=PLANE('',#2886);
#151=PLANE('',#2888);
#152=PLANE('',#2889);
#153=PLANE('',#2890);
#154=PLANE('',#2894);
#155=PLANE('',#2895);
#156=PLANE('',#2896);
#157=PLANE('',#2898);
#158=PLANE('',#2899);
#159=PLANE('',#2900);
#160=PLANE('',#2901);
#161=PLANE('',#2903);
#162=PLANE('',#2904);
#163=PLANE('',#2905);
#164=PLANE('',#2906);
#165=PLANE('',#2910);
#166=PLANE('',#2911);
#167=PLANE('',#2912);
#168=PLANE('',#2921);
#169=PLANE('',#2922);
#170=PLANE('',#2924);
#171=PLANE('',#2925);
#172=PLANE('',#2926);
#173=PLANE('',#2927);
#174=PLANE('',#2928);
#175=PLANE('',#2929);
#176=PLANE('',#2930);
#177=PLANE('',#2931);
#178=PLANE('',#2932);
#179=PLANE('',#2933);
#180=PLANE('',#2934);
#181=PLANE('',#2935);
#182=PLANE('',#2936);
#183=PLANE('',#2937);
#184=PLANE('',#2938);
#185=PLANE('',#2939);
#186=PLANE('',#2940);
#187=PLANE('',#2941);
#188=PLANE('',#2942);
#189=PLANE('',#2943);
#190=PLANE('',#2944);
#191=PLANE('',#2945);
#192=PLANE('',#2946);
#193=PLANE('',#2947);
#194=PLANE('',#2948);
#195=PLANE('',#2949);
#196=PLANE('',#2950);
#197=PLANE('',#2951);
#198=PLANE('',#2952);
#199=PLANE('',#2953);
#200=PLANE('',#2954);
#201=PLANE('',#2955);
#202=PLANE('',#2956);
#203=PLANE('',#2957);
#204=PLANE('',#2958);
#205=PLANE('',#2959);
#206=PLANE('',#2960);
#207=PLANE('',#2961);
#208=PLANE('',#2962);
#209=PLANE('',#2963);
#210=PLANE('',#2964);
#211=PLANE('',#2965);
#212=PLANE('',#2966);
#213=PLANE('',#2967);
#214=PLANE('',#2968);
#215=PLANE('',#2969);
#216=PLANE('',#2970);
#217=PLANE('',#2971);
#218=PLANE('',#2972);
#219=PLANE('',#2973);
#220=PLANE('',#2974);
#221=PLANE('',#2975);
#222=PLANE('',#2976);
#223=PLANE('',#2977);
#224=PLANE('',#2978);
#225=PLANE('',#2979);
#226=PLANE('',#2980);
#227=PLANE('',#2981);
#228=PLANE('',#2982);
#229=PLANE('',#2983);
#230=PLANE('',#2984);
#231=PLANE('',#2985);
#232=PLANE('',#2986);
#233=PLANE('',#2987);
#234=PLANE('',#2988);
#235=PLANE('',#2989);
#236=PLANE('',#2990);
#237=PLANE('',#2991);
#238=PLANE('',#2992);
#239=PLANE('',#2993);
#240=FACE_OUTER_BOUND('',#388,.T.);
#241=FACE_OUTER_BOUND('',#389,.T.);
#242=FACE_OUTER_BOUND('',#390,.T.);
#243=FACE_OUTER_BOUND('',#392,.T.);
#244=FACE_OUTER_BOUND('',#393,.T.);
#245=FACE_OUTER_BOUND('',#394,.T.);
#246=FACE_OUTER_BOUND('',#395,.T.);
#247=FACE_OUTER_BOUND('',#396,.T.);
#248=FACE_OUTER_BOUND('',#397,.T.);
#249=FACE_OUTER_BOUND('',#398,.T.);
#250=FACE_OUTER_BOUND('',#399,.T.);
#251=FACE_OUTER_BOUND('',#400,.T.);
#252=FACE_OUTER_BOUND('',#401,.T.);
#253=FACE_OUTER_BOUND('',#402,.T.);
#254=FACE_OUTER_BOUND('',#403,.T.);
#255=FACE_OUTER_BOUND('',#404,.T.);
#256=FACE_OUTER_BOUND('',#405,.T.);
#257=FACE_OUTER_BOUND('',#406,.T.);
#258=FACE_OUTER_BOUND('',#407,.T.);
#259=FACE_OUTER_BOUND('',#408,.T.);
#260=FACE_OUTER_BOUND('',#409,.T.);
#261=FACE_OUTER_BOUND('',#410,.T.);
#262=FACE_OUTER_BOUND('',#411,.T.);
#263=FACE_OUTER_BOUND('',#412,.T.);
#264=FACE_OUTER_BOUND('',#413,.T.);
#265=FACE_OUTER_BOUND('',#414,.T.);
#266=FACE_OUTER_BOUND('',#415,.T.);
#267=FACE_OUTER_BOUND('',#416,.T.);
#268=FACE_OUTER_BOUND('',#417,.T.);
#269=FACE_OUTER_BOUND('',#418,.T.);
#270=FACE_OUTER_BOUND('',#419,.T.);
#271=FACE_OUTER_BOUND('',#420,.T.);
#272=FACE_OUTER_BOUND('',#421,.T.);
#273=FACE_OUTER_BOUND('',#422,.T.);
#274=FACE_OUTER_BOUND('',#423,.T.);
#275=FACE_OUTER_BOUND('',#424,.T.);
#276=FACE_OUTER_BOUND('',#425,.T.);
#277=FACE_OUTER_BOUND('',#426,.T.);
#278=FACE_OUTER_BOUND('',#427,.T.);
#279=FACE_OUTER_BOUND('',#428,.T.);
#280=FACE_OUTER_BOUND('',#429,.T.);
#281=FACE_OUTER_BOUND('',#430,.T.);
#282=FACE_OUTER_BOUND('',#431,.T.);
#283=FACE_OUTER_BOUND('',#432,.T.);
#284=FACE_OUTER_BOUND('',#434,.T.);
#285=FACE_OUTER_BOUND('',#435,.T.);
#286=FACE_OUTER_BOUND('',#436,.T.);
#287=FACE_OUTER_BOUND('',#437,.T.);
#288=FACE_OUTER_BOUND('',#438,.T.);
#289=FACE_OUTER_BOUND('',#439,.T.);
#290=FACE_OUTER_BOUND('',#440,.T.);
#291=FACE_OUTER_BOUND('',#442,.T.);
#292=FACE_OUTER_BOUND('',#443,.T.);
#293=FACE_OUTER_BOUND('',#444,.T.);
#294=FACE_OUTER_BOUND('',#445,.T.);
#295=FACE_OUTER_BOUND('',#447,.T.);
#296=FACE_OUTER_BOUND('',#448,.T.);
#297=FACE_OUTER_BOUND('',#449,.T.);
#298=FACE_OUTER_BOUND('',#450,.T.);
#299=FACE_OUTER_BOUND('',#451,.T.);
#300=FACE_OUTER_BOUND('',#452,.T.);
#301=FACE_OUTER_BOUND('',#453,.T.);
#302=FACE_OUTER_BOUND('',#454,.T.);
#303=FACE_OUTER_BOUND('',#455,.T.);
#304=FACE_OUTER_BOUND('',#456,.T.);
#305=FACE_OUTER_BOUND('',#457,.T.);
#306=FACE_OUTER_BOUND('',#458,.T.);
#307=FACE_OUTER_BOUND('',#459,.T.);
#308=FACE_OUTER_BOUND('',#460,.T.);
#309=FACE_OUTER_BOUND('',#461,.T.);
#310=FACE_OUTER_BOUND('',#462,.T.);
#311=FACE_OUTER_BOUND('',#463,.T.);
#312=FACE_OUTER_BOUND('',#464,.T.);
#313=FACE_OUTER_BOUND('',#465,.T.);
#314=FACE_OUTER_BOUND('',#466,.T.);
#315=FACE_OUTER_BOUND('',#467,.T.);
#316=FACE_OUTER_BOUND('',#468,.T.);
#317=FACE_OUTER_BOUND('',#469,.T.);
#318=FACE_OUTER_BOUND('',#470,.T.);
#319=FACE_OUTER_BOUND('',#471,.T.);
#320=FACE_OUTER_BOUND('',#472,.T.);
#321=FACE_OUTER_BOUND('',#473,.T.);
#322=FACE_OUTER_BOUND('',#474,.T.);
#323=FACE_OUTER_BOUND('',#475,.T.);
#324=FACE_OUTER_BOUND('',#476,.T.);
#325=FACE_OUTER_BOUND('',#477,.T.);
#326=FACE_OUTER_BOUND('',#478,.T.);
#327=FACE_OUTER_BOUND('',#479,.T.);
#328=FACE_OUTER_BOUND('',#480,.T.);
#329=FACE_OUTER_BOUND('',#481,.T.);
#330=FACE_OUTER_BOUND('',#482,.T.);
#331=FACE_OUTER_BOUND('',#483,.T.);
#332=FACE_OUTER_BOUND('',#484,.T.);
#333=FACE_OUTER_BOUND('',#485,.T.);
#334=FACE_OUTER_BOUND('',#486,.T.);
#335=FACE_OUTER_BOUND('',#487,.T.);
#336=FACE_OUTER_BOUND('',#488,.T.);
#337=FACE_OUTER_BOUND('',#489,.T.);
#338=FACE_OUTER_BOUND('',#490,.T.);
#339=FACE_OUTER_BOUND('',#491,.T.);
#340=FACE_OUTER_BOUND('',#492,.T.);
#341=FACE_OUTER_BOUND('',#493,.T.);
#342=FACE_OUTER_BOUND('',#494,.T.);
#343=FACE_OUTER_BOUND('',#495,.T.);
#344=FACE_OUTER_BOUND('',#496,.T.);
#345=FACE_OUTER_BOUND('',#497,.T.);
#346=FACE_OUTER_BOUND('',#498,.T.);
#347=FACE_OUTER_BOUND('',#499,.T.);
#348=FACE_OUTER_BOUND('',#500,.T.);
#349=FACE_OUTER_BOUND('',#501,.T.);
#350=FACE_OUTER_BOUND('',#502,.T.);
#351=FACE_OUTER_BOUND('',#503,.T.);
#352=FACE_OUTER_BOUND('',#504,.T.);
#353=FACE_OUTER_BOUND('',#505,.T.);
#354=FACE_OUTER_BOUND('',#506,.T.);
#355=FACE_OUTER_BOUND('',#507,.T.);
#356=FACE_OUTER_BOUND('',#508,.T.);
#357=FACE_OUTER_BOUND('',#509,.T.);
#358=FACE_OUTER_BOUND('',#510,.T.);
#359=FACE_OUTER_BOUND('',#511,.T.);
#360=FACE_OUTER_BOUND('',#512,.T.);
#361=FACE_OUTER_BOUND('',#513,.T.);
#362=FACE_OUTER_BOUND('',#514,.T.);
#363=FACE_OUTER_BOUND('',#515,.T.);
#364=FACE_OUTER_BOUND('',#516,.T.);
#365=FACE_OUTER_BOUND('',#517,.T.);
#366=FACE_OUTER_BOUND('',#518,.T.);
#367=FACE_OUTER_BOUND('',#519,.T.);
#368=FACE_OUTER_BOUND('',#520,.T.);
#369=FACE_OUTER_BOUND('',#521,.T.);
#370=FACE_OUTER_BOUND('',#522,.T.);
#371=FACE_OUTER_BOUND('',#523,.T.);
#372=FACE_OUTER_BOUND('',#524,.T.);
#373=FACE_OUTER_BOUND('',#525,.T.);
#374=FACE_OUTER_BOUND('',#526,.T.);
#375=FACE_OUTER_BOUND('',#527,.T.);
#376=FACE_OUTER_BOUND('',#529,.T.);
#377=FACE_OUTER_BOUND('',#531,.T.);
#378=FACE_OUTER_BOUND('',#532,.T.);
#379=FACE_OUTER_BOUND('',#533,.T.);
#380=FACE_OUTER_BOUND('',#534,.T.);
#381=FACE_OUTER_BOUND('',#535,.T.);
#382=FACE_OUTER_BOUND('',#536,.T.);
#383=FACE_OUTER_BOUND('',#537,.T.);
#384=FACE_OUTER_BOUND('',#538,.T.);
#385=FACE_OUTER_BOUND('',#539,.T.);
#386=FACE_OUTER_BOUND('',#540,.T.);
#387=FACE_OUTER_BOUND('',#541,.T.);
#388=EDGE_LOOP('',(#1774,#1775,#1776,#1777,#1778,#1779));
#389=EDGE_LOOP('',(#1780,#1781));
#390=EDGE_LOOP('',(#1782,#1783));
#391=EDGE_LOOP('',(#1784,#1785,#1786,#1787,#1788,#1789,#1790,#1791,#1792,
#1793,#1794,#1795));
#392=EDGE_LOOP('',(#1796,#1797,#1798,#1799));
#393=EDGE_LOOP('',(#1800,#1801,#1802,#1803));
#394=EDGE_LOOP('',(#1804,#1805,#1806,#1807));
#395=EDGE_LOOP('',(#1808,#1809,#1810,#1811));
#396=EDGE_LOOP('',(#1812,#1813,#1814,#1815));
#397=EDGE_LOOP('',(#1816,#1817,#1818,#1819));
#398=EDGE_LOOP('',(#1820,#1821,#1822,#1823));
#399=EDGE_LOOP('',(#1824,#1825,#1826,#1827));
#400=EDGE_LOOP('',(#1828,#1829,#1830,#1831));
#401=EDGE_LOOP('',(#1832,#1833,#1834,#1835));
#402=EDGE_LOOP('',(#1836,#1837,#1838,#1839));
#403=EDGE_LOOP('',(#1840,#1841,#1842,#1843));
#404=EDGE_LOOP('',(#1844,#1845,#1846,#1847,#1848,#1849,#1850,#1851,#1852,
#1853,#1854,#1855));
#405=EDGE_LOOP('',(#1856,#1857,#1858,#1859));
#406=EDGE_LOOP('',(#1860,#1861,#1862,#1863));
#407=EDGE_LOOP('',(#1864,#1865,#1866,#1867,#1868,#1869));
#408=EDGE_LOOP('',(#1870,#1871,#1872,#1873));
#409=EDGE_LOOP('',(#1874,#1875,#1876,#1877));
#410=EDGE_LOOP('',(#1878,#1879,#1880,#1881));
#411=EDGE_LOOP('',(#1882,#1883,#1884,#1885));
#412=EDGE_LOOP('',(#1886,#1887,#1888,#1889,#1890,#1891));
#413=EDGE_LOOP('',(#1892,#1893,#1894,#1895));
#414=EDGE_LOOP('',(#1896,#1897,#1898,#1899));
#415=EDGE_LOOP('',(#1900,#1901,#1902,#1903,#1904,#1905));
#416=EDGE_LOOP('',(#1906,#1907,#1908,#1909));
#417=EDGE_LOOP('',(#1910,#1911,#1912,#1913,#1914,#1915));
#418=EDGE_LOOP('',(#1916,#1917,#1918,#1919));
#419=EDGE_LOOP('',(#1920,#1921,#1922,#1923));
#420=EDGE_LOOP('',(#1924,#1925,#1926,#1927));
#421=EDGE_LOOP('',(#1928,#1929,#1930,#1931));
#422=EDGE_LOOP('',(#1932,#1933,#1934,#1935));
#423=EDGE_LOOP('',(#1936,#1937,#1938,#1939,#1940,#1941));
#424=EDGE_LOOP('',(#1942,#1943,#1944,#1945));
#425=EDGE_LOOP('',(#1946,#1947,#1948,#1949,#1950,#1951));
#426=EDGE_LOOP('',(#1952,#1953,#1954,#1955));
#427=EDGE_LOOP('',(#1956,#1957,#1958,#1959));
#428=EDGE_LOOP('',(#1960,#1961,#1962,#1963));
#429=EDGE_LOOP('',(#1964,#1965,#1966,#1967));
#430=EDGE_LOOP('',(#1968,#1969,#1970,#1971));
#431=EDGE_LOOP('',(#1972,#1973,#1974,#1975));
#432=EDGE_LOOP('',(#1976,#1977,#1978,#1979));
#433=EDGE_LOOP('',(#1980));
#434=EDGE_LOOP('',(#1981,#1982,#1983,#1984));
#435=EDGE_LOOP('',(#1985,#1986,#1987,#1988,#1989,#1990,#1991,#1992));
#436=EDGE_LOOP('',(#1993,#1994,#1995,#1996));
#437=EDGE_LOOP('',(#1997,#1998,#1999,#2000,#2001));
#438=EDGE_LOOP('',(#2002,#2003,#2004,#2005,#2006,#2007,#2008,#2009));
#439=EDGE_LOOP('',(#2010,#2011,#2012,#2013));
#440=EDGE_LOOP('',(#2014,#2015,#2016,#2017));
#441=EDGE_LOOP('',(#2018,#2019));
#442=EDGE_LOOP('',(#2020,#2021,#2022,#2023));
#443=EDGE_LOOP('',(#2024,#2025,#2026,#2027));
#444=EDGE_LOOP('',(#2028,#2029,#2030,#2031));
#445=EDGE_LOOP('',(#2032,#2033,#2034,#2035));
#446=EDGE_LOOP('',(#2036));
#447=EDGE_LOOP('',(#2037,#2038,#2039,#2040));
#448=EDGE_LOOP('',(#2041,#2042,#2043,#2044));
#449=EDGE_LOOP('',(#2045,#2046,#2047,#2048,#2049,#2050,#2051,#2052));
#450=EDGE_LOOP('',(#2053,#2054,#2055,#2056));
#451=EDGE_LOOP('',(#2057,#2058,#2059,#2060,#2061));
#452=EDGE_LOOP('',(#2062,#2063,#2064,#2065,#2066,#2067,#2068,#2069));
#453=EDGE_LOOP('',(#2070,#2071,#2072,#2073));
#454=EDGE_LOOP('',(#2074,#2075));
#455=EDGE_LOOP('',(#2076,#2077,#2078,#2079));
#456=EDGE_LOOP('',(#2080));
#457=EDGE_LOOP('',(#2081));
#458=EDGE_LOOP('',(#2082,#2083,#2084,#2085));
#459=EDGE_LOOP('',(#2086,#2087,#2088,#2089));
#460=EDGE_LOOP('',(#2090,#2091,#2092,#2093));
#461=EDGE_LOOP('',(#2094,#2095,#2096,#2097));
#462=EDGE_LOOP('',(#2098,#2099,#2100,#2101));
#463=EDGE_LOOP('',(#2102,#2103,#2104,#2105));
#464=EDGE_LOOP('',(#2106,#2107,#2108,#2109));
#465=EDGE_LOOP('',(#2110,#2111,#2112,#2113));
#466=EDGE_LOOP('',(#2114,#2115,#2116,#2117));
#467=EDGE_LOOP('',(#2118,#2119,#2120));
#468=EDGE_LOOP('',(#2121,#2122,#2123));
#469=EDGE_LOOP('',(#2124,#2125,#2126,#2127));
#470=EDGE_LOOP('',(#2128,#2129,#2130,#2131));
#471=EDGE_LOOP('',(#2132,#2133,#2134,#2135));
#472=EDGE_LOOP('',(#2136,#2137,#2138,#2139));
#473=EDGE_LOOP('',(#2140,#2141,#2142,#2143));
#474=EDGE_LOOP('',(#2144,#2145,#2146,#2147));
#475=EDGE_LOOP('',(#2148,#2149,#2150,#2151));
#476=EDGE_LOOP('',(#2152,#2153,#2154,#2155));
#477=EDGE_LOOP('',(#2156,#2157,#2158,#2159,#2160,#2161,#2162,#2163));
#478=EDGE_LOOP('',(#2164,#2165,#2166,#2167,#2168,#2169,#2170,#2171));
#479=EDGE_LOOP('',(#2172,#2173,#2174,#2175));
#480=EDGE_LOOP('',(#2176,#2177,#2178,#2179));
#481=EDGE_LOOP('',(#2180,#2181,#2182,#2183));
#482=EDGE_LOOP('',(#2184,#2185,#2186,#2187));
#483=EDGE_LOOP('',(#2188,#2189,#2190,#2191));
#484=EDGE_LOOP('',(#2192,#2193,#2194,#2195));
#485=EDGE_LOOP('',(#2196,#2197,#2198,#2199));
#486=EDGE_LOOP('',(#2200,#2201,#2202,#2203));
#487=EDGE_LOOP('',(#2204,#2205,#2206,#2207));
#488=EDGE_LOOP('',(#2208,#2209,#2210,#2211));
#489=EDGE_LOOP('',(#2212,#2213,#2214,#2215));
#490=EDGE_LOOP('',(#2216,#2217,#2218,#2219));
#491=EDGE_LOOP('',(#2220,#2221,#2222,#2223));
#492=EDGE_LOOP('',(#2224,#2225,#2226,#2227));
#493=EDGE_LOOP('',(#2228,#2229,#2230,#2231));
#494=EDGE_LOOP('',(#2232,#2233,#2234,#2235));
#495=EDGE_LOOP('',(#2236,#2237,#2238,#2239));
#496=EDGE_LOOP('',(#2240,#2241,#2242,#2243));
#497=EDGE_LOOP('',(#2244,#2245,#2246,#2247));
#498=EDGE_LOOP('',(#2248,#2249,#2250,#2251));
#499=EDGE_LOOP('',(#2252,#2253,#2254,#2255,#2256,#2257,#2258,#2259,#2260,
#2261,#2262,#2263,#2264,#2265));
#500=EDGE_LOOP('',(#2266,#2267,#2268,#2269,#2270,#2271,#2272,#2273,#2274,
#2275,#2276,#2277,#2278,#2279));
#501=EDGE_LOOP('',(#2280,#2281,#2282,#2283));
#502=EDGE_LOOP('',(#2284,#2285,#2286,#2287));
#503=EDGE_LOOP('',(#2288,#2289,#2290,#2291));
#504=EDGE_LOOP('',(#2292,#2293,#2294,#2295));
#505=EDGE_LOOP('',(#2296,#2297,#2298,#2299));
#506=EDGE_LOOP('',(#2300,#2301,#2302,#2303));
#507=EDGE_LOOP('',(#2304,#2305,#2306,#2307));
#508=EDGE_LOOP('',(#2308,#2309,#2310,#2311));
#509=EDGE_LOOP('',(#2312,#2313,#2314,#2315));
#510=EDGE_LOOP('',(#2316,#2317,#2318,#2319));
#511=EDGE_LOOP('',(#2320,#2321,#2322,#2323));
#512=EDGE_LOOP('',(#2324,#2325,#2326,#2327));
#513=EDGE_LOOP('',(#2328,#2329,#2330,#2331,#2332,#2333,#2334,#2335,#2336,
#2337,#2338,#2339));
#514=EDGE_LOOP('',(#2340,#2341,#2342,#2343,#2344,#2345,#2346,#2347,#2348,
#2349,#2350,#2351));
#515=EDGE_LOOP('',(#2352,#2353,#2354,#2355));
#516=EDGE_LOOP('',(#2356,#2357,#2358,#2359));
#517=EDGE_LOOP('',(#2360,#2361,#2362,#2363));
#518=EDGE_LOOP('',(#2364,#2365,#2366,#2367));
#519=EDGE_LOOP('',(#2368,#2369,#2370,#2371));
#520=EDGE_LOOP('',(#2372,#2373,#2374,#2375));
#521=EDGE_LOOP('',(#2376,#2377,#2378,#2379));
#522=EDGE_LOOP('',(#2380,#2381,#2382,#2383));
#523=EDGE_LOOP('',(#2384,#2385,#2386,#2387));
#524=EDGE_LOOP('',(#2388,#2389,#2390,#2391));
#525=EDGE_LOOP('',(#2392,#2393,#2394,#2395));
#526=EDGE_LOOP('',(#2396,#2397,#2398,#2399));
#527=EDGE_LOOP('',(#2400,#2401,#2402,#2403,#2404,#2405,#2406,#2407));
#528=EDGE_LOOP('',(#2408,#2409,#2410,#2411));
#529=EDGE_LOOP('',(#2412,#2413,#2414,#2415,#2416,#2417,#2418,#2419));
#530=EDGE_LOOP('',(#2420,#2421,#2422,#2423));
#531=EDGE_LOOP('',(#2424,#2425,#2426,#2427));
#532=EDGE_LOOP('',(#2428,#2429,#2430,#2431));
#533=EDGE_LOOP('',(#2432,#2433,#2434,#2435));
#534=EDGE_LOOP('',(#2436,#2437,#2438,#2439));
#535=EDGE_LOOP('',(#2440,#2441,#2442,#2443));
#536=EDGE_LOOP('',(#2444,#2445,#2446,#2447));
#537=EDGE_LOOP('',(#2448,#2449,#2450,#2451));
#538=EDGE_LOOP('',(#2452,#2453,#2454,#2455));
#539=EDGE_LOOP('',(#2456,#2457,#2458,#2459));
#540=EDGE_LOOP('',(#2460,#2461,#2462,#2463,#2464,#2465,#2466,#2467,#2468));
#541=EDGE_LOOP('',(#2469,#2470,#2471,#2472,#2473,#2474,#2475,#2476,#2477));
#542=LINE('',#3648,#858);
#543=LINE('',#3656,#859);
#544=LINE('',#3658,#860);
#545=LINE('',#3660,#861);
#546=LINE('',#3662,#862);
#547=LINE('',#3664,#863);
#548=LINE('',#3666,#864);
#549=LINE('',#3668,#865);
#550=LINE('',#3670,#866);
#551=LINE('',#3672,#867);
#552=LINE('',#3674,#868);
#553=LINE('',#3676,#869);
#554=LINE('',#3677,#870);
#555=LINE('',#3680,#871);
#556=LINE('',#3682,#872);
#557=LINE('',#3683,#873);
#558=LINE('',#3686,#874);
#559=LINE('',#3687,#875);
#560=LINE('',#3690,#876);
#561=LINE('',#3691,#877);
#562=LINE('',#3694,#878);
#563=LINE('',#3695,#879);
#564=LINE('',#3698,#880);
#565=LINE('',#3699,#881);
#566=LINE('',#3702,#882);
#567=LINE('',#3703,#883);
#568=LINE('',#3706,#884);
#569=LINE('',#3707,#885);
#570=LINE('',#3710,#886);
#571=LINE('',#3711,#887);
#572=LINE('',#3714,#888);
#573=LINE('',#3715,#889);
#574=LINE('',#3718,#890);
#575=LINE('',#3719,#891);
#576=LINE('',#3722,#892);
#577=LINE('',#3723,#893);
#578=LINE('',#3725,#894);
#579=LINE('',#3731,#895);
#580=LINE('',#3733,#896);
#581=LINE('',#3735,#897);
#582=LINE('',#3736,#898);
#583=LINE('',#3740,#899);
#584=LINE('',#3741,#900);
#585=LINE('',#3742,#901);
#586=LINE('',#3746,#902);
#587=LINE('',#3748,#903);
#588=LINE('',#3749,#904);
#589=LINE('',#3750,#905);
#590=LINE('',#3754,#906);
#591=LINE('',#3755,#907);
#592=LINE('',#3756,#908);
#593=LINE('',#3758,#909);
#594=LINE('',#3761,#910);
#595=LINE('',#3762,#911);
#596=LINE('',#3764,#912);
#597=LINE('',#3769,#913);
#598=LINE('',#3771,#914);
#599=LINE('',#3773,#915);
#600=LINE('',#3774,#916);
#601=LINE('',#3778,#917);
#602=LINE('',#3779,#918);
#603=LINE('',#3780,#919);
#604=LINE('',#3783,#920);
#605=LINE('',#3785,#921);
#606=LINE('',#3787,#922);
#607=LINE('',#3788,#923);
#608=LINE('',#3791,#924);
#609=LINE('',#3792,#925);
#610=LINE('',#3796,#926);
#611=LINE('',#3797,#927);
#612=LINE('',#3798,#928);
#613=LINE('',#3800,#929);
#614=LINE('',#3801,#930);
#615=LINE('',#3807,#931);
#616=LINE('',#3809,#932);
#617=LINE('',#3811,#933);
#618=LINE('',#3812,#934);
#619=LINE('',#3816,#935);
#620=LINE('',#3817,#936);
#621=LINE('',#3818,#937);
#622=LINE('',#3821,#938);
#623=LINE('',#3823,#939);
#624=LINE('',#3825,#940);
#625=LINE('',#3826,#941);
#626=LINE('',#3829,#942);
#627=LINE('',#3830,#943);
#628=LINE('',#3834,#944);
#629=LINE('',#3835,#945);
#630=LINE('',#3836,#946);
#631=LINE('',#3838,#947);
#632=LINE('',#3839,#948);
#633=LINE('',#3846,#949);
#634=LINE('',#3848,#950);
#635=LINE('',#3850,#951);
#636=LINE('',#3851,#952);
#637=LINE('',#3855,#953);
#638=LINE('',#3857,#954);
#639=LINE('',#3859,#955);
#640=LINE('',#3860,#956);
#641=LINE('',#3863,#957);
#642=LINE('',#3865,#958);
#643=LINE('',#3866,#959);
#644=LINE('',#3868,#960);
#645=LINE('',#3869,#961);
#646=LINE('',#3874,#962);
#647=LINE('',#3876,#963);
#648=LINE('',#3877,#964);
#649=LINE('',#3880,#965);
#650=LINE('',#3882,#966);
#651=LINE('',#3883,#967);
#652=LINE('',#3886,#968);
#653=LINE('',#3887,#969);
#654=LINE('',#3890,#970);
#655=LINE('',#3896,#971);
#656=LINE('',#3897,#972);
#657=LINE('',#3899,#973);
#658=LINE('',#3905,#974);
#659=LINE('',#3907,#975);
#660=LINE('',#3909,#976);
#661=LINE('',#3910,#977);
#662=LINE('',#3914,#978);
#663=LINE('',#3916,#979);
#664=LINE('',#3918,#980);
#665=LINE('',#3919,#981);
#666=LINE('',#3922,#982);
#667=LINE('',#3924,#983);
#668=LINE('',#3925,#984);
#669=LINE('',#3927,#985);
#670=LINE('',#3928,#986);
#671=LINE('',#3933,#987);
#672=LINE('',#3935,#988);
#673=LINE('',#3936,#989);
#674=LINE('',#3939,#990);
#675=LINE('',#3941,#991);
#676=LINE('',#3942,#992);
#677=LINE('',#3945,#993);
#678=LINE('',#3946,#994);
#679=LINE('',#3949,#995);
#680=LINE('',#3950,#996);
#681=LINE('',#3955,#997);
#682=LINE('',#3958,#998);
#683=LINE('',#3970,#999);
#684=LINE('',#3978,#1000);
#685=LINE('',#3980,#1001);
#686=LINE('',#3982,#1002);
#687=LINE('',#3983,#1003);
#688=LINE('',#3986,#1004);
#689=LINE('',#3988,#1005);
#690=LINE('',#3989,#1006);
#691=LINE('',#3992,#1007);
#692=LINE('',#3994,#1008);
#693=LINE('',#3995,#1009);
#694=LINE('',#3997,#1010);
#695=LINE('',#3998,#1011);
#696=LINE('',#4004,#1012);
#697=LINE('',#4006,#1013);
#698=LINE('',#4008,#1014);
#699=LINE('',#4009,#1015);
#700=LINE('',#4012,#1016);
#701=LINE('',#4014,#1017);
#702=LINE('',#4015,#1018);
#703=LINE('',#4017,#1019);
#704=LINE('',#4018,#1020);
#705=LINE('',#4024,#1021);
#706=LINE('',#4026,#1022);
#707=LINE('',#4028,#1023);
#708=LINE('',#4029,#1024);
#709=LINE('',#4032,#1025);
#710=LINE('',#4034,#1026);
#711=LINE('',#4035,#1027);
#712=LINE('',#4038,#1028);
#713=LINE('',#4040,#1029);
#714=LINE('',#4041,#1030);
#715=LINE('',#4044,#1031);
#716=LINE('',#4046,#1032);
#717=LINE('',#4047,#1033);
#718=LINE('',#4050,#1034);
#719=LINE('',#4052,#1035);
#720=LINE('',#4053,#1036);
#721=LINE('',#4056,#1037);
#722=LINE('',#4058,#1038);
#723=LINE('',#4059,#1039);
#724=LINE('',#4062,#1040);
#725=LINE('',#4064,#1041);
#726=LINE('',#4065,#1042);
#727=LINE('',#4067,#1043);
#728=LINE('',#4068,#1044);
#729=LINE('',#4074,#1045);
#730=LINE('',#4076,#1046);
#731=LINE('',#4078,#1047);
#732=LINE('',#4079,#1048);
#733=LINE('',#4082,#1049);
#734=LINE('',#4084,#1050);
#735=LINE('',#4085,#1051);
#736=LINE('',#4088,#1052);
#737=LINE('',#4090,#1053);
#738=LINE('',#4091,#1054);
#739=LINE('',#4093,#1055);
#740=LINE('',#4094,#1056);
#741=LINE('',#4107,#1057);
#742=LINE('',#4114,#1058);
#743=LINE('',#4133,#1059);
#744=LINE('',#4152,#1060);
#745=LINE('',#4171,#1061);
#746=LINE('',#4190,#1062);
#747=LINE('',#4209,#1063);
#748=LINE('',#4216,#1064);
#749=LINE('',#4218,#1065);
#750=LINE('',#4219,#1066);
#751=LINE('',#4234,#1067);
#752=LINE('',#4253,#1068);
#753=LINE('',#4272,#1069);
#754=LINE('',#4291,#1070);
#755=LINE('',#4310,#1071);
#756=LINE('',#4329,#1072);
#757=LINE('',#4335,#1073);
#758=LINE('',#4336,#1074);
#759=LINE('',#4342,#1075);
#760=LINE('',#4344,#1076);
#761=LINE('',#4346,#1077);
#762=LINE('',#4347,#1078);
#763=LINE('',#4350,#1079);
#764=LINE('',#4352,#1080);
#765=LINE('',#4353,#1081);
#766=LINE('',#4356,#1082);
#767=LINE('',#4358,#1083);
#768=LINE('',#4359,#1084);
#769=LINE('',#4362,#1085);
#770=LINE('',#4364,#1086);
#771=LINE('',#4365,#1087);
#772=LINE('',#4368,#1088);
#773=LINE('',#4370,#1089);
#774=LINE('',#4371,#1090);
#775=LINE('',#4374,#1091);
#776=LINE('',#4376,#1092);
#777=LINE('',#4377,#1093);
#778=LINE('',#4380,#1094);
#779=LINE('',#4382,#1095);
#780=LINE('',#4383,#1096);
#781=LINE('',#4386,#1097);
#782=LINE('',#4388,#1098);
#783=LINE('',#4389,#1099);
#784=LINE('',#4392,#1100);
#785=LINE('',#4394,#1101);
#786=LINE('',#4395,#1102);
#787=LINE('',#4398,#1103);
#788=LINE('',#4400,#1104);
#789=LINE('',#4401,#1105);
#790=LINE('',#4404,#1106);
#791=LINE('',#4406,#1107);
#792=LINE('',#4407,#1108);
#793=LINE('',#4409,#1109);
#794=LINE('',#4410,#1110);
#795=LINE('',#4416,#1111);
#796=LINE('',#4418,#1112);
#797=LINE('',#4420,#1113);
#798=LINE('',#4421,#1114);
#799=LINE('',#4424,#1115);
#800=LINE('',#4426,#1116);
#801=LINE('',#4427,#1117);
#802=LINE('',#4430,#1118);
#803=LINE('',#4432,#1119);
#804=LINE('',#4433,#1120);
#805=LINE('',#4436,#1121);
#806=LINE('',#4438,#1122);
#807=LINE('',#4439,#1123);
#808=LINE('',#4442,#1124);
#809=LINE('',#4444,#1125);
#810=LINE('',#4445,#1126);
#811=LINE('',#4448,#1127);
#812=LINE('',#4450,#1128);
#813=LINE('',#4451,#1129);
#814=LINE('',#4454,#1130);
#815=LINE('',#4456,#1131);
#816=LINE('',#4457,#1132);
#817=LINE('',#4459,#1133);
#818=LINE('',#4460,#1134);
#819=LINE('',#4464,#1135);
#820=LINE('',#4466,#1136);
#821=LINE('',#4468,#1137);
#822=LINE('',#4469,#1138);
#823=LINE('',#4472,#1139);
#824=LINE('',#4474,#1140);
#825=LINE('',#4475,#1141);
#826=LINE('',#4478,#1142);
#827=LINE('',#4480,#1143);
#828=LINE('',#4481,#1144);
#829=LINE('',#4483,#1145);
#830=LINE('',#4484,#1146);
#831=LINE('',#4490,#1147);
#832=LINE('',#4492,#1148);
#833=LINE('',#4494,#1149);
#834=LINE('',#4495,#1150);
#835=LINE('',#4498,#1151);
#836=LINE('',#4500,#1152);
#837=LINE('',#4501,#1153);
#838=LINE('',#4504,#1154);
#839=LINE('',#4506,#1155);
#840=LINE('',#4507,#1156);
#841=LINE('',#4510,#1157);
#842=LINE('',#4512,#1158);
#843=LINE('',#4513,#1159);
#844=LINE('',#4516,#1160);
#845=LINE('',#4518,#1161);
#846=LINE('',#4519,#1162);
#847=LINE('',#4522,#1163);
#848=LINE('',#4524,#1164);
#849=LINE('',#4525,#1165);
#850=LINE('',#4528,#1166);
#851=LINE('',#4530,#1167);
#852=LINE('',#4531,#1168);
#853=LINE('',#4534,#1169);
#854=LINE('',#4536,#1170);
#855=LINE('',#4537,#1171);
#856=LINE('',#4539,#1172);
#857=LINE('',#4540,#1173);
#858=VECTOR('',#3009,1.7);
#859=VECTOR('',#3018,1000.);
#860=VECTOR('',#3019,1000.);
#861=VECTOR('',#3020,1000.);
#862=VECTOR('',#3021,1000.);
#863=VECTOR('',#3022,1000.);
#864=VECTOR('',#3023,1000.);
#865=VECTOR('',#3024,1000.);
#866=VECTOR('',#3025,1000.);
#867=VECTOR('',#3026,1000.);
#868=VECTOR('',#3027,1000.);
#869=VECTOR('',#3028,1000.);
#870=VECTOR('',#3029,1000.);
#871=VECTOR('',#3032,1000.);
#872=VECTOR('',#3033,1000.);
#873=VECTOR('',#3034,1000.);
#874=VECTOR('',#3037,1000.);
#875=VECTOR('',#3038,1000.);
#876=VECTOR('',#3041,1000.);
#877=VECTOR('',#3042,1000.);
#878=VECTOR('',#3045,1000.);
#879=VECTOR('',#3046,1000.);
#880=VECTOR('',#3049,1000.);
#881=VECTOR('',#3050,1000.);
#882=VECTOR('',#3053,1000.);
#883=VECTOR('',#3054,1000.);
#884=VECTOR('',#3057,1000.);
#885=VECTOR('',#3058,1000.);
#886=VECTOR('',#3061,1000.);
#887=VECTOR('',#3062,1000.);
#888=VECTOR('',#3065,1000.);
#889=VECTOR('',#3066,1000.);
#890=VECTOR('',#3069,1000.);
#891=VECTOR('',#3070,1000.);
#892=VECTOR('',#3073,1000.);
#893=VECTOR('',#3074,1000.);
#894=VECTOR('',#3077,1000.);
#895=VECTOR('',#3084,10.);
#896=VECTOR('',#3085,10.);
#897=VECTOR('',#3086,10.);
#898=VECTOR('',#3087,10.);
#899=VECTOR('',#3090,10.);
#900=VECTOR('',#3091,10.);
#901=VECTOR('',#3092,10.);
#902=VECTOR('',#3095,10.);
#903=VECTOR('',#3096,10.);
#904=VECTOR('',#3097,10.);
#905=VECTOR('',#3098,10.);
#906=VECTOR('',#3101,10.);
#907=VECTOR('',#3102,10.);
#908=VECTOR('',#3103,10.);
#909=VECTOR('',#3106,10.);
#910=VECTOR('',#3109,10.);
#911=VECTOR('',#3110,10.);
#912=VECTOR('',#3113,10.);
#913=VECTOR('',#3118,10.);
#914=VECTOR('',#3119,10.);
#915=VECTOR('',#3120,10.);
#916=VECTOR('',#3121,10.);
#917=VECTOR('',#3124,10.);
#918=VECTOR('',#3125,10.);
#919=VECTOR('',#3126,10.);
#920=VECTOR('',#3129,10.);
#921=VECTOR('',#3130,10.);
#922=VECTOR('',#3131,10.);
#923=VECTOR('',#3132,10.);
#924=VECTOR('',#3135,10.);
#925=VECTOR('',#3136,10.);
#926=VECTOR('',#3139,10.);
#927=VECTOR('',#3140,10.);
#928=VECTOR('',#3141,10.);
#929=VECTOR('',#3144,10.);
#930=VECTOR('',#3145,10.);
#931=VECTOR('',#3152,10.);
#932=VECTOR('',#3153,10.);
#933=VECTOR('',#3154,10.);
#934=VECTOR('',#3155,10.);
#935=VECTOR('',#3158,10.);
#936=VECTOR('',#3159,10.);
#937=VECTOR('',#3160,10.);
#938=VECTOR('',#3163,10.);
#939=VECTOR('',#3164,10.);
#940=VECTOR('',#3165,10.);
#941=VECTOR('',#3166,10.);
#942=VECTOR('',#3169,10.);
#943=VECTOR('',#3170,10.);
#944=VECTOR('',#3173,10.);
#945=VECTOR('',#3174,10.);
#946=VECTOR('',#3175,10.);
#947=VECTOR('',#3178,10.);
#948=VECTOR('',#3179,10.);
#949=VECTOR('',#3188,10.);
#950=VECTOR('',#3189,10.);
#951=VECTOR('',#3190,10.);
#952=VECTOR('',#3191,10.);
#953=VECTOR('',#3194,10.);
#954=VECTOR('',#3195,10.);
#955=VECTOR('',#3196,10.);
#956=VECTOR('',#3197,10.);
#957=VECTOR('',#3200,10.);
#958=VECTOR('',#3201,10.);
#959=VECTOR('',#3202,10.);
#960=VECTOR('',#3205,10.);
#961=VECTOR('',#3206,10.);
#962=VECTOR('',#3211,10.);
#963=VECTOR('',#3212,10.);
#964=VECTOR('',#3213,10.);
#965=VECTOR('',#3216,1000.);
#966=VECTOR('',#3217,1000.);
#967=VECTOR('',#3218,1000.);
#968=VECTOR('',#3221,1000.);
#969=VECTOR('',#3222,1000.);
#970=VECTOR('',#3225,1.75);
#971=VECTOR('',#3232,1000.);
#972=VECTOR('',#3233,1000.);
#973=VECTOR('',#3236,1000.);
#974=VECTOR('',#3243,10.);
#975=VECTOR('',#3244,10.);
#976=VECTOR('',#3245,10.);
#977=VECTOR('',#3246,10.);
#978=VECTOR('',#3249,10.);
#979=VECTOR('',#3250,10.);
#980=VECTOR('',#3251,10.);
#981=VECTOR('',#3252,10.);
#982=VECTOR('',#3255,10.);
#983=VECTOR('',#3256,10.);
#984=VECTOR('',#3257,10.);
#985=VECTOR('',#3260,10.);
#986=VECTOR('',#3261,10.);
#987=VECTOR('',#3266,10.);
#988=VECTOR('',#3267,10.);
#989=VECTOR('',#3268,10.);
#990=VECTOR('',#3271,1000.);
#991=VECTOR('',#3272,1000.);
#992=VECTOR('',#3273,1000.);
#993=VECTOR('',#3276,1000.);
#994=VECTOR('',#3277,1000.);
#995=VECTOR('',#3280,1000.);
#996=VECTOR('',#3281,1000.);
#997=VECTOR('',#3286,1.75);
#998=VECTOR('',#3291,1000.);
#999=VECTOR('',#3310,0.2);
#1000=VECTOR('',#3321,3.5);
#1001=VECTOR('',#3322,3.5);
#1002=VECTOR('',#3323,3.5);
#1003=VECTOR('',#3324,3.5);
#1004=VECTOR('',#3327,3.5);
#1005=VECTOR('',#3328,3.5);
#1006=VECTOR('',#3329,3.5);
#1007=VECTOR('',#3332,3.5);
#1008=VECTOR('',#3333,3.5);
#1009=VECTOR('',#3334,3.5);
#1010=VECTOR('',#3337,3.5);
#1011=VECTOR('',#3338,3.5);
#1012=VECTOR('',#3345,3.5);
#1013=VECTOR('',#3346,3.5);
#1014=VECTOR('',#3347,3.5);
#1015=VECTOR('',#3348,3.5);
#1016=VECTOR('',#3351,3.5);
#1017=VECTOR('',#3352,3.5);
#1018=VECTOR('',#3353,3.5);
#1019=VECTOR('',#3356,3.5);
#1020=VECTOR('',#3357,3.5);
#1021=VECTOR('',#3364,3.5);
#1022=VECTOR('',#3365,3.5);
#1023=VECTOR('',#3366,3.5);
#1024=VECTOR('',#3367,3.5);
#1025=VECTOR('',#3370,3.5);
#1026=VECTOR('',#3371,3.5);
#1027=VECTOR('',#3372,3.5);
#1028=VECTOR('',#3375,3.5);
#1029=VECTOR('',#3376,3.5);
#1030=VECTOR('',#3377,3.5);
#1031=VECTOR('',#3380,3.5);
#1032=VECTOR('',#3381,3.5);
#1033=VECTOR('',#3382,3.5);
#1034=VECTOR('',#3385,3.5);
#1035=VECTOR('',#3386,3.5);
#1036=VECTOR('',#3387,3.5);
#1037=VECTOR('',#3390,3.5);
#1038=VECTOR('',#3391,3.5);
#1039=VECTOR('',#3392,3.5);
#1040=VECTOR('',#3395,3.5);
#1041=VECTOR('',#3396,3.5);
#1042=VECTOR('',#3397,3.5);
#1043=VECTOR('',#3400,3.5);
#1044=VECTOR('',#3401,3.5);
#1045=VECTOR('',#3408,3.5);
#1046=VECTOR('',#3409,3.5);
#1047=VECTOR('',#3410,3.5);
#1048=VECTOR('',#3411,3.5);
#1049=VECTOR('',#3414,3.5);
#1050=VECTOR('',#3415,3.5);
#1051=VECTOR('',#3416,3.5);
#1052=VECTOR('',#3419,3.5);
#1053=VECTOR('',#3420,3.5);
#1054=VECTOR('',#3421,3.5);
#1055=VECTOR('',#3424,3.5);
#1056=VECTOR('',#3425,3.5);
#1057=VECTOR('',#3430,3.5);
#1058=VECTOR('',#3431,3.5);
#1059=VECTOR('',#3432,3.5);
#1060=VECTOR('',#3433,3.5);
#1061=VECTOR('',#3434,3.5);
#1062=VECTOR('',#3435,3.5);
#1063=VECTOR('',#3436,3.5);
#1064=VECTOR('',#3439,3.5);
#1065=VECTOR('',#3440,3.5);
#1066=VECTOR('',#3441,3.5);
#1067=VECTOR('',#3442,3.5);
#1068=VECTOR('',#3443,3.5);
#1069=VECTOR('',#3444,3.5);
#1070=VECTOR('',#3445,3.5);
#1071=VECTOR('',#3446,3.5);
#1072=VECTOR('',#3447,3.5);
#1073=VECTOR('',#3450,3.5);
#1074=VECTOR('',#3451,3.5);
#1075=VECTOR('',#3458,3.5);
#1076=VECTOR('',#3459,3.5);
#1077=VECTOR('',#3460,3.5);
#1078=VECTOR('',#3461,3.5);
#1079=VECTOR('',#3464,3.5);
#1080=VECTOR('',#3465,3.5);
#1081=VECTOR('',#3466,3.5);
#1082=VECTOR('',#3469,3.5);
#1083=VECTOR('',#3470,3.5);
#1084=VECTOR('',#3471,3.5);
#1085=VECTOR('',#3474,3.5);
#1086=VECTOR('',#3475,3.5);
#1087=VECTOR('',#3476,3.5);
#1088=VECTOR('',#3479,3.5);
#1089=VECTOR('',#3480,3.5);
#1090=VECTOR('',#3481,3.5);
#1091=VECTOR('',#3484,3.5);
#1092=VECTOR('',#3485,3.5);
#1093=VECTOR('',#3486,3.5);
#1094=VECTOR('',#3489,3.5);
#1095=VECTOR('',#3490,3.5);
#1096=VECTOR('',#3491,3.5);
#1097=VECTOR('',#3494,3.5);
#1098=VECTOR('',#3495,3.5);
#1099=VECTOR('',#3496,3.5);
#1100=VECTOR('',#3499,3.5);
#1101=VECTOR('',#3500,3.5);
#1102=VECTOR('',#3501,3.5);
#1103=VECTOR('',#3504,3.5);
#1104=VECTOR('',#3505,3.5);
#1105=VECTOR('',#3506,3.5);
#1106=VECTOR('',#3509,3.5);
#1107=VECTOR('',#3510,3.5);
#1108=VECTOR('',#3511,3.5);
#1109=VECTOR('',#3514,3.5);
#1110=VECTOR('',#3515,3.5);
#1111=VECTOR('',#3522,3.5);
#1112=VECTOR('',#3523,3.5);
#1113=VECTOR('',#3524,3.5);
#1114=VECTOR('',#3525,3.5);
#1115=VECTOR('',#3528,3.5);
#1116=VECTOR('',#3529,3.5);
#1117=VECTOR('',#3530,3.5);
#1118=VECTOR('',#3533,3.5);
#1119=VECTOR('',#3534,3.5);
#1120=VECTOR('',#3535,3.5);
#1121=VECTOR('',#3538,3.5);
#1122=VECTOR('',#3539,3.5);
#1123=VECTOR('',#3540,3.5);
#1124=VECTOR('',#3543,3.5);
#1125=VECTOR('',#3544,3.5);
#1126=VECTOR('',#3545,3.5);
#1127=VECTOR('',#3548,3.5);
#1128=VECTOR('',#3549,3.5);
#1129=VECTOR('',#3550,3.5);
#1130=VECTOR('',#3553,3.5);
#1131=VECTOR('',#3554,3.5);
#1132=VECTOR('',#3555,3.5);
#1133=VECTOR('',#3558,3.5);
#1134=VECTOR('',#3559,3.5);
#1135=VECTOR('',#3562,3.5);
#1136=VECTOR('',#3563,3.5);
#1137=VECTOR('',#3564,3.5);
#1138=VECTOR('',#3565,3.5);
#1139=VECTOR('',#3568,3.5);
#1140=VECTOR('',#3569,3.5);
#1141=VECTOR('',#3570,3.5);
#1142=VECTOR('',#3573,3.5);
#1143=VECTOR('',#3574,3.5);
#1144=VECTOR('',#3575,3.5);
#1145=VECTOR('',#3578,3.5);
#1146=VECTOR('',#3579,3.5);
#1147=VECTOR('',#3586,3.5);
#1148=VECTOR('',#3587,3.5);
#1149=VECTOR('',#3588,3.5);
#1150=VECTOR('',#3589,3.5);
#1151=VECTOR('',#3592,3.5);
#1152=VECTOR('',#3593,3.5);
#1153=VECTOR('',#3594,3.5);
#1154=VECTOR('',#3597,3.5);
#1155=VECTOR('',#3598,3.5);
#1156=VECTOR('',#3599,3.5);
#1157=VECTOR('',#3602,3.5);
#1158=VECTOR('',#3603,3.5);
#1159=VECTOR('',#3604,3.5);
#1160=VECTOR('',#3607,3.5);
#1161=VECTOR('',#3608,3.5);
#1162=VECTOR('',#3609,3.5);
#1163=VECTOR('',#3612,3.5);
#1164=VECTOR('',#3613,3.5);
#1165=VECTOR('',#3614,3.5);
#1166=VECTOR('',#3617,3.5);
#1167=VECTOR('',#3618,3.5);
#1168=VECTOR('',#3619,3.5);
#1169=VECTOR('',#3622,3.5);
#1170=VECTOR('',#3623,3.5);
#1171=VECTOR('',#3624,3.5);
#1172=VECTOR('',#3627,3.5);
#1173=VECTOR('',#3628,3.5);
#1174=CIRCLE('',#2838,1.7);
#1175=CIRCLE('',#2839,1.7);
#1176=CIRCLE('',#2840,1.7);
#1177=CIRCLE('',#2841,1.7);
#1178=CIRCLE('',#2887,1.75);
#1179=CIRCLE('',#2892,1.75);
#1180=CIRCLE('',#2893,1.75);
#1181=CIRCLE('',#2902,1.75);
#1182=CIRCLE('',#2908,1.75);
#1183=CIRCLE('',#2909,1.75);
#1184=CIRCLE('',#2919,0.2);
#1185=CIRCLE('',#2920,0.2);
#1186=VERTEX_POINT('',#3643);
#1187=VERTEX_POINT('',#3644);
#1188=VERTEX_POINT('',#3647);
#1189=VERTEX_POINT('',#3649);
#1190=VERTEX_POINT('',#3654);
#1191=VERTEX_POINT('',#3655);
#1192=VERTEX_POINT('',#3657);
#1193=VERTEX_POINT('',#3659);
#1194=VERTEX_POINT('',#3661);
#1195=VERTEX_POINT('',#3663);
#1196=VERTEX_POINT('',#3665);
#1197=VERTEX_POINT('',#3667);
#1198=VERTEX_POINT('',#3669);
#1199=VERTEX_POINT('',#3671);
#1200=VERTEX_POINT('',#3673);
#1201=VERTEX_POINT('',#3675);
#1202=VERTEX_POINT('',#3679);
#1203=VERTEX_POINT('',#3681);
#1204=VERTEX_POINT('',#3685);
#1205=VERTEX_POINT('',#3689);
#1206=VERTEX_POINT('',#3693);
#1207=VERTEX_POINT('',#3697);
#1208=VERTEX_POINT('',#3701);
#1209=VERTEX_POINT('',#3705);
#1210=VERTEX_POINT('',#3709);
#1211=VERTEX_POINT('',#3713);
#1212=VERTEX_POINT('',#3717);
#1213=VERTEX_POINT('',#3721);
#1214=VERTEX_POINT('',#3729);
#1215=VERTEX_POINT('',#3730);
#1216=VERTEX_POINT('',#3732);
#1217=VERTEX_POINT('',#3734);
#1218=VERTEX_POINT('',#3738);
#1219=VERTEX_POINT('',#3739);
#1220=VERTEX_POINT('',#3744);
#1221=VERTEX_POINT('',#3745);
#1222=VERTEX_POINT('',#3747);
#1223=VERTEX_POINT('',#3752);
#1224=VERTEX_POINT('',#3753);
#1225=VERTEX_POINT('',#3760);
#1226=VERTEX_POINT('',#3767);
#1227=VERTEX_POINT('',#3768);
#1228=VERTEX_POINT('',#3770);
#1229=VERTEX_POINT('',#3772);
#1230=VERTEX_POINT('',#3776);
#1231=VERTEX_POINT('',#3777);
#1232=VERTEX_POINT('',#3782);
#1233=VERTEX_POINT('',#3784);
#1234=VERTEX_POINT('',#3786);
#1235=VERTEX_POINT('',#3790);
#1236=VERTEX_POINT('',#3794);
#1237=VERTEX_POINT('',#3795);
#1238=VERTEX_POINT('',#3805);
#1239=VERTEX_POINT('',#3806);
#1240=VERTEX_POINT('',#3808);
#1241=VERTEX_POINT('',#3810);
#1242=VERTEX_POINT('',#3814);
#1243=VERTEX_POINT('',#3815);
#1244=VERTEX_POINT('',#3820);
#1245=VERTEX_POINT('',#3822);
#1246=VERTEX_POINT('',#3824);
#1247=VERTEX_POINT('',#3828);
#1248=VERTEX_POINT('',#3832);
#1249=VERTEX_POINT('',#3833);
#1250=VERTEX_POINT('',#3844);
#1251=VERTEX_POINT('',#3845);
#1252=VERTEX_POINT('',#3847);
#1253=VERTEX_POINT('',#3849);
#1254=VERTEX_POINT('',#3853);
#1255=VERTEX_POINT('',#3854);
#1256=VERTEX_POINT('',#3856);
#1257=VERTEX_POINT('',#3858);
#1258=VERTEX_POINT('',#3862);
#1259=VERTEX_POINT('',#3864);
#1260=VERTEX_POINT('',#3870);
#1261=VERTEX_POINT('',#3873);
#1262=VERTEX_POINT('',#3875);
#1263=VERTEX_POINT('',#3879);
#1264=VERTEX_POINT('',#3881);
#1265=VERTEX_POINT('',#3885);
#1266=VERTEX_POINT('',#3889);
#1267=VERTEX_POINT('',#3891);
#1268=VERTEX_POINT('',#3895);
#1269=VERTEX_POINT('',#3903);
#1270=VERTEX_POINT('',#3904);
#1271=VERTEX_POINT('',#3906);
#1272=VERTEX_POINT('',#3908);
#1273=VERTEX_POINT('',#3912);
#1274=VERTEX_POINT('',#3913);
#1275=VERTEX_POINT('',#3915);
#1276=VERTEX_POINT('',#3917);
#1277=VERTEX_POINT('',#3921);
#1278=VERTEX_POINT('',#3923);
#1279=VERTEX_POINT('',#3929);
#1280=VERTEX_POINT('',#3932);
#1281=VERTEX_POINT('',#3934);
#1282=VERTEX_POINT('',#3938);
#1283=VERTEX_POINT('',#3940);
#1284=VERTEX_POINT('',#3944);
#1285=VERTEX_POINT('',#3948);
#1286=VERTEX_POINT('',#3952);
#1287=VERTEX_POINT('',#3953);
#1288=VERTEX_POINT('',#3967);
#1289=VERTEX_POINT('',#3969);
#1290=VERTEX_POINT('',#3976);
#1291=VERTEX_POINT('',#3977);
#1292=VERTEX_POINT('',#3979);
#1293=VERTEX_POINT('',#3981);
#1294=VERTEX_POINT('',#3985);
#1295=VERTEX_POINT('',#3987);
#1296=VERTEX_POINT('',#3991);
#1297=VERTEX_POINT('',#3993);
#1298=VERTEX_POINT('',#4002);
#1299=VERTEX_POINT('',#4003);
#1300=VERTEX_POINT('',#4005);
#1301=VERTEX_POINT('',#4007);
#1302=VERTEX_POINT('',#4011);
#1303=VERTEX_POINT('',#4013);
#1304=VERTEX_POINT('',#4022);
#1305=VERTEX_POINT('',#4023);
#1306=VERTEX_POINT('',#4025);
#1307=VERTEX_POINT('',#4027);
#1308=VERTEX_POINT('',#4031);
#1309=VERTEX_POINT('',#4033);
#1310=VERTEX_POINT('',#4037);
#1311=VERTEX_POINT('',#4039);
#1312=VERTEX_POINT('',#4043);
#1313=VERTEX_POINT('',#4045);
#1314=VERTEX_POINT('',#4049);
#1315=VERTEX_POINT('',#4051);
#1316=VERTEX_POINT('',#4055);
#1317=VERTEX_POINT('',#4057);
#1318=VERTEX_POINT('',#4061);
#1319=VERTEX_POINT('',#4063);
#1320=VERTEX_POINT('',#4072);
#1321=VERTEX_POINT('',#4073);
#1322=VERTEX_POINT('',#4075);
#1323=VERTEX_POINT('',#4077);
#1324=VERTEX_POINT('',#4081);
#1325=VERTEX_POINT('',#4083);
#1326=VERTEX_POINT('',#4087);
#1327=VERTEX_POINT('',#4089);
#1328=VERTEX_POINT('',#4105);
#1329=VERTEX_POINT('',#4106);
#1330=VERTEX_POINT('',#4108);
#1331=VERTEX_POINT('',#4113);
#1332=VERTEX_POINT('',#4127);
#1333=VERTEX_POINT('',#4132);
#1334=VERTEX_POINT('',#4146);
#1335=VERTEX_POINT('',#4151);
#1336=VERTEX_POINT('',#4165);
#1337=VERTEX_POINT('',#4170);
#1338=VERTEX_POINT('',#4184);
#1339=VERTEX_POINT('',#4189);
#1340=VERTEX_POINT('',#4203);
#1341=VERTEX_POINT('',#4208);
#1342=VERTEX_POINT('',#4215);
#1343=VERTEX_POINT('',#4217);
#1344=VERTEX_POINT('',#4228);
#1345=VERTEX_POINT('',#4233);
#1346=VERTEX_POINT('',#4247);
#1347=VERTEX_POINT('',#4252);
#1348=VERTEX_POINT('',#4266);
#1349=VERTEX_POINT('',#4271);
#1350=VERTEX_POINT('',#4285);
#1351=VERTEX_POINT('',#4290);
#1352=VERTEX_POINT('',#4304);
#1353=VERTEX_POINT('',#4309);
#1354=VERTEX_POINT('',#4323);
#1355=VERTEX_POINT('',#4328);
#1356=VERTEX_POINT('',#4340);
#1357=VERTEX_POINT('',#4341);
#1358=VERTEX_POINT('',#4343);
#1359=VERTEX_POINT('',#4345);
#1360=VERTEX_POINT('',#4349);
#1361=VERTEX_POINT('',#4351);
#1362=VERTEX_POINT('',#4355);
#1363=VERTEX_POINT('',#4357);
#1364=VERTEX_POINT('',#4361);
#1365=VERTEX_POINT('',#4363);
#1366=VERTEX_POINT('',#4367);
#1367=VERTEX_POINT('',#4369);
#1368=VERTEX_POINT('',#4373);
#1369=VERTEX_POINT('',#4375);
#1370=VERTEX_POINT('',#4379);
#1371=VERTEX_POINT('',#4381);
#1372=VERTEX_POINT('',#4385);
#1373=VERTEX_POINT('',#4387);
#1374=VERTEX_POINT('',#4391);
#1375=VERTEX_POINT('',#4393);
#1376=VERTEX_POINT('',#4397);
#1377=VERTEX_POINT('',#4399);
#1378=VERTEX_POINT('',#4403);
#1379=VERTEX_POINT('',#4405);
#1380=VERTEX_POINT('',#4414);
#1381=VERTEX_POINT('',#4415);
#1382=VERTEX_POINT('',#4417);
#1383=VERTEX_POINT('',#4419);
#1384=VERTEX_POINT('',#4423);
#1385=VERTEX_POINT('',#4425);
#1386=VERTEX_POINT('',#4429);
#1387=VERTEX_POINT('',#4431);
#1388=VERTEX_POINT('',#4435);
#1389=VERTEX_POINT('',#4437);
#1390=VERTEX_POINT('',#4441);
#1391=VERTEX_POINT('',#4443);
#1392=VERTEX_POINT('',#4447);
#1393=VERTEX_POINT('',#4449);
#1394=VERTEX_POINT('',#4453);
#1395=VERTEX_POINT('',#4455);
#1396=VERTEX_POINT('',#4462);
#1397=VERTEX_POINT('',#4463);
#1398=VERTEX_POINT('',#4465);
#1399=VERTEX_POINT('',#4467);
#1400=VERTEX_POINT('',#4471);
#1401=VERTEX_POINT('',#4473);
#1402=VERTEX_POINT('',#4477);
#1403=VERTEX_POINT('',#4479);
#1404=VERTEX_POINT('',#4488);
#1405=VERTEX_POINT('',#4489);
#1406=VERTEX_POINT('',#4491);
#1407=VERTEX_POINT('',#4493);
#1408=VERTEX_POINT('',#4497);
#1409=VERTEX_POINT('',#4499);
#1410=VERTEX_POINT('',#4503);
#1411=VERTEX_POINT('',#4505);
#1412=VERTEX_POINT('',#4509);
#1413=VERTEX_POINT('',#4511);
#1414=VERTEX_POINT('',#4515);
#1415=VERTEX_POINT('',#4517);
#1416=VERTEX_POINT('',#4521);
#1417=VERTEX_POINT('',#4523);
#1418=VERTEX_POINT('',#4527);
#1419=VERTEX_POINT('',#4529);
#1420=VERTEX_POINT('',#4533);
#1421=VERTEX_POINT('',#4535);
#1422=EDGE_CURVE('',#1186,#1187,#1174,.T.);
#1423=EDGE_CURVE('',#1187,#1186,#1175,.T.);
#1424=EDGE_CURVE('',#1187,#1188,#542,.T.);
#1425=EDGE_CURVE('',#1188,#1189,#1176,.T.);
#1426=EDGE_CURVE('',#1189,#1188,#1177,.T.);
#1427=EDGE_CURVE('',#1190,#1191,#543,.T.);
#1428=EDGE_CURVE('',#1192,#1190,#544,.T.);
#1429=EDGE_CURVE('',#1193,#1192,#545,.T.);
#1430=EDGE_CURVE('',#1194,#1193,#546,.T.);
#1431=EDGE_CURVE('',#1195,#1194,#547,.T.);
#1432=EDGE_CURVE('',#1196,#1195,#548,.T.);
#1433=EDGE_CURVE('',#1197,#1196,#549,.T.);
#1434=EDGE_CURVE('',#1198,#1197,#550,.T.);
#1435=EDGE_CURVE('',#1199,#1198,#551,.T.);
#1436=EDGE_CURVE('',#1200,#1199,#552,.T.);
#1437=EDGE_CURVE('',#1201,#1200,#553,.T.);
#1438=EDGE_CURVE('',#1191,#1201,#554,.T.);
#1439=EDGE_CURVE('',#1202,#1191,#555,.T.);
#1440=EDGE_CURVE('',#1203,#1202,#556,.T.);
#1441=EDGE_CURVE('',#1203,#1190,#557,.T.);
#1442=EDGE_CURVE('',#1204,#1203,#558,.T.);
#1443=EDGE_CURVE('',#1204,#1192,#559,.T.);
#1444=EDGE_CURVE('',#1205,#1204,#560,.T.);
#1445=EDGE_CURVE('',#1205,#1193,#561,.T.);
#1446=EDGE_CURVE('',#1206,#1205,#562,.T.);
#1447=EDGE_CURVE('',#1206,#1194,#563,.T.);
#1448=EDGE_CURVE('',#1207,#1206,#564,.T.);
#1449=EDGE_CURVE('',#1207,#1195,#565,.T.);
#1450=EDGE_CURVE('',#1208,#1207,#566,.T.);
#1451=EDGE_CURVE('',#1208,#1196,#567,.T.);
#1452=EDGE_CURVE('',#1209,#1208,#568,.T.);
#1453=EDGE_CURVE('',#1209,#1197,#569,.T.);
#1454=EDGE_CURVE('',#1210,#1209,#570,.T.);
#1455=EDGE_CURVE('',#1210,#1198,#571,.T.);
#1456=EDGE_CURVE('',#1211,#1210,#572,.T.);
#1457=EDGE_CURVE('',#1211,#1199,#573,.T.);
#1458=EDGE_CURVE('',#1212,#1211,#574,.T.);
#1459=EDGE_CURVE('',#1212,#1200,#575,.T.);
#1460=EDGE_CURVE('',#1213,#1212,#576,.T.);
#1461=EDGE_CURVE('',#1213,#1201,#577,.T.);
#1462=EDGE_CURVE('',#1202,#1213,#578,.T.);
#1463=EDGE_CURVE('',#1214,#1215,#579,.T.);
#1464=EDGE_CURVE('',#1214,#1216,#580,.T.);
#1465=EDGE_CURVE('',#1216,#1217,#581,.T.);
#1466=EDGE_CURVE('',#1217,#1215,#582,.T.);
#1467=EDGE_CURVE('',#1218,#1219,#583,.T.);
#1468=EDGE_CURVE('',#1218,#1217,#584,.T.);
#1469=EDGE_CURVE('',#1219,#1216,#585,.T.);
#1470=EDGE_CURVE('',#1220,#1221,#586,.T.);
#1471=EDGE_CURVE('',#1222,#1220,#587,.T.);
#1472=EDGE_CURVE('',#1222,#1215,#588,.T.);
#1473=EDGE_CURVE('',#1221,#1218,#589,.T.);
#1474=EDGE_CURVE('',#1223,#1224,#590,.T.);
#1475=EDGE_CURVE('',#1220,#1223,#591,.T.);
#1476=EDGE_CURVE('',#1221,#1224,#592,.T.);
#1477=EDGE_CURVE('',#1224,#1219,#593,.T.);
#1478=EDGE_CURVE('',#1223,#1225,#594,.T.);
#1479=EDGE_CURVE('',#1225,#1222,#595,.T.);
#1480=EDGE_CURVE('',#1225,#1214,#596,.T.);
#1481=EDGE_CURVE('',#1226,#1227,#597,.T.);
#1482=EDGE_CURVE('',#1226,#1228,#598,.T.);
#1483=EDGE_CURVE('',#1229,#1228,#599,.T.);
#1484=EDGE_CURVE('',#1227,#1229,#600,.T.);
#1485=EDGE_CURVE('',#1230,#1231,#601,.T.);
#1486=EDGE_CURVE('',#1230,#1229,#602,.T.);
#1487=EDGE_CURVE('',#1228,#1231,#603,.T.);
#1488=EDGE_CURVE('',#1232,#1230,#604,.T.);
#1489=EDGE_CURVE('',#1233,#1232,#605,.T.);
#1490=EDGE_CURVE('',#1233,#1234,#606,.T.);
#1491=EDGE_CURVE('',#1234,#1227,#607,.T.);
#1492=EDGE_CURVE('',#1235,#1231,#608,.T.);
#1493=EDGE_CURVE('',#1232,#1235,#609,.T.);
#1494=EDGE_CURVE('',#1236,#1237,#610,.T.);
#1495=EDGE_CURVE('',#1235,#1236,#611,.T.);
#1496=EDGE_CURVE('',#1237,#1226,#612,.T.);
#1497=EDGE_CURVE('',#1236,#1233,#613,.T.);
#1498=EDGE_CURVE('',#1237,#1234,#614,.T.);
#1499=EDGE_CURVE('',#1238,#1239,#615,.T.);
#1500=EDGE_CURVE('',#1238,#1240,#616,.T.);
#1501=EDGE_CURVE('',#1241,#1240,#617,.T.);
#1502=EDGE_CURVE('',#1239,#1241,#618,.T.);
#1503=EDGE_CURVE('',#1242,#1243,#619,.T.);
#1504=EDGE_CURVE('',#1242,#1241,#620,.T.);
#1505=EDGE_CURVE('',#1240,#1243,#621,.T.);
#1506=EDGE_CURVE('',#1244,#1242,#622,.T.);
#1507=EDGE_CURVE('',#1245,#1244,#623,.T.);
#1508=EDGE_CURVE('',#1245,#1246,#624,.T.);
#1509=EDGE_CURVE('',#1246,#1239,#625,.T.);
#1510=EDGE_CURVE('',#1247,#1243,#626,.T.);
#1511=EDGE_CURVE('',#1244,#1247,#627,.T.);
#1512=EDGE_CURVE('',#1248,#1249,#628,.T.);
#1513=EDGE_CURVE('',#1247,#1248,#629,.T.);
#1514=EDGE_CURVE('',#1249,#1238,#630,.T.);
#1515=EDGE_CURVE('',#1248,#1245,#631,.T.);
#1516=EDGE_CURVE('',#1249,#1246,#632,.T.);
#1517=EDGE_CURVE('',#1250,#1251,#633,.T.);
#1518=EDGE_CURVE('',#1251,#1252,#634,.T.);
#1519=EDGE_CURVE('',#1252,#1253,#635,.T.);
#1520=EDGE_CURVE('',#1253,#1250,#636,.T.);
#1521=EDGE_CURVE('',#1254,#1255,#637,.T.);
#1522=EDGE_CURVE('',#1256,#1255,#638,.T.);
#1523=EDGE_CURVE('',#1256,#1257,#639,.T.);
#1524=EDGE_CURVE('',#1257,#1254,#640,.T.);
#1525=EDGE_CURVE('',#1255,#1258,#641,.T.);
#1526=EDGE_CURVE('',#1258,#1259,#642,.T.);
#1527=EDGE_CURVE('',#1259,#1256,#643,.T.);
#1528=EDGE_CURVE('',#1251,#1254,#644,.T.);
#1529=EDGE_CURVE('',#1257,#1252,#645,.T.);
#1530=EDGE_CURVE('',#1260,#1260,#1178,.T.);
#1531=EDGE_CURVE('',#1261,#1250,#646,.T.);
#1532=EDGE_CURVE('',#1253,#1262,#647,.T.);
#1533=EDGE_CURVE('',#1262,#1261,#648,.T.);
#1534=EDGE_CURVE('',#1263,#1259,#649,.T.);
#1535=EDGE_CURVE('',#1264,#1263,#650,.T.);
#1536=EDGE_CURVE('',#1264,#1262,#651,.T.);
#1537=EDGE_CURVE('',#1265,#1258,#652,.T.);
#1538=EDGE_CURVE('',#1263,#1265,#653,.T.);
#1539=EDGE_CURVE('',#1260,#1266,#654,.T.);
#1540=EDGE_CURVE('',#1267,#1266,#1179,.T.);
#1541=EDGE_CURVE('',#1266,#1267,#1180,.T.);
#1542=EDGE_CURVE('',#1268,#1261,#655,.T.);
#1543=EDGE_CURVE('',#1265,#1268,#656,.T.);
#1544=EDGE_CURVE('',#1268,#1264,#657,.T.);
#1545=EDGE_CURVE('',#1269,#1270,#658,.T.);
#1546=EDGE_CURVE('',#1271,#1269,#659,.T.);
#1547=EDGE_CURVE('',#1272,#1271,#660,.T.);
#1548=EDGE_CURVE('',#1270,#1272,#661,.T.);
#1549=EDGE_CURVE('',#1273,#1274,#662,.T.);
#1550=EDGE_CURVE('',#1275,#1273,#663,.T.);
#1551=EDGE_CURVE('',#1276,#1275,#664,.T.);
#1552=EDGE_CURVE('',#1276,#1274,#665,.T.);
#1553=EDGE_CURVE('',#1274,#1277,#666,.T.);
#1554=EDGE_CURVE('',#1278,#1276,#667,.T.);
#1555=EDGE_CURVE('',#1277,#1278,#668,.T.);
#1556=EDGE_CURVE('',#1270,#1273,#669,.T.);
#1557=EDGE_CURVE('',#1275,#1272,#670,.T.);
#1558=EDGE_CURVE('',#1279,#1279,#1181,.T.);
#1559=EDGE_CURVE('',#1280,#1269,#671,.T.);
#1560=EDGE_CURVE('',#1281,#1280,#672,.T.);
#1561=EDGE_CURVE('',#1271,#1281,#673,.T.);
#1562=EDGE_CURVE('',#1280,#1282,#674,.T.);
#1563=EDGE_CURVE('',#1282,#1283,#675,.T.);
#1564=EDGE_CURVE('',#1281,#1283,#676,.T.);
#1565=EDGE_CURVE('',#1277,#1284,#677,.T.);
#1566=EDGE_CURVE('',#1284,#1282,#678,.T.);
#1567=EDGE_CURVE('',#1283,#1285,#679,.T.);
#1568=EDGE_CURVE('',#1285,#1284,#680,.T.);
#1569=EDGE_CURVE('',#1286,#1287,#1182,.T.);
#1570=EDGE_CURVE('',#1287,#1279,#681,.T.);
#1571=EDGE_CURVE('',#1287,#1286,#1183,.T.);
#1572=EDGE_CURVE('',#1278,#1285,#682,.T.);
#1573=EDGE_CURVE('',#1288,#1288,#1184,.T.);
#1574=EDGE_CURVE('',#1288,#1289,#683,.T.);
#1575=EDGE_CURVE('',#1289,#1289,#1185,.T.);
#1576=EDGE_CURVE('',#1290,#1291,#684,.T.);
#1577=EDGE_CURVE('',#1291,#1292,#685,.T.);
#1578=EDGE_CURVE('',#1293,#1292,#686,.T.);
#1579=EDGE_CURVE('',#1290,#1293,#687,.T.);
#1580=EDGE_CURVE('',#1292,#1294,#688,.T.);
#1581=EDGE_CURVE('',#1295,#1294,#689,.T.);
#1582=EDGE_CURVE('',#1293,#1295,#690,.T.);
#1583=EDGE_CURVE('',#1294,#1296,#691,.T.);
#1584=EDGE_CURVE('',#1297,#1296,#692,.T.);
#1585=EDGE_CURVE('',#1295,#1297,#693,.T.);
#1586=EDGE_CURVE('',#1296,#1291,#694,.T.);
#1587=EDGE_CURVE('',#1297,#1290,#695,.T.);
#1588=EDGE_CURVE('',#1298,#1299,#696,.T.);
#1589=EDGE_CURVE('',#1299,#1300,#697,.T.);
#1590=EDGE_CURVE('',#1301,#1300,#698,.T.);
#1591=EDGE_CURVE('',#1298,#1301,#699,.T.);
#1592=EDGE_CURVE('',#1300,#1302,#700,.T.);
#1593=EDGE_CURVE('',#1303,#1302,#701,.T.);
#1594=EDGE_CURVE('',#1301,#1303,#702,.T.);
#1595=EDGE_CURVE('',#1302,#1299,#703,.T.);
#1596=EDGE_CURVE('',#1303,#1298,#704,.T.);
#1597=EDGE_CURVE('',#1304,#1305,#705,.T.);
#1598=EDGE_CURVE('',#1305,#1306,#706,.T.);
#1599=EDGE_CURVE('',#1307,#1306,#707,.T.);
#1600=EDGE_CURVE('',#1304,#1307,#708,.T.);
#1601=EDGE_CURVE('',#1306,#1308,#709,.T.);
#1602=EDGE_CURVE('',#1309,#1308,#710,.T.);
#1603=EDGE_CURVE('',#1307,#1309,#711,.T.);
#1604=EDGE_CURVE('',#1308,#1310,#712,.T.);
#1605=EDGE_CURVE('',#1311,#1310,#713,.T.);
#1606=EDGE_CURVE('',#1309,#1311,#714,.T.);
#1607=EDGE_CURVE('',#1310,#1312,#715,.T.);
#1608=EDGE_CURVE('',#1313,#1312,#716,.T.);
#1609=EDGE_CURVE('',#1311,#1313,#717,.T.);
#1610=EDGE_CURVE('',#1312,#1314,#718,.T.);
#1611=EDGE_CURVE('',#1315,#1314,#719,.T.);
#1612=EDGE_CURVE('',#1313,#1315,#720,.T.);
#1613=EDGE_CURVE('',#1314,#1316,#721,.T.);
#1614=EDGE_CURVE('',#1317,#1316,#722,.T.);
#1615=EDGE_CURVE('',#1315,#1317,#723,.T.);
#1616=EDGE_CURVE('',#1316,#1318,#724,.T.);
#1617=EDGE_CURVE('',#1319,#1318,#725,.T.);
#1618=EDGE_CURVE('',#1317,#1319,#726,.T.);
#1619=EDGE_CURVE('',#1318,#1305,#727,.T.);
#1620=EDGE_CURVE('',#1319,#1304,#728,.T.);
#1621=EDGE_CURVE('',#1320,#1321,#729,.T.);
#1622=EDGE_CURVE('',#1321,#1322,#730,.T.);
#1623=EDGE_CURVE('',#1323,#1322,#731,.T.);
#1624=EDGE_CURVE('',#1320,#1323,#732,.T.);
#1625=EDGE_CURVE('',#1322,#1324,#733,.T.);
#1626=EDGE_CURVE('',#1325,#1324,#734,.T.);
#1627=EDGE_CURVE('',#1323,#1325,#735,.T.);
#1628=EDGE_CURVE('',#1324,#1326,#736,.T.);
#1629=EDGE_CURVE('',#1327,#1326,#737,.T.);
#1630=EDGE_CURVE('',#1325,#1327,#738,.T.);
#1631=EDGE_CURVE('',#1326,#1321,#739,.T.);
#1632=EDGE_CURVE('',#1327,#1320,#740,.T.);
#1633=EDGE_CURVE('',#1328,#1329,#741,.T.);
#1634=EDGE_CURVE('',#1329,#1330,#11,.T.);
#1635=EDGE_CURVE('',#1331,#1330,#742,.T.);
#1636=EDGE_CURVE('',#1328,#1331,#12,.T.);
#1637=EDGE_CURVE('',#1330,#1332,#13,.T.);
#1638=EDGE_CURVE('',#1333,#1332,#743,.T.);
#1639=EDGE_CURVE('',#1331,#1333,#14,.T.);
#1640=EDGE_CURVE('',#1332,#1334,#15,.T.);
#1641=EDGE_CURVE('',#1335,#1334,#744,.T.);
#1642=EDGE_CURVE('',#1333,#1335,#16,.T.);
#1643=EDGE_CURVE('',#1334,#1336,#17,.T.);
#1644=EDGE_CURVE('',#1337,#1336,#745,.T.);
#1645=EDGE_CURVE('',#1335,#1337,#18,.T.);
#1646=EDGE_CURVE('',#1336,#1338,#19,.T.);
#1647=EDGE_CURVE('',#1339,#1338,#746,.T.);
#1648=EDGE_CURVE('',#1337,#1339,#20,.T.);
#1649=EDGE_CURVE('',#1338,#1340,#21,.T.);
#1650=EDGE_CURVE('',#1341,#1340,#747,.T.);
#1651=EDGE_CURVE('',#1339,#1341,#22,.T.);
#1652=EDGE_CURVE('',#1340,#1342,#748,.T.);
#1653=EDGE_CURVE('',#1343,#1342,#749,.T.);
#1654=EDGE_CURVE('',#1341,#1343,#750,.T.);
#1655=EDGE_CURVE('',#1342,#1344,#23,.T.);
#1656=EDGE_CURVE('',#1345,#1344,#751,.T.);
#1657=EDGE_CURVE('',#1343,#1345,#24,.T.);
#1658=EDGE_CURVE('',#1344,#1346,#25,.T.);
#1659=EDGE_CURVE('',#1347,#1346,#752,.T.);
#1660=EDGE_CURVE('',#1345,#1347,#26,.T.);
#1661=EDGE_CURVE('',#1346,#1348,#27,.T.);
#1662=EDGE_CURVE('',#1349,#1348,#753,.T.);
#1663=EDGE_CURVE('',#1347,#1349,#28,.T.);
#1664=EDGE_CURVE('',#1348,#1350,#29,.T.);
#1665=EDGE_CURVE('',#1351,#1350,#754,.T.);
#1666=EDGE_CURVE('',#1349,#1351,#30,.T.);
#1667=EDGE_CURVE('',#1350,#1352,#31,.T.);
#1668=EDGE_CURVE('',#1353,#1352,#755,.T.);
#1669=EDGE_CURVE('',#1351,#1353,#32,.T.);
#1670=EDGE_CURVE('',#1352,#1354,#33,.T.);
#1671=EDGE_CURVE('',#1355,#1354,#756,.T.);
#1672=EDGE_CURVE('',#1353,#1355,#34,.T.);
#1673=EDGE_CURVE('',#1354,#1329,#757,.T.);
#1674=EDGE_CURVE('',#1355,#1328,#758,.T.);
#1675=EDGE_CURVE('',#1356,#1357,#759,.T.);
#1676=EDGE_CURVE('',#1357,#1358,#760,.T.);
#1677=EDGE_CURVE('',#1359,#1358,#761,.T.);
#1678=EDGE_CURVE('',#1356,#1359,#762,.T.);
#1679=EDGE_CURVE('',#1358,#1360,#763,.T.);
#1680=EDGE_CURVE('',#1361,#1360,#764,.T.);
#1681=EDGE_CURVE('',#1359,#1361,#765,.T.);
#1682=EDGE_CURVE('',#1360,#1362,#766,.T.);
#1683=EDGE_CURVE('',#1363,#1362,#767,.T.);
#1684=EDGE_CURVE('',#1361,#1363,#768,.T.);
#1685=EDGE_CURVE('',#1362,#1364,#769,.T.);
#1686=EDGE_CURVE('',#1365,#1364,#770,.T.);
#1687=EDGE_CURVE('',#1363,#1365,#771,.T.);
#1688=EDGE_CURVE('',#1364,#1366,#772,.T.);
#1689=EDGE_CURVE('',#1367,#1366,#773,.T.);
#1690=EDGE_CURVE('',#1365,#1367,#774,.T.);
#1691=EDGE_CURVE('',#1366,#1368,#775,.T.);
#1692=EDGE_CURVE('',#1369,#1368,#776,.T.);
#1693=EDGE_CURVE('',#1367,#1369,#777,.T.);
#1694=EDGE_CURVE('',#1368,#1370,#778,.T.);
#1695=EDGE_CURVE('',#1371,#1370,#779,.T.);
#1696=EDGE_CURVE('',#1369,#1371,#780,.T.);
#1697=EDGE_CURVE('',#1370,#1372,#781,.T.);
#1698=EDGE_CURVE('',#1373,#1372,#782,.T.);
#1699=EDGE_CURVE('',#1371,#1373,#783,.T.);
#1700=EDGE_CURVE('',#1372,#1374,#784,.T.);
#1701=EDGE_CURVE('',#1375,#1374,#785,.T.);
#1702=EDGE_CURVE('',#1373,#1375,#786,.T.);
#1703=EDGE_CURVE('',#1374,#1376,#787,.T.);
#1704=EDGE_CURVE('',#1377,#1376,#788,.T.);
#1705=EDGE_CURVE('',#1375,#1377,#789,.T.);
#1706=EDGE_CURVE('',#1376,#1378,#790,.T.);
#1707=EDGE_CURVE('',#1379,#1378,#791,.T.);
#1708=EDGE_CURVE('',#1377,#1379,#792,.T.);
#1709=EDGE_CURVE('',#1378,#1357,#793,.T.);
#1710=EDGE_CURVE('',#1379,#1356,#794,.T.);
#1711=EDGE_CURVE('',#1380,#1381,#795,.T.);
#1712=EDGE_CURVE('',#1381,#1382,#796,.T.);
#1713=EDGE_CURVE('',#1383,#1382,#797,.T.);
#1714=EDGE_CURVE('',#1380,#1383,#798,.T.);
#1715=EDGE_CURVE('',#1382,#1384,#799,.T.);
#1716=EDGE_CURVE('',#1385,#1384,#800,.T.);
#1717=EDGE_CURVE('',#1383,#1385,#801,.T.);
#1718=EDGE_CURVE('',#1384,#1386,#802,.T.);
#1719=EDGE_CURVE('',#1387,#1386,#803,.T.);
#1720=EDGE_CURVE('',#1385,#1387,#804,.T.);
#1721=EDGE_CURVE('',#1386,#1388,#805,.T.);
#1722=EDGE_CURVE('',#1389,#1388,#806,.T.);
#1723=EDGE_CURVE('',#1387,#1389,#807,.T.);
#1724=EDGE_CURVE('',#1388,#1390,#808,.T.);
#1725=EDGE_CURVE('',#1391,#1390,#809,.T.);
#1726=EDGE_CURVE('',#1389,#1391,#810,.T.);
#1727=EDGE_CURVE('',#1390,#1392,#811,.T.);
#1728=EDGE_CURVE('',#1393,#1392,#812,.T.);
#1729=EDGE_CURVE('',#1391,#1393,#813,.T.);
#1730=EDGE_CURVE('',#1392,#1394,#814,.T.);
#1731=EDGE_CURVE('',#1395,#1394,#815,.T.);
#1732=EDGE_CURVE('',#1393,#1395,#816,.T.);
#1733=EDGE_CURVE('',#1394,#1381,#817,.T.);
#1734=EDGE_CURVE('',#1395,#1380,#818,.T.);
#1735=EDGE_CURVE('',#1396,#1397,#819,.T.);
#1736=EDGE_CURVE('',#1397,#1398,#820,.T.);
#1737=EDGE_CURVE('',#1399,#1398,#821,.T.);
#1738=EDGE_CURVE('',#1396,#1399,#822,.T.);
#1739=EDGE_CURVE('',#1398,#1400,#823,.T.);
#1740=EDGE_CURVE('',#1401,#1400,#824,.T.);
#1741=EDGE_CURVE('',#1399,#1401,#825,.T.);
#1742=EDGE_CURVE('',#1400,#1402,#826,.T.);
#1743=EDGE_CURVE('',#1403,#1402,#827,.T.);
#1744=EDGE_CURVE('',#1401,#1403,#828,.T.);
#1745=EDGE_CURVE('',#1402,#1397,#829,.T.);
#1746=EDGE_CURVE('',#1403,#1396,#830,.T.);
#1747=EDGE_CURVE('',#1404,#1405,#831,.T.);
#1748=EDGE_CURVE('',#1405,#1406,#832,.T.);
#1749=EDGE_CURVE('',#1407,#1406,#833,.T.);
#1750=EDGE_CURVE('',#1404,#1407,#834,.T.);
#1751=EDGE_CURVE('',#1406,#1408,#835,.T.);
#1752=EDGE_CURVE('',#1409,#1408,#836,.T.);
#1753=EDGE_CURVE('',#1407,#1409,#837,.T.);
#1754=EDGE_CURVE('',#1408,#1410,#838,.T.);
#1755=EDGE_CURVE('',#1411,#1410,#839,.T.);
#1756=EDGE_CURVE('',#1409,#1411,#840,.T.);
#1757=EDGE_CURVE('',#1410,#1412,#841,.T.);
#1758=EDGE_CURVE('',#1413,#1412,#842,.T.);
#1759=EDGE_CURVE('',#1411,#1413,#843,.T.);
#1760=EDGE_CURVE('',#1412,#1414,#844,.T.);
#1761=EDGE_CURVE('',#1415,#1414,#845,.T.);
#1762=EDGE_CURVE('',#1413,#1415,#846,.T.);
#1763=EDGE_CURVE('',#1414,#1416,#847,.T.);
#1764=EDGE_CURVE('',#1417,#1416,#848,.T.);
#1765=EDGE_CURVE('',#1415,#1417,#849,.T.);
#1766=EDGE_CURVE('',#1416,#1418,#850,.T.);
#1767=EDGE_CURVE('',#1419,#1418,#851,.T.);
#1768=EDGE_CURVE('',#1417,#1419,#852,.T.);
#1769=EDGE_CURVE('',#1418,#1420,#853,.T.);
#1770=EDGE_CURVE('',#1421,#1420,#854,.T.);
#1771=EDGE_CURVE('',#1419,#1421,#855,.T.);
#1772=EDGE_CURVE('',#1420,#1405,#856,.T.);
#1773=EDGE_CURVE('',#1421,#1404,#857,.T.);
#1774=ORIENTED_EDGE('',*,*,#1422,.F.);
#1775=ORIENTED_EDGE('',*,*,#1423,.F.);
#1776=ORIENTED_EDGE('',*,*,#1424,.T.);
#1777=ORIENTED_EDGE('',*,*,#1425,.T.);
#1778=ORIENTED_EDGE('',*,*,#1426,.T.);
#1779=ORIENTED_EDGE('',*,*,#1424,.F.);
#1780=ORIENTED_EDGE('',*,*,#1426,.F.);
#1781=ORIENTED_EDGE('',*,*,#1425,.F.);
#1782=ORIENTED_EDGE('',*,*,#1422,.T.);
#1783=ORIENTED_EDGE('',*,*,#1423,.T.);
#1784=ORIENTED_EDGE('',*,*,#1427,.F.);
#1785=ORIENTED_EDGE('',*,*,#1428,.F.);
#1786=ORIENTED_EDGE('',*,*,#1429,.F.);
#1787=ORIENTED_EDGE('',*,*,#1430,.F.);
#1788=ORIENTED_EDGE('',*,*,#1431,.F.);
#1789=ORIENTED_EDGE('',*,*,#1432,.F.);
#1790=ORIENTED_EDGE('',*,*,#1433,.F.);
#1791=ORIENTED_EDGE('',*,*,#1434,.F.);
#1792=ORIENTED_EDGE('',*,*,#1435,.F.);
#1793=ORIENTED_EDGE('',*,*,#1436,.F.);
#1794=ORIENTED_EDGE('',*,*,#1437,.F.);
#1795=ORIENTED_EDGE('',*,*,#1438,.F.);
#1796=ORIENTED_EDGE('',*,*,#1427,.T.);
#1797=ORIENTED_EDGE('',*,*,#1439,.F.);
#1798=ORIENTED_EDGE('',*,*,#1440,.F.);
#1799=ORIENTED_EDGE('',*,*,#1441,.T.);
#1800=ORIENTED_EDGE('',*,*,#1428,.T.);
#1801=ORIENTED_EDGE('',*,*,#1441,.F.);
#1802=ORIENTED_EDGE('',*,*,#1442,.F.);
#1803=ORIENTED_EDGE('',*,*,#1443,.T.);
#1804=ORIENTED_EDGE('',*,*,#1429,.T.);
#1805=ORIENTED_EDGE('',*,*,#1443,.F.);
#1806=ORIENTED_EDGE('',*,*,#1444,.F.);
#1807=ORIENTED_EDGE('',*,*,#1445,.T.);
#1808=ORIENTED_EDGE('',*,*,#1430,.T.);
#1809=ORIENTED_EDGE('',*,*,#1445,.F.);
#1810=ORIENTED_EDGE('',*,*,#1446,.F.);
#1811=ORIENTED_EDGE('',*,*,#1447,.T.);
#1812=ORIENTED_EDGE('',*,*,#1431,.T.);
#1813=ORIENTED_EDGE('',*,*,#1447,.F.);
#1814=ORIENTED_EDGE('',*,*,#1448,.F.);
#1815=ORIENTED_EDGE('',*,*,#1449,.T.);
#1816=ORIENTED_EDGE('',*,*,#1432,.T.);
#1817=ORIENTED_EDGE('',*,*,#1449,.F.);
#1818=ORIENTED_EDGE('',*,*,#1450,.F.);
#1819=ORIENTED_EDGE('',*,*,#1451,.T.);
#1820=ORIENTED_EDGE('',*,*,#1433,.T.);
#1821=ORIENTED_EDGE('',*,*,#1451,.F.);
#1822=ORIENTED_EDGE('',*,*,#1452,.F.);
#1823=ORIENTED_EDGE('',*,*,#1453,.T.);
#1824=ORIENTED_EDGE('',*,*,#1434,.T.);
#1825=ORIENTED_EDGE('',*,*,#1453,.F.);
#1826=ORIENTED_EDGE('',*,*,#1454,.F.);
#1827=ORIENTED_EDGE('',*,*,#1455,.T.);
#1828=ORIENTED_EDGE('',*,*,#1435,.T.);
#1829=ORIENTED_EDGE('',*,*,#1455,.F.);
#1830=ORIENTED_EDGE('',*,*,#1456,.F.);
#1831=ORIENTED_EDGE('',*,*,#1457,.T.);
#1832=ORIENTED_EDGE('',*,*,#1436,.T.);
#1833=ORIENTED_EDGE('',*,*,#1457,.F.);
#1834=ORIENTED_EDGE('',*,*,#1458,.F.);
#1835=ORIENTED_EDGE('',*,*,#1459,.T.);
#1836=ORIENTED_EDGE('',*,*,#1437,.T.);
#1837=ORIENTED_EDGE('',*,*,#1459,.F.);
#1838=ORIENTED_EDGE('',*,*,#1460,.F.);
#1839=ORIENTED_EDGE('',*,*,#1461,.T.);
#1840=ORIENTED_EDGE('',*,*,#1438,.T.);
#1841=ORIENTED_EDGE('',*,*,#1461,.F.);
#1842=ORIENTED_EDGE('',*,*,#1462,.F.);
#1843=ORIENTED_EDGE('',*,*,#1439,.T.);
#1844=ORIENTED_EDGE('',*,*,#1440,.T.);
#1845=ORIENTED_EDGE('',*,*,#1462,.T.);
#1846=ORIENTED_EDGE('',*,*,#1460,.T.);
#1847=ORIENTED_EDGE('',*,*,#1458,.T.);
#1848=ORIENTED_EDGE('',*,*,#1456,.T.);
#1849=ORIENTED_EDGE('',*,*,#1454,.T.);
#1850=ORIENTED_EDGE('',*,*,#1452,.T.);
#1851=ORIENTED_EDGE('',*,*,#1450,.T.);
#1852=ORIENTED_EDGE('',*,*,#1448,.T.);
#1853=ORIENTED_EDGE('',*,*,#1446,.T.);
#1854=ORIENTED_EDGE('',*,*,#1444,.T.);
#1855=ORIENTED_EDGE('',*,*,#1442,.T.);
#1856=ORIENTED_EDGE('',*,*,#1463,.F.);
#1857=ORIENTED_EDGE('',*,*,#1464,.T.);
#1858=ORIENTED_EDGE('',*,*,#1465,.T.);
#1859=ORIENTED_EDGE('',*,*,#1466,.T.);
#1860=ORIENTED_EDGE('',*,*,#1467,.F.);
#1861=ORIENTED_EDGE('',*,*,#1468,.T.);
#1862=ORIENTED_EDGE('',*,*,#1465,.F.);
#1863=ORIENTED_EDGE('',*,*,#1469,.F.);
#1864=ORIENTED_EDGE('',*,*,#1470,.F.);
#1865=ORIENTED_EDGE('',*,*,#1471,.F.);
#1866=ORIENTED_EDGE('',*,*,#1472,.T.);
#1867=ORIENTED_EDGE('',*,*,#1466,.F.);
#1868=ORIENTED_EDGE('',*,*,#1468,.F.);
#1869=ORIENTED_EDGE('',*,*,#1473,.F.);
#1870=ORIENTED_EDGE('',*,*,#1474,.F.);
#1871=ORIENTED_EDGE('',*,*,#1475,.F.);
#1872=ORIENTED_EDGE('',*,*,#1470,.T.);
#1873=ORIENTED_EDGE('',*,*,#1476,.T.);
#1874=ORIENTED_EDGE('',*,*,#1477,.F.);
#1875=ORIENTED_EDGE('',*,*,#1476,.F.);
#1876=ORIENTED_EDGE('',*,*,#1473,.T.);
#1877=ORIENTED_EDGE('',*,*,#1467,.T.);
#1878=ORIENTED_EDGE('',*,*,#1478,.T.);
#1879=ORIENTED_EDGE('',*,*,#1479,.T.);
#1880=ORIENTED_EDGE('',*,*,#1471,.T.);
#1881=ORIENTED_EDGE('',*,*,#1475,.T.);
#1882=ORIENTED_EDGE('',*,*,#1463,.T.);
#1883=ORIENTED_EDGE('',*,*,#1472,.F.);
#1884=ORIENTED_EDGE('',*,*,#1479,.F.);
#1885=ORIENTED_EDGE('',*,*,#1480,.T.);
#1886=ORIENTED_EDGE('',*,*,#1480,.F.);
#1887=ORIENTED_EDGE('',*,*,#1478,.F.);
#1888=ORIENTED_EDGE('',*,*,#1474,.T.);
#1889=ORIENTED_EDGE('',*,*,#1477,.T.);
#1890=ORIENTED_EDGE('',*,*,#1469,.T.);
#1891=ORIENTED_EDGE('',*,*,#1464,.F.);
#1892=ORIENTED_EDGE('',*,*,#1481,.F.);
#1893=ORIENTED_EDGE('',*,*,#1482,.T.);
#1894=ORIENTED_EDGE('',*,*,#1483,.F.);
#1895=ORIENTED_EDGE('',*,*,#1484,.F.);
#1896=ORIENTED_EDGE('',*,*,#1485,.F.);
#1897=ORIENTED_EDGE('',*,*,#1486,.T.);
#1898=ORIENTED_EDGE('',*,*,#1483,.T.);
#1899=ORIENTED_EDGE('',*,*,#1487,.T.);
#1900=ORIENTED_EDGE('',*,*,#1488,.F.);
#1901=ORIENTED_EDGE('',*,*,#1489,.F.);
#1902=ORIENTED_EDGE('',*,*,#1490,.T.);
#1903=ORIENTED_EDGE('',*,*,#1491,.T.);
#1904=ORIENTED_EDGE('',*,*,#1484,.T.);
#1905=ORIENTED_EDGE('',*,*,#1486,.F.);
#1906=ORIENTED_EDGE('',*,*,#1485,.T.);
#1907=ORIENTED_EDGE('',*,*,#1492,.F.);
#1908=ORIENTED_EDGE('',*,*,#1493,.F.);
#1909=ORIENTED_EDGE('',*,*,#1488,.T.);
#1910=ORIENTED_EDGE('',*,*,#1494,.F.);
#1911=ORIENTED_EDGE('',*,*,#1495,.F.);
#1912=ORIENTED_EDGE('',*,*,#1492,.T.);
#1913=ORIENTED_EDGE('',*,*,#1487,.F.);
#1914=ORIENTED_EDGE('',*,*,#1482,.F.);
#1915=ORIENTED_EDGE('',*,*,#1496,.F.);
#1916=ORIENTED_EDGE('',*,*,#1490,.F.);
#1917=ORIENTED_EDGE('',*,*,#1497,.F.);
#1918=ORIENTED_EDGE('',*,*,#1494,.T.);
#1919=ORIENTED_EDGE('',*,*,#1498,.T.);
#1920=ORIENTED_EDGE('',*,*,#1495,.T.);
#1921=ORIENTED_EDGE('',*,*,#1497,.T.);
#1922=ORIENTED_EDGE('',*,*,#1489,.T.);
#1923=ORIENTED_EDGE('',*,*,#1493,.T.);
#1924=ORIENTED_EDGE('',*,*,#1498,.F.);
#1925=ORIENTED_EDGE('',*,*,#1496,.T.);
#1926=ORIENTED_EDGE('',*,*,#1481,.T.);
#1927=ORIENTED_EDGE('',*,*,#1491,.F.);
#1928=ORIENTED_EDGE('',*,*,#1499,.F.);
#1929=ORIENTED_EDGE('',*,*,#1500,.T.);
#1930=ORIENTED_EDGE('',*,*,#1501,.F.);
#1931=ORIENTED_EDGE('',*,*,#1502,.F.);
#1932=ORIENTED_EDGE('',*,*,#1503,.F.);
#1933=ORIENTED_EDGE('',*,*,#1504,.T.);
#1934=ORIENTED_EDGE('',*,*,#1501,.T.);
#1935=ORIENTED_EDGE('',*,*,#1505,.T.);
#1936=ORIENTED_EDGE('',*,*,#1506,.F.);
#1937=ORIENTED_EDGE('',*,*,#1507,.F.);
#1938=ORIENTED_EDGE('',*,*,#1508,.T.);
#1939=ORIENTED_EDGE('',*,*,#1509,.T.);
#1940=ORIENTED_EDGE('',*,*,#1502,.T.);
#1941=ORIENTED_EDGE('',*,*,#1504,.F.);
#1942=ORIENTED_EDGE('',*,*,#1503,.T.);
#1943=ORIENTED_EDGE('',*,*,#1510,.F.);
#1944=ORIENTED_EDGE('',*,*,#1511,.F.);
#1945=ORIENTED_EDGE('',*,*,#1506,.T.);
#1946=ORIENTED_EDGE('',*,*,#1512,.F.);
#1947=ORIENTED_EDGE('',*,*,#1513,.F.);
#1948=ORIENTED_EDGE('',*,*,#1510,.T.);
#1949=ORIENTED_EDGE('',*,*,#1505,.F.);
#1950=ORIENTED_EDGE('',*,*,#1500,.F.);
#1951=ORIENTED_EDGE('',*,*,#1514,.F.);
#1952=ORIENTED_EDGE('',*,*,#1508,.F.);
#1953=ORIENTED_EDGE('',*,*,#1515,.F.);
#1954=ORIENTED_EDGE('',*,*,#1512,.T.);
#1955=ORIENTED_EDGE('',*,*,#1516,.T.);
#1956=ORIENTED_EDGE('',*,*,#1513,.T.);
#1957=ORIENTED_EDGE('',*,*,#1515,.T.);
#1958=ORIENTED_EDGE('',*,*,#1507,.T.);
#1959=ORIENTED_EDGE('',*,*,#1511,.T.);
#1960=ORIENTED_EDGE('',*,*,#1516,.F.);
#1961=ORIENTED_EDGE('',*,*,#1514,.T.);
#1962=ORIENTED_EDGE('',*,*,#1499,.T.);
#1963=ORIENTED_EDGE('',*,*,#1509,.F.);
#1964=ORIENTED_EDGE('',*,*,#1517,.T.);
#1965=ORIENTED_EDGE('',*,*,#1518,.T.);
#1966=ORIENTED_EDGE('',*,*,#1519,.T.);
#1967=ORIENTED_EDGE('',*,*,#1520,.T.);
#1968=ORIENTED_EDGE('',*,*,#1521,.T.);
#1969=ORIENTED_EDGE('',*,*,#1522,.F.);
#1970=ORIENTED_EDGE('',*,*,#1523,.T.);
#1971=ORIENTED_EDGE('',*,*,#1524,.T.);
#1972=ORIENTED_EDGE('',*,*,#1525,.T.);
#1973=ORIENTED_EDGE('',*,*,#1526,.T.);
#1974=ORIENTED_EDGE('',*,*,#1527,.T.);
#1975=ORIENTED_EDGE('',*,*,#1522,.T.);
#1976=ORIENTED_EDGE('',*,*,#1528,.T.);
#1977=ORIENTED_EDGE('',*,*,#1524,.F.);
#1978=ORIENTED_EDGE('',*,*,#1529,.T.);
#1979=ORIENTED_EDGE('',*,*,#1518,.F.);
#1980=ORIENTED_EDGE('',*,*,#1530,.T.);
#1981=ORIENTED_EDGE('',*,*,#1531,.T.);
#1982=ORIENTED_EDGE('',*,*,#1520,.F.);
#1983=ORIENTED_EDGE('',*,*,#1532,.T.);
#1984=ORIENTED_EDGE('',*,*,#1533,.T.);
#1985=ORIENTED_EDGE('',*,*,#1532,.F.);
#1986=ORIENTED_EDGE('',*,*,#1519,.F.);
#1987=ORIENTED_EDGE('',*,*,#1529,.F.);
#1988=ORIENTED_EDGE('',*,*,#1523,.F.);
#1989=ORIENTED_EDGE('',*,*,#1527,.F.);
#1990=ORIENTED_EDGE('',*,*,#1534,.F.);
#1991=ORIENTED_EDGE('',*,*,#1535,.F.);
#1992=ORIENTED_EDGE('',*,*,#1536,.T.);
#1993=ORIENTED_EDGE('',*,*,#1526,.F.);
#1994=ORIENTED_EDGE('',*,*,#1537,.F.);
#1995=ORIENTED_EDGE('',*,*,#1538,.F.);
#1996=ORIENTED_EDGE('',*,*,#1534,.T.);
#1997=ORIENTED_EDGE('',*,*,#1530,.F.);
#1998=ORIENTED_EDGE('',*,*,#1539,.T.);
#1999=ORIENTED_EDGE('',*,*,#1540,.F.);
#2000=ORIENTED_EDGE('',*,*,#1541,.F.);
#2001=ORIENTED_EDGE('',*,*,#1539,.F.);
#2002=ORIENTED_EDGE('',*,*,#1531,.F.);
#2003=ORIENTED_EDGE('',*,*,#1542,.F.);
#2004=ORIENTED_EDGE('',*,*,#1543,.F.);
#2005=ORIENTED_EDGE('',*,*,#1537,.T.);
#2006=ORIENTED_EDGE('',*,*,#1525,.F.);
#2007=ORIENTED_EDGE('',*,*,#1521,.F.);
#2008=ORIENTED_EDGE('',*,*,#1528,.F.);
#2009=ORIENTED_EDGE('',*,*,#1517,.F.);
#2010=ORIENTED_EDGE('',*,*,#1533,.F.);
#2011=ORIENTED_EDGE('',*,*,#1536,.F.);
#2012=ORIENTED_EDGE('',*,*,#1544,.F.);
#2013=ORIENTED_EDGE('',*,*,#1542,.T.);
#2014=ORIENTED_EDGE('',*,*,#1535,.T.);
#2015=ORIENTED_EDGE('',*,*,#1538,.T.);
#2016=ORIENTED_EDGE('',*,*,#1543,.T.);
#2017=ORIENTED_EDGE('',*,*,#1544,.T.);
#2018=ORIENTED_EDGE('',*,*,#1540,.T.);
#2019=ORIENTED_EDGE('',*,*,#1541,.T.);
#2020=ORIENTED_EDGE('',*,*,#1545,.F.);
#2021=ORIENTED_EDGE('',*,*,#1546,.F.);
#2022=ORIENTED_EDGE('',*,*,#1547,.F.);
#2023=ORIENTED_EDGE('',*,*,#1548,.F.);
#2024=ORIENTED_EDGE('',*,*,#1549,.F.);
#2025=ORIENTED_EDGE('',*,*,#1550,.F.);
#2026=ORIENTED_EDGE('',*,*,#1551,.F.);
#2027=ORIENTED_EDGE('',*,*,#1552,.T.);
#2028=ORIENTED_EDGE('',*,*,#1553,.F.);
#2029=ORIENTED_EDGE('',*,*,#1552,.F.);
#2030=ORIENTED_EDGE('',*,*,#1554,.F.);
#2031=ORIENTED_EDGE('',*,*,#1555,.F.);
#2032=ORIENTED_EDGE('',*,*,#1556,.F.);
#2033=ORIENTED_EDGE('',*,*,#1548,.T.);
#2034=ORIENTED_EDGE('',*,*,#1557,.F.);
#2035=ORIENTED_EDGE('',*,*,#1550,.T.);
#2036=ORIENTED_EDGE('',*,*,#1558,.F.);
#2037=ORIENTED_EDGE('',*,*,#1559,.F.);
#2038=ORIENTED_EDGE('',*,*,#1560,.F.);
#2039=ORIENTED_EDGE('',*,*,#1561,.F.);
#2040=ORIENTED_EDGE('',*,*,#1546,.T.);
#2041=ORIENTED_EDGE('',*,*,#1560,.T.);
#2042=ORIENTED_EDGE('',*,*,#1562,.T.);
#2043=ORIENTED_EDGE('',*,*,#1563,.T.);
#2044=ORIENTED_EDGE('',*,*,#1564,.F.);
#2045=ORIENTED_EDGE('',*,*,#1559,.T.);
#2046=ORIENTED_EDGE('',*,*,#1545,.T.);
#2047=ORIENTED_EDGE('',*,*,#1556,.T.);
#2048=ORIENTED_EDGE('',*,*,#1549,.T.);
#2049=ORIENTED_EDGE('',*,*,#1553,.T.);
#2050=ORIENTED_EDGE('',*,*,#1565,.T.);
#2051=ORIENTED_EDGE('',*,*,#1566,.T.);
#2052=ORIENTED_EDGE('',*,*,#1562,.F.);
#2053=ORIENTED_EDGE('',*,*,#1567,.F.);
#2054=ORIENTED_EDGE('',*,*,#1563,.F.);
#2055=ORIENTED_EDGE('',*,*,#1566,.F.);
#2056=ORIENTED_EDGE('',*,*,#1568,.F.);
#2057=ORIENTED_EDGE('',*,*,#1569,.T.);
#2058=ORIENTED_EDGE('',*,*,#1570,.T.);
#2059=ORIENTED_EDGE('',*,*,#1558,.T.);
#2060=ORIENTED_EDGE('',*,*,#1570,.F.);
#2061=ORIENTED_EDGE('',*,*,#1571,.T.);
#2062=ORIENTED_EDGE('',*,*,#1561,.T.);
#2063=ORIENTED_EDGE('',*,*,#1564,.T.);
#2064=ORIENTED_EDGE('',*,*,#1567,.T.);
#2065=ORIENTED_EDGE('',*,*,#1572,.F.);
#2066=ORIENTED_EDGE('',*,*,#1554,.T.);
#2067=ORIENTED_EDGE('',*,*,#1551,.T.);
#2068=ORIENTED_EDGE('',*,*,#1557,.T.);
#2069=ORIENTED_EDGE('',*,*,#1547,.T.);
#2070=ORIENTED_EDGE('',*,*,#1555,.T.);
#2071=ORIENTED_EDGE('',*,*,#1572,.T.);
#2072=ORIENTED_EDGE('',*,*,#1568,.T.);
#2073=ORIENTED_EDGE('',*,*,#1565,.F.);
#2074=ORIENTED_EDGE('',*,*,#1569,.F.);
#2075=ORIENTED_EDGE('',*,*,#1571,.F.);
#2076=ORIENTED_EDGE('',*,*,#1573,.F.);
#2077=ORIENTED_EDGE('',*,*,#1574,.T.);
#2078=ORIENTED_EDGE('',*,*,#1575,.F.);
#2079=ORIENTED_EDGE('',*,*,#1574,.F.);
#2080=ORIENTED_EDGE('',*,*,#1575,.T.);
#2081=ORIENTED_EDGE('',*,*,#1573,.T.);
#2082=ORIENTED_EDGE('',*,*,#1576,.T.);
#2083=ORIENTED_EDGE('',*,*,#1577,.T.);
#2084=ORIENTED_EDGE('',*,*,#1578,.F.);
#2085=ORIENTED_EDGE('',*,*,#1579,.F.);
#2086=ORIENTED_EDGE('',*,*,#1578,.T.);
#2087=ORIENTED_EDGE('',*,*,#1580,.T.);
#2088=ORIENTED_EDGE('',*,*,#1581,.F.);
#2089=ORIENTED_EDGE('',*,*,#1582,.F.);
#2090=ORIENTED_EDGE('',*,*,#1581,.T.);
#2091=ORIENTED_EDGE('',*,*,#1583,.T.);
#2092=ORIENTED_EDGE('',*,*,#1584,.F.);
#2093=ORIENTED_EDGE('',*,*,#1585,.F.);
#2094=ORIENTED_EDGE('',*,*,#1584,.T.);
#2095=ORIENTED_EDGE('',*,*,#1586,.T.);
#2096=ORIENTED_EDGE('',*,*,#1576,.F.);
#2097=ORIENTED_EDGE('',*,*,#1587,.F.);
#2098=ORIENTED_EDGE('',*,*,#1579,.T.);
#2099=ORIENTED_EDGE('',*,*,#1582,.T.);
#2100=ORIENTED_EDGE('',*,*,#1585,.T.);
#2101=ORIENTED_EDGE('',*,*,#1587,.T.);
#2102=ORIENTED_EDGE('',*,*,#1577,.F.);
#2103=ORIENTED_EDGE('',*,*,#1586,.F.);
#2104=ORIENTED_EDGE('',*,*,#1583,.F.);
#2105=ORIENTED_EDGE('',*,*,#1580,.F.);
#2106=ORIENTED_EDGE('',*,*,#1588,.T.);
#2107=ORIENTED_EDGE('',*,*,#1589,.T.);
#2108=ORIENTED_EDGE('',*,*,#1590,.F.);
#2109=ORIENTED_EDGE('',*,*,#1591,.F.);
#2110=ORIENTED_EDGE('',*,*,#1590,.T.);
#2111=ORIENTED_EDGE('',*,*,#1592,.T.);
#2112=ORIENTED_EDGE('',*,*,#1593,.F.);
#2113=ORIENTED_EDGE('',*,*,#1594,.F.);
#2114=ORIENTED_EDGE('',*,*,#1593,.T.);
#2115=ORIENTED_EDGE('',*,*,#1595,.T.);
#2116=ORIENTED_EDGE('',*,*,#1588,.F.);
#2117=ORIENTED_EDGE('',*,*,#1596,.F.);
#2118=ORIENTED_EDGE('',*,*,#1591,.T.);
#2119=ORIENTED_EDGE('',*,*,#1594,.T.);
#2120=ORIENTED_EDGE('',*,*,#1596,.T.);
#2121=ORIENTED_EDGE('',*,*,#1589,.F.);
#2122=ORIENTED_EDGE('',*,*,#1595,.F.);
#2123=ORIENTED_EDGE('',*,*,#1592,.F.);
#2124=ORIENTED_EDGE('',*,*,#1597,.T.);
#2125=ORIENTED_EDGE('',*,*,#1598,.T.);
#2126=ORIENTED_EDGE('',*,*,#1599,.F.);
#2127=ORIENTED_EDGE('',*,*,#1600,.F.);
#2128=ORIENTED_EDGE('',*,*,#1599,.T.);
#2129=ORIENTED_EDGE('',*,*,#1601,.T.);
#2130=ORIENTED_EDGE('',*,*,#1602,.F.);
#2131=ORIENTED_EDGE('',*,*,#1603,.F.);
#2132=ORIENTED_EDGE('',*,*,#1602,.T.);
#2133=ORIENTED_EDGE('',*,*,#1604,.T.);
#2134=ORIENTED_EDGE('',*,*,#1605,.F.);
#2135=ORIENTED_EDGE('',*,*,#1606,.F.);
#2136=ORIENTED_EDGE('',*,*,#1605,.T.);
#2137=ORIENTED_EDGE('',*,*,#1607,.T.);
#2138=ORIENTED_EDGE('',*,*,#1608,.F.);
#2139=ORIENTED_EDGE('',*,*,#1609,.F.);
#2140=ORIENTED_EDGE('',*,*,#1608,.T.);
#2141=ORIENTED_EDGE('',*,*,#1610,.T.);
#2142=ORIENTED_EDGE('',*,*,#1611,.F.);
#2143=ORIENTED_EDGE('',*,*,#1612,.F.);
#2144=ORIENTED_EDGE('',*,*,#1611,.T.);
#2145=ORIENTED_EDGE('',*,*,#1613,.T.);
#2146=ORIENTED_EDGE('',*,*,#1614,.F.);
#2147=ORIENTED_EDGE('',*,*,#1615,.F.);
#2148=ORIENTED_EDGE('',*,*,#1614,.T.);
#2149=ORIENTED_EDGE('',*,*,#1616,.T.);
#2150=ORIENTED_EDGE('',*,*,#1617,.F.);
#2151=ORIENTED_EDGE('',*,*,#1618,.F.);
#2152=ORIENTED_EDGE('',*,*,#1617,.T.);
#2153=ORIENTED_EDGE('',*,*,#1619,.T.);
#2154=ORIENTED_EDGE('',*,*,#1597,.F.);
#2155=ORIENTED_EDGE('',*,*,#1620,.F.);
#2156=ORIENTED_EDGE('',*,*,#1600,.T.);
#2157=ORIENTED_EDGE('',*,*,#1603,.T.);
#2158=ORIENTED_EDGE('',*,*,#1606,.T.);
#2159=ORIENTED_EDGE('',*,*,#1609,.T.);
#2160=ORIENTED_EDGE('',*,*,#1612,.T.);
#2161=ORIENTED_EDGE('',*,*,#1615,.T.);
#2162=ORIENTED_EDGE('',*,*,#1618,.T.);
#2163=ORIENTED_EDGE('',*,*,#1620,.T.);
#2164=ORIENTED_EDGE('',*,*,#1598,.F.);
#2165=ORIENTED_EDGE('',*,*,#1619,.F.);
#2166=ORIENTED_EDGE('',*,*,#1616,.F.);
#2167=ORIENTED_EDGE('',*,*,#1613,.F.);
#2168=ORIENTED_EDGE('',*,*,#1610,.F.);
#2169=ORIENTED_EDGE('',*,*,#1607,.F.);
#2170=ORIENTED_EDGE('',*,*,#1604,.F.);
#2171=ORIENTED_EDGE('',*,*,#1601,.F.);
#2172=ORIENTED_EDGE('',*,*,#1621,.T.);
#2173=ORIENTED_EDGE('',*,*,#1622,.T.);
#2174=ORIENTED_EDGE('',*,*,#1623,.F.);
#2175=ORIENTED_EDGE('',*,*,#1624,.F.);
#2176=ORIENTED_EDGE('',*,*,#1623,.T.);
#2177=ORIENTED_EDGE('',*,*,#1625,.T.);
#2178=ORIENTED_EDGE('',*,*,#1626,.F.);
#2179=ORIENTED_EDGE('',*,*,#1627,.F.);
#2180=ORIENTED_EDGE('',*,*,#1626,.T.);
#2181=ORIENTED_EDGE('',*,*,#1628,.T.);
#2182=ORIENTED_EDGE('',*,*,#1629,.F.);
#2183=ORIENTED_EDGE('',*,*,#1630,.F.);
#2184=ORIENTED_EDGE('',*,*,#1629,.T.);
#2185=ORIENTED_EDGE('',*,*,#1631,.T.);
#2186=ORIENTED_EDGE('',*,*,#1621,.F.);
#2187=ORIENTED_EDGE('',*,*,#1632,.F.);
#2188=ORIENTED_EDGE('',*,*,#1624,.T.);
#2189=ORIENTED_EDGE('',*,*,#1627,.T.);
#2190=ORIENTED_EDGE('',*,*,#1630,.T.);
#2191=ORIENTED_EDGE('',*,*,#1632,.T.);
#2192=ORIENTED_EDGE('',*,*,#1622,.F.);
#2193=ORIENTED_EDGE('',*,*,#1631,.F.);
#2194=ORIENTED_EDGE('',*,*,#1628,.F.);
#2195=ORIENTED_EDGE('',*,*,#1625,.F.);
#2196=ORIENTED_EDGE('',*,*,#1633,.T.);
#2197=ORIENTED_EDGE('',*,*,#1634,.T.);
#2198=ORIENTED_EDGE('',*,*,#1635,.F.);
#2199=ORIENTED_EDGE('',*,*,#1636,.F.);
#2200=ORIENTED_EDGE('',*,*,#1635,.T.);
#2201=ORIENTED_EDGE('',*,*,#1637,.T.);
#2202=ORIENTED_EDGE('',*,*,#1638,.F.);
#2203=ORIENTED_EDGE('',*,*,#1639,.F.);
#2204=ORIENTED_EDGE('',*,*,#1638,.T.);
#2205=ORIENTED_EDGE('',*,*,#1640,.T.);
#2206=ORIENTED_EDGE('',*,*,#1641,.F.);
#2207=ORIENTED_EDGE('',*,*,#1642,.F.);
#2208=ORIENTED_EDGE('',*,*,#1641,.T.);
#2209=ORIENTED_EDGE('',*,*,#1643,.T.);
#2210=ORIENTED_EDGE('',*,*,#1644,.F.);
#2211=ORIENTED_EDGE('',*,*,#1645,.F.);
#2212=ORIENTED_EDGE('',*,*,#1644,.T.);
#2213=ORIENTED_EDGE('',*,*,#1646,.T.);
#2214=ORIENTED_EDGE('',*,*,#1647,.F.);
#2215=ORIENTED_EDGE('',*,*,#1648,.F.);
#2216=ORIENTED_EDGE('',*,*,#1647,.T.);
#2217=ORIENTED_EDGE('',*,*,#1649,.T.);
#2218=ORIENTED_EDGE('',*,*,#1650,.F.);
#2219=ORIENTED_EDGE('',*,*,#1651,.F.);
#2220=ORIENTED_EDGE('',*,*,#1650,.T.);
#2221=ORIENTED_EDGE('',*,*,#1652,.T.);
#2222=ORIENTED_EDGE('',*,*,#1653,.F.);
#2223=ORIENTED_EDGE('',*,*,#1654,.F.);
#2224=ORIENTED_EDGE('',*,*,#1653,.T.);
#2225=ORIENTED_EDGE('',*,*,#1655,.T.);
#2226=ORIENTED_EDGE('',*,*,#1656,.F.);
#2227=ORIENTED_EDGE('',*,*,#1657,.F.);
#2228=ORIENTED_EDGE('',*,*,#1656,.T.);
#2229=ORIENTED_EDGE('',*,*,#1658,.T.);
#2230=ORIENTED_EDGE('',*,*,#1659,.F.);
#2231=ORIENTED_EDGE('',*,*,#1660,.F.);
#2232=ORIENTED_EDGE('',*,*,#1659,.T.);
#2233=ORIENTED_EDGE('',*,*,#1661,.T.);
#2234=ORIENTED_EDGE('',*,*,#1662,.F.);
#2235=ORIENTED_EDGE('',*,*,#1663,.F.);
#2236=ORIENTED_EDGE('',*,*,#1662,.T.);
#2237=ORIENTED_EDGE('',*,*,#1664,.T.);
#2238=ORIENTED_EDGE('',*,*,#1665,.F.);
#2239=ORIENTED_EDGE('',*,*,#1666,.F.);
#2240=ORIENTED_EDGE('',*,*,#1665,.T.);
#2241=ORIENTED_EDGE('',*,*,#1667,.T.);
#2242=ORIENTED_EDGE('',*,*,#1668,.F.);
#2243=ORIENTED_EDGE('',*,*,#1669,.F.);
#2244=ORIENTED_EDGE('',*,*,#1668,.T.);
#2245=ORIENTED_EDGE('',*,*,#1670,.T.);
#2246=ORIENTED_EDGE('',*,*,#1671,.F.);
#2247=ORIENTED_EDGE('',*,*,#1672,.F.);
#2248=ORIENTED_EDGE('',*,*,#1671,.T.);
#2249=ORIENTED_EDGE('',*,*,#1673,.T.);
#2250=ORIENTED_EDGE('',*,*,#1633,.F.);
#2251=ORIENTED_EDGE('',*,*,#1674,.F.);
#2252=ORIENTED_EDGE('',*,*,#1636,.T.);
#2253=ORIENTED_EDGE('',*,*,#1639,.T.);
#2254=ORIENTED_EDGE('',*,*,#1642,.T.);
#2255=ORIENTED_EDGE('',*,*,#1645,.T.);
#2256=ORIENTED_EDGE('',*,*,#1648,.T.);
#2257=ORIENTED_EDGE('',*,*,#1651,.T.);
#2258=ORIENTED_EDGE('',*,*,#1654,.T.);
#2259=ORIENTED_EDGE('',*,*,#1657,.T.);
#2260=ORIENTED_EDGE('',*,*,#1660,.T.);
#2261=ORIENTED_EDGE('',*,*,#1663,.T.);
#2262=ORIENTED_EDGE('',*,*,#1666,.T.);
#2263=ORIENTED_EDGE('',*,*,#1669,.T.);
#2264=ORIENTED_EDGE('',*,*,#1672,.T.);
#2265=ORIENTED_EDGE('',*,*,#1674,.T.);
#2266=ORIENTED_EDGE('',*,*,#1634,.F.);
#2267=ORIENTED_EDGE('',*,*,#1673,.F.);
#2268=ORIENTED_EDGE('',*,*,#1670,.F.);
#2269=ORIENTED_EDGE('',*,*,#1667,.F.);
#2270=ORIENTED_EDGE('',*,*,#1664,.F.);
#2271=ORIENTED_EDGE('',*,*,#1661,.F.);
#2272=ORIENTED_EDGE('',*,*,#1658,.F.);
#2273=ORIENTED_EDGE('',*,*,#1655,.F.);
#2274=ORIENTED_EDGE('',*,*,#1652,.F.);
#2275=ORIENTED_EDGE('',*,*,#1649,.F.);
#2276=ORIENTED_EDGE('',*,*,#1646,.F.);
#2277=ORIENTED_EDGE('',*,*,#1643,.F.);
#2278=ORIENTED_EDGE('',*,*,#1640,.F.);
#2279=ORIENTED_EDGE('',*,*,#1637,.F.);
#2280=ORIENTED_EDGE('',*,*,#1675,.T.);
#2281=ORIENTED_EDGE('',*,*,#1676,.T.);
#2282=ORIENTED_EDGE('',*,*,#1677,.F.);
#2283=ORIENTED_EDGE('',*,*,#1678,.F.);
#2284=ORIENTED_EDGE('',*,*,#1677,.T.);
#2285=ORIENTED_EDGE('',*,*,#1679,.T.);
#2286=ORIENTED_EDGE('',*,*,#1680,.F.);
#2287=ORIENTED_EDGE('',*,*,#1681,.F.);
#2288=ORIENTED_EDGE('',*,*,#1680,.T.);
#2289=ORIENTED_EDGE('',*,*,#1682,.T.);
#2290=ORIENTED_EDGE('',*,*,#1683,.F.);
#2291=ORIENTED_EDGE('',*,*,#1684,.F.);
#2292=ORIENTED_EDGE('',*,*,#1683,.T.);
#2293=ORIENTED_EDGE('',*,*,#1685,.T.);
#2294=ORIENTED_EDGE('',*,*,#1686,.F.);
#2295=ORIENTED_EDGE('',*,*,#1687,.F.);
#2296=ORIENTED_EDGE('',*,*,#1686,.T.);
#2297=ORIENTED_EDGE('',*,*,#1688,.T.);
#2298=ORIENTED_EDGE('',*,*,#1689,.F.);
#2299=ORIENTED_EDGE('',*,*,#1690,.F.);
#2300=ORIENTED_EDGE('',*,*,#1689,.T.);
#2301=ORIENTED_EDGE('',*,*,#1691,.T.);
#2302=ORIENTED_EDGE('',*,*,#1692,.F.);
#2303=ORIENTED_EDGE('',*,*,#1693,.F.);
#2304=ORIENTED_EDGE('',*,*,#1692,.T.);
#2305=ORIENTED_EDGE('',*,*,#1694,.T.);
#2306=ORIENTED_EDGE('',*,*,#1695,.F.);
#2307=ORIENTED_EDGE('',*,*,#1696,.F.);
#2308=ORIENTED_EDGE('',*,*,#1695,.T.);
#2309=ORIENTED_EDGE('',*,*,#1697,.T.);
#2310=ORIENTED_EDGE('',*,*,#1698,.F.);
#2311=ORIENTED_EDGE('',*,*,#1699,.F.);
#2312=ORIENTED_EDGE('',*,*,#1698,.T.);
#2313=ORIENTED_EDGE('',*,*,#1700,.T.);
#2314=ORIENTED_EDGE('',*,*,#1701,.F.);
#2315=ORIENTED_EDGE('',*,*,#1702,.F.);
#2316=ORIENTED_EDGE('',*,*,#1701,.T.);
#2317=ORIENTED_EDGE('',*,*,#1703,.T.);
#2318=ORIENTED_EDGE('',*,*,#1704,.F.);
#2319=ORIENTED_EDGE('',*,*,#1705,.F.);
#2320=ORIENTED_EDGE('',*,*,#1704,.T.);
#2321=ORIENTED_EDGE('',*,*,#1706,.T.);
#2322=ORIENTED_EDGE('',*,*,#1707,.F.);
#2323=ORIENTED_EDGE('',*,*,#1708,.F.);
#2324=ORIENTED_EDGE('',*,*,#1707,.T.);
#2325=ORIENTED_EDGE('',*,*,#1709,.T.);
#2326=ORIENTED_EDGE('',*,*,#1675,.F.);
#2327=ORIENTED_EDGE('',*,*,#1710,.F.);
#2328=ORIENTED_EDGE('',*,*,#1678,.T.);
#2329=ORIENTED_EDGE('',*,*,#1681,.T.);
#2330=ORIENTED_EDGE('',*,*,#1684,.T.);
#2331=ORIENTED_EDGE('',*,*,#1687,.T.);
#2332=ORIENTED_EDGE('',*,*,#1690,.T.);
#2333=ORIENTED_EDGE('',*,*,#1693,.T.);
#2334=ORIENTED_EDGE('',*,*,#1696,.T.);
#2335=ORIENTED_EDGE('',*,*,#1699,.T.);
#2336=ORIENTED_EDGE('',*,*,#1702,.T.);
#2337=ORIENTED_EDGE('',*,*,#1705,.T.);
#2338=ORIENTED_EDGE('',*,*,#1708,.T.);
#2339=ORIENTED_EDGE('',*,*,#1710,.T.);
#2340=ORIENTED_EDGE('',*,*,#1676,.F.);
#2341=ORIENTED_EDGE('',*,*,#1709,.F.);
#2342=ORIENTED_EDGE('',*,*,#1706,.F.);
#2343=ORIENTED_EDGE('',*,*,#1703,.F.);
#2344=ORIENTED_EDGE('',*,*,#1700,.F.);
#2345=ORIENTED_EDGE('',*,*,#1697,.F.);
#2346=ORIENTED_EDGE('',*,*,#1694,.F.);
#2347=ORIENTED_EDGE('',*,*,#1691,.F.);
#2348=ORIENTED_EDGE('',*,*,#1688,.F.);
#2349=ORIENTED_EDGE('',*,*,#1685,.F.);
#2350=ORIENTED_EDGE('',*,*,#1682,.F.);
#2351=ORIENTED_EDGE('',*,*,#1679,.F.);
#2352=ORIENTED_EDGE('',*,*,#1711,.T.);
#2353=ORIENTED_EDGE('',*,*,#1712,.T.);
#2354=ORIENTED_EDGE('',*,*,#1713,.F.);
#2355=ORIENTED_EDGE('',*,*,#1714,.F.);
#2356=ORIENTED_EDGE('',*,*,#1713,.T.);
#2357=ORIENTED_EDGE('',*,*,#1715,.T.);
#2358=ORIENTED_EDGE('',*,*,#1716,.F.);
#2359=ORIENTED_EDGE('',*,*,#1717,.F.);
#2360=ORIENTED_EDGE('',*,*,#1716,.T.);
#2361=ORIENTED_EDGE('',*,*,#1718,.T.);
#2362=ORIENTED_EDGE('',*,*,#1719,.F.);
#2363=ORIENTED_EDGE('',*,*,#1720,.F.);
#2364=ORIENTED_EDGE('',*,*,#1719,.T.);
#2365=ORIENTED_EDGE('',*,*,#1721,.T.);
#2366=ORIENTED_EDGE('',*,*,#1722,.F.);
#2367=ORIENTED_EDGE('',*,*,#1723,.F.);
#2368=ORIENTED_EDGE('',*,*,#1722,.T.);
#2369=ORIENTED_EDGE('',*,*,#1724,.T.);
#2370=ORIENTED_EDGE('',*,*,#1725,.F.);
#2371=ORIENTED_EDGE('',*,*,#1726,.F.);
#2372=ORIENTED_EDGE('',*,*,#1725,.T.);
#2373=ORIENTED_EDGE('',*,*,#1727,.T.);
#2374=ORIENTED_EDGE('',*,*,#1728,.F.);
#2375=ORIENTED_EDGE('',*,*,#1729,.F.);
#2376=ORIENTED_EDGE('',*,*,#1728,.T.);
#2377=ORIENTED_EDGE('',*,*,#1730,.T.);
#2378=ORIENTED_EDGE('',*,*,#1731,.F.);
#2379=ORIENTED_EDGE('',*,*,#1732,.F.);
#2380=ORIENTED_EDGE('',*,*,#1731,.T.);
#2381=ORIENTED_EDGE('',*,*,#1733,.T.);
#2382=ORIENTED_EDGE('',*,*,#1711,.F.);
#2383=ORIENTED_EDGE('',*,*,#1734,.F.);
#2384=ORIENTED_EDGE('',*,*,#1735,.T.);
#2385=ORIENTED_EDGE('',*,*,#1736,.T.);
#2386=ORIENTED_EDGE('',*,*,#1737,.F.);
#2387=ORIENTED_EDGE('',*,*,#1738,.F.);
#2388=ORIENTED_EDGE('',*,*,#1737,.T.);
#2389=ORIENTED_EDGE('',*,*,#1739,.T.);
#2390=ORIENTED_EDGE('',*,*,#1740,.F.);
#2391=ORIENTED_EDGE('',*,*,#1741,.F.);
#2392=ORIENTED_EDGE('',*,*,#1740,.T.);
#2393=ORIENTED_EDGE('',*,*,#1742,.T.);
#2394=ORIENTED_EDGE('',*,*,#1743,.F.);
#2395=ORIENTED_EDGE('',*,*,#1744,.F.);
#2396=ORIENTED_EDGE('',*,*,#1743,.T.);
#2397=ORIENTED_EDGE('',*,*,#1745,.T.);
#2398=ORIENTED_EDGE('',*,*,#1735,.F.);
#2399=ORIENTED_EDGE('',*,*,#1746,.F.);
#2400=ORIENTED_EDGE('',*,*,#1714,.T.);
#2401=ORIENTED_EDGE('',*,*,#1717,.T.);
#2402=ORIENTED_EDGE('',*,*,#1720,.T.);
#2403=ORIENTED_EDGE('',*,*,#1723,.T.);
#2404=ORIENTED_EDGE('',*,*,#1726,.T.);
#2405=ORIENTED_EDGE('',*,*,#1729,.T.);
#2406=ORIENTED_EDGE('',*,*,#1732,.T.);
#2407=ORIENTED_EDGE('',*,*,#1734,.T.);
#2408=ORIENTED_EDGE('',*,*,#1738,.T.);
#2409=ORIENTED_EDGE('',*,*,#1741,.T.);
#2410=ORIENTED_EDGE('',*,*,#1744,.T.);
#2411=ORIENTED_EDGE('',*,*,#1746,.T.);
#2412=ORIENTED_EDGE('',*,*,#1712,.F.);
#2413=ORIENTED_EDGE('',*,*,#1733,.F.);
#2414=ORIENTED_EDGE('',*,*,#1730,.F.);
#2415=ORIENTED_EDGE('',*,*,#1727,.F.);
#2416=ORIENTED_EDGE('',*,*,#1724,.F.);
#2417=ORIENTED_EDGE('',*,*,#1721,.F.);
#2418=ORIENTED_EDGE('',*,*,#1718,.F.);
#2419=ORIENTED_EDGE('',*,*,#1715,.F.);
#2420=ORIENTED_EDGE('',*,*,#1736,.F.);
#2421=ORIENTED_EDGE('',*,*,#1745,.F.);
#2422=ORIENTED_EDGE('',*,*,#1742,.F.);
#2423=ORIENTED_EDGE('',*,*,#1739,.F.);
#2424=ORIENTED_EDGE('',*,*,#1747,.T.);
#2425=ORIENTED_EDGE('',*,*,#1748,.T.);
#2426=ORIENTED_EDGE('',*,*,#1749,.F.);
#2427=ORIENTED_EDGE('',*,*,#1750,.F.);
#2428=ORIENTED_EDGE('',*,*,#1749,.T.);
#2429=ORIENTED_EDGE('',*,*,#1751,.T.);
#2430=ORIENTED_EDGE('',*,*,#1752,.F.);
#2431=ORIENTED_EDGE('',*,*,#1753,.F.);
#2432=ORIENTED_EDGE('',*,*,#1752,.T.);
#2433=ORIENTED_EDGE('',*,*,#1754,.T.);
#2434=ORIENTED_EDGE('',*,*,#1755,.F.);
#2435=ORIENTED_EDGE('',*,*,#1756,.F.);
#2436=ORIENTED_EDGE('',*,*,#1755,.T.);
#2437=ORIENTED_EDGE('',*,*,#1757,.T.);
#2438=ORIENTED_EDGE('',*,*,#1758,.F.);
#2439=ORIENTED_EDGE('',*,*,#1759,.F.);
#2440=ORIENTED_EDGE('',*,*,#1758,.T.);
#2441=ORIENTED_EDGE('',*,*,#1760,.T.);
#2442=ORIENTED_EDGE('',*,*,#1761,.F.);
#2443=ORIENTED_EDGE('',*,*,#1762,.F.);
#2444=ORIENTED_EDGE('',*,*,#1761,.T.);
#2445=ORIENTED_EDGE('',*,*,#1763,.T.);
#2446=ORIENTED_EDGE('',*,*,#1764,.F.);
#2447=ORIENTED_EDGE('',*,*,#1765,.F.);
#2448=ORIENTED_EDGE('',*,*,#1764,.T.);
#2449=ORIENTED_EDGE('',*,*,#1766,.T.);
#2450=ORIENTED_EDGE('',*,*,#1767,.F.);
#2451=ORIENTED_EDGE('',*,*,#1768,.F.);
#2452=ORIENTED_EDGE('',*,*,#1767,.T.);
#2453=ORIENTED_EDGE('',*,*,#1769,.T.);
#2454=ORIENTED_EDGE('',*,*,#1770,.F.);
#2455=ORIENTED_EDGE('',*,*,#1771,.F.);
#2456=ORIENTED_EDGE('',*,*,#1770,.T.);
#2457=ORIENTED_EDGE('',*,*,#1772,.T.);
#2458=ORIENTED_EDGE('',*,*,#1747,.F.);
#2459=ORIENTED_EDGE('',*,*,#1773,.F.);
#2460=ORIENTED_EDGE('',*,*,#1750,.T.);
#2461=ORIENTED_EDGE('',*,*,#1753,.T.);
#2462=ORIENTED_EDGE('',*,*,#1756,.T.);
#2463=ORIENTED_EDGE('',*,*,#1759,.T.);
#2464=ORIENTED_EDGE('',*,*,#1762,.T.);
#2465=ORIENTED_EDGE('',*,*,#1765,.T.);
#2466=ORIENTED_EDGE('',*,*,#1768,.T.);
#2467=ORIENTED_EDGE('',*,*,#1771,.T.);
#2468=ORIENTED_EDGE('',*,*,#1773,.T.);
#2469=ORIENTED_EDGE('',*,*,#1748,.F.);
#2470=ORIENTED_EDGE('',*,*,#1772,.F.);
#2471=ORIENTED_EDGE('',*,*,#1769,.F.);
#2472=ORIENTED_EDGE('',*,*,#1766,.F.);
#2473=ORIENTED_EDGE('',*,*,#1763,.F.);
#2474=ORIENTED_EDGE('',*,*,#1760,.F.);
#2475=ORIENTED_EDGE('',*,*,#1757,.F.);
#2476=ORIENTED_EDGE('',*,*,#1754,.F.);
#2477=ORIENTED_EDGE('',*,*,#1751,.F.);
#2478=CYLINDRICAL_SURFACE('',#2837,1.7);
#2479=CYLINDRICAL_SURFACE('',#2891,1.75);
#2480=CYLINDRICAL_SURFACE('',#2907,1.75);
#2481=CYLINDRICAL_SURFACE('',#2918,0.2);
#2482=STYLED_ITEM('',(#2731),#2500);
#2483=STYLED_ITEM('',(#2731),#2501);
#2484=STYLED_ITEM('',(#2731),#2502);
#2485=STYLED_ITEM('',(#2730),#87);
#2486=STYLED_ITEM('',(#2732),#88);
#2487=STYLED_ITEM('',(#2732),#89);
#2488=STYLED_ITEM('',(#2732),#90);
#2489=STYLED_ITEM('',(#2733),#91);
#2490=STYLED_ITEM('',(#2734),#92);
#2491=STYLED_ITEM('',(#2735),#93);
#2492=STYLED_ITEM('',(#2737),#94);
#2493=STYLED_ITEM('',(#2737),#95);
#2494=STYLED_ITEM('',(#2737),#96);
#2495=STYLED_ITEM('',(#2737),#97);
#2496=STYLED_ITEM('',(#2737),#98);
#2497=STYLED_ITEM('',(#2737),#99);
#2498=STYLED_ITEM('',(#2737),#100);
#2499=STYLED_ITEM('',(#2737),#101);
#2500=ADVANCED_FACE('',(#240),#2478,.T.);
#2501=ADVANCED_FACE('',(#241),#108,.F.);
#2502=ADVANCED_FACE('',(#242,#102),#109,.T.);
#2503=ADVANCED_FACE('',(#243),#110,.F.);
#2504=ADVANCED_FACE('',(#244),#111,.F.);
#2505=ADVANCED_FACE('',(#245),#112,.F.);
#2506=ADVANCED_FACE('',(#246),#113,.F.);
#2507=ADVANCED_FACE('',(#247),#114,.F.);
#2508=ADVANCED_FACE('',(#248),#115,.F.);
#2509=ADVANCED_FACE('',(#249),#116,.F.);
#2510=ADVANCED_FACE('',(#250),#117,.F.);
#2511=ADVANCED_FACE('',(#251),#118,.F.);
#2512=ADVANCED_FACE('',(#252),#119,.F.);
#2513=ADVANCED_FACE('',(#253),#120,.F.);
#2514=ADVANCED_FACE('',(#254),#121,.F.);
#2515=ADVANCED_FACE('',(#255),#122,.T.);
#2516=ADVANCED_FACE('',(#256),#123,.T.);
#2517=ADVANCED_FACE('',(#257),#124,.T.);
#2518=ADVANCED_FACE('',(#258),#125,.T.);
#2519=ADVANCED_FACE('',(#259),#126,.T.);
#2520=ADVANCED_FACE('',(#260),#127,.T.);
#2521=ADVANCED_FACE('',(#261),#128,.T.);
#2522=ADVANCED_FACE('',(#262),#129,.T.);
#2523=ADVANCED_FACE('',(#263),#130,.T.);
#2524=ADVANCED_FACE('',(#264),#131,.T.);
#2525=ADVANCED_FACE('',(#265),#132,.T.);
#2526=ADVANCED_FACE('',(#266),#133,.T.);
#2527=ADVANCED_FACE('',(#267),#134,.T.);
#2528=ADVANCED_FACE('',(#268),#135,.T.);
#2529=ADVANCED_FACE('',(#269),#136,.T.);
#2530=ADVANCED_FACE('',(#270),#137,.T.);
#2531=ADVANCED_FACE('',(#271),#138,.T.);
#2532=ADVANCED_FACE('',(#272),#139,.T.);
#2533=ADVANCED_FACE('',(#273),#140,.T.);
#2534=ADVANCED_FACE('',(#274),#141,.T.);
#2535=ADVANCED_FACE('',(#275),#142,.T.);
#2536=ADVANCED_FACE('',(#276),#143,.T.);
#2537=ADVANCED_FACE('',(#277),#144,.T.);
#2538=ADVANCED_FACE('',(#278),#145,.T.);
#2539=ADVANCED_FACE('',(#279),#146,.T.);
#2540=ADVANCED_FACE('',(#280),#147,.T.);
#2541=ADVANCED_FACE('',(#281),#148,.T.);
#2542=ADVANCED_FACE('',(#282),#149,.T.);
#2543=ADVANCED_FACE('',(#283,#103),#150,.T.);
#2544=ADVANCED_FACE('',(#284),#151,.T.);
#2545=ADVANCED_FACE('',(#285),#152,.F.);
#2546=ADVANCED_FACE('',(#286),#153,.F.);
#2547=ADVANCED_FACE('',(#287),#2479,.F.);
#2548=ADVANCED_FACE('',(#288),#154,.F.);
#2549=ADVANCED_FACE('',(#289),#155,.F.);
#2550=ADVANCED_FACE('',(#290,#104),#156,.F.);
#2551=ADVANCED_FACE('',(#291),#157,.F.);
#2552=ADVANCED_FACE('',(#292),#158,.F.);
#2553=ADVANCED_FACE('',(#293),#159,.F.);
#2554=ADVANCED_FACE('',(#294,#105),#160,.F.);
#2555=ADVANCED_FACE('',(#295),#161,.F.);
#2556=ADVANCED_FACE('',(#296),#162,.F.);
#2557=ADVANCED_FACE('',(#297),#163,.F.);
#2558=ADVANCED_FACE('',(#298),#164,.T.);
#2559=ADVANCED_FACE('',(#299),#2480,.F.);
#2560=ADVANCED_FACE('',(#300),#165,.F.);
#2561=ADVANCED_FACE('',(#301),#166,.F.);
#2562=ADVANCED_FACE('',(#302),#167,.F.);
#2563=ADVANCED_FACE('',(#303),#2481,.T.);
#2564=ADVANCED_FACE('',(#304),#168,.F.);
#2565=ADVANCED_FACE('',(#305),#169,.T.);
#2566=ADVANCED_FACE('',(#306),#170,.T.);
#2567=ADVANCED_FACE('',(#307),#171,.T.);
#2568=ADVANCED_FACE('',(#308),#172,.T.);
#2569=ADVANCED_FACE('',(#309),#173,.T.);
#2570=ADVANCED_FACE('',(#310),#174,.F.);
#2571=ADVANCED_FACE('',(#311),#175,.T.);
#2572=ADVANCED_FACE('',(#312),#176,.T.);
#2573=ADVANCED_FACE('',(#313),#177,.T.);
#2574=ADVANCED_FACE('',(#314),#178,.T.);
#2575=ADVANCED_FACE('',(#315),#179,.F.);
#2576=ADVANCED_FACE('',(#316),#180,.T.);
#2577=ADVANCED_FACE('',(#317),#181,.T.);
#2578=ADVANCED_FACE('',(#318),#182,.T.);
#2579=ADVANCED_FACE('',(#319),#183,.T.);
#2580=ADVANCED_FACE('',(#320),#184,.T.);
#2581=ADVANCED_FACE('',(#321),#185,.T.);
#2582=ADVANCED_FACE('',(#322),#186,.T.);
#2583=ADVANCED_FACE('',(#323),#187,.T.);
#2584=ADVANCED_FACE('',(#324),#188,.T.);
#2585=ADVANCED_FACE('',(#325),#189,.F.);
#2586=ADVANCED_FACE('',(#326),#190,.T.);
#2587=ADVANCED_FACE('',(#327),#191,.T.);
#2588=ADVANCED_FACE('',(#328),#192,.T.);
#2589=ADVANCED_FACE('',(#329),#193,.T.);
#2590=ADVANCED_FACE('',(#330),#194,.T.);
#2591=ADVANCED_FACE('',(#331),#195,.F.);
#2592=ADVANCED_FACE('',(#332),#196,.T.);
#2593=ADVANCED_FACE('',(#333),#35,.T.);
#2594=ADVANCED_FACE('',(#334),#36,.T.);
#2595=ADVANCED_FACE('',(#335),#37,.T.);
#2596=ADVANCED_FACE('',(#336),#38,.T.);
#2597=ADVANCED_FACE('',(#337),#39,.T.);
#2598=ADVANCED_FACE('',(#338),#40,.T.);
#2599=ADVANCED_FACE('',(#339),#197,.T.);
#2600=ADVANCED_FACE('',(#340),#41,.T.);
#2601=ADVANCED_FACE('',(#341),#42,.T.);
#2602=ADVANCED_FACE('',(#342),#43,.T.);
#2603=ADVANCED_FACE('',(#343),#44,.T.);
#2604=ADVANCED_FACE('',(#344),#45,.T.);
#2605=ADVANCED_FACE('',(#345),#46,.T.);
#2606=ADVANCED_FACE('',(#346),#198,.T.);
#2607=ADVANCED_FACE('',(#347),#199,.F.);
#2608=ADVANCED_FACE('',(#348),#200,.T.);
#2609=ADVANCED_FACE('',(#349),#201,.T.);
#2610=ADVANCED_FACE('',(#350),#202,.T.);
#2611=ADVANCED_FACE('',(#351),#203,.T.);
#2612=ADVANCED_FACE('',(#352),#204,.T.);
#2613=ADVANCED_FACE('',(#353),#205,.T.);
#2614=ADVANCED_FACE('',(#354),#206,.T.);
#2615=ADVANCED_FACE('',(#355),#207,.T.);
#2616=ADVANCED_FACE('',(#356),#208,.T.);
#2617=ADVANCED_FACE('',(#357),#209,.T.);
#2618=ADVANCED_FACE('',(#358),#210,.T.);
#2619=ADVANCED_FACE('',(#359),#211,.T.);
#2620=ADVANCED_FACE('',(#360),#212,.T.);
#2621=ADVANCED_FACE('',(#361),#213,.F.);
#2622=ADVANCED_FACE('',(#362),#214,.T.);
#2623=ADVANCED_FACE('',(#363),#215,.T.);
#2624=ADVANCED_FACE('',(#364),#216,.T.);
#2625=ADVANCED_FACE('',(#365),#217,.T.);
#2626=ADVANCED_FACE('',(#366),#218,.T.);
#2627=ADVANCED_FACE('',(#367),#219,.T.);
#2628=ADVANCED_FACE('',(#368),#220,.T.);
#2629=ADVANCED_FACE('',(#369),#221,.T.);
#2630=ADVANCED_FACE('',(#370),#222,.T.);
#2631=ADVANCED_FACE('',(#371),#223,.T.);
#2632=ADVANCED_FACE('',(#372),#224,.T.);
#2633=ADVANCED_FACE('',(#373),#225,.T.);
#2634=ADVANCED_FACE('',(#374),#226,.T.);
#2635=ADVANCED_FACE('',(#375,#106),#227,.F.);
#2636=ADVANCED_FACE('',(#376,#107),#228,.T.);
#2637=ADVANCED_FACE('',(#377),#229,.T.);
#2638=ADVANCED_FACE('',(#378),#230,.T.);
#2639=ADVANCED_FACE('',(#379),#231,.T.);
#2640=ADVANCED_FACE('',(#380),#232,.T.);
#2641=ADVANCED_FACE('',(#381),#233,.T.);
#2642=ADVANCED_FACE('',(#382),#234,.T.);
#2643=ADVANCED_FACE('',(#383),#235,.T.);
#2644=ADVANCED_FACE('',(#384),#236,.T.);
#2645=ADVANCED_FACE('',(#385),#237,.T.);
#2646=ADVANCED_FACE('',(#386),#238,.F.);
#2647=ADVANCED_FACE('',(#387),#239,.T.);
#2648=CLOSED_SHELL('',(#2500,#2501,#2502,#2503,#2504,#2505,#2506,#2507,
#2508,#2509,#2510,#2511,#2512,#2513,#2514,#2515));
#2649=CLOSED_SHELL('',(#2516,#2517,#2518,#2519,#2520,#2521,#2522,#2523));
#2650=CLOSED_SHELL('',(#2524,#2525,#2526,#2527,#2528,#2529,#2530,#2531));
#2651=CLOSED_SHELL('',(#2532,#2533,#2534,#2535,#2536,#2537,#2538,#2539));
#2652=CLOSED_SHELL('',(#2540,#2541,#2542,#2543,#2544,#2545,#2546,#2547,
#2548,#2549,#2550));
#2653=CLOSED_SHELL('',(#2551,#2552,#2553,#2554,#2555,#2556,#2557,#2558,
#2559,#2560,#2561,#2562));
#2654=CLOSED_SHELL('',(#2563,#2564,#2565));
#2655=CLOSED_SHELL('',(#2566,#2567,#2568,#2569,#2570,#2571));
#2656=CLOSED_SHELL('',(#2572,#2573,#2574,#2575,#2576));
#2657=CLOSED_SHELL('',(#2577,#2578,#2579,#2580,#2581,#2582,#2583,#2584,
#2585,#2586));
#2658=CLOSED_SHELL('',(#2587,#2588,#2589,#2590,#2591,#2592));
#2659=CLOSED_SHELL('',(#2593,#2594,#2595,#2596,#2597,#2598,#2599,#2600,
#2601,#2602,#2603,#2604,#2605,#2606,#2607,#2608));
#2660=CLOSED_SHELL('',(#2609,#2610,#2611,#2612,#2613,#2614,#2615,#2616,
#2617,#2618,#2619,#2620,#2621,#2622));
#2661=CLOSED_SHELL('',(#2623,#2624,#2625,#2626,#2627,#2628,#2629,#2630,
#2631,#2632,#2633,#2634,#2635,#2636));
#2662=CLOSED_SHELL('',(#2637,#2638,#2639,#2640,#2641,#2642,#2643,#2644,
#2645,#2646,#2647));
#2663=DERIVED_UNIT_ELEMENT(#2675,1.);
#2664=DERIVED_UNIT_ELEMENT(#4565,3.);
#2665=DERIVED_UNIT_ELEMENT(#2675,1.);
#2666=DERIVED_UNIT_ELEMENT(#4565,3.);
#2667=DERIVED_UNIT_ELEMENT(#2675,1.);
#2668=DERIVED_UNIT_ELEMENT(#4565,3.);
#2669=DERIVED_UNIT_ELEMENT(#2675,1.);
#2670=DERIVED_UNIT_ELEMENT(#4565,3.);
#2671=DERIVED_UNIT_ELEMENT(#2675,1.);
#2672=DERIVED_UNIT_ELEMENT(#4565,3.);
#2673=DERIVED_UNIT_ELEMENT(#2675,1.);
#2674=DERIVED_UNIT_ELEMENT(#4565,3.);
#2675=(
MASS_UNIT()
NAMED_UNIT(*)
SI_UNIT($,.GRAM.)
);
#2676=DERIVED_UNIT((#2663,#2664));
#2677=DERIVED_UNIT((#2665,#2666));
#2678=DERIVED_UNIT((#2667,#2668));
#2679=DERIVED_UNIT((#2669,#2670));
#2680=DERIVED_UNIT((#2671,#2672));
#2681=DERIVED_UNIT((#2673,#2674));
#2682=MEASURE_REPRESENTATION_ITEM('density measure',
POSITIVE_RATIO_MEASURE(1.),#2676);
#2683=MEASURE_REPRESENTATION_ITEM('density measure',
POSITIVE_RATIO_MEASURE(1.),#2677);
#2684=MEASURE_REPRESENTATION_ITEM('density measure',
POSITIVE_RATIO_MEASURE(1.),#2678);
#2685=MEASURE_REPRESENTATION_ITEM('density measure',
POSITIVE_RATIO_MEASURE(1.),#2679);
#2686=MEASURE_REPRESENTATION_ITEM('density measure',
POSITIVE_RATIO_MEASURE(1.),#2680);
#2687=MEASURE_REPRESENTATION_ITEM('density measure',
POSITIVE_RATIO_MEASURE(1.),#2681);
#2688=PROPERTY_DEFINITION_REPRESENTATION(#2718,#2700);
#2689=PROPERTY_DEFINITION_REPRESENTATION(#2719,#2701);
#2690=PROPERTY_DEFINITION_REPRESENTATION(#2720,#2702);
#2691=PROPERTY_DEFINITION_REPRESENTATION(#2721,#2703);
#2692=PROPERTY_DEFINITION_REPRESENTATION(#2722,#2704);
#2693=PROPERTY_DEFINITION_REPRESENTATION(#2723,#2705);
#2694=PROPERTY_DEFINITION_REPRESENTATION(#2724,#2706);
#2695=PROPERTY_DEFINITION_REPRESENTATION(#2725,#2707);
#2696=PROPERTY_DEFINITION_REPRESENTATION(#2726,#2708);
#2697=PROPERTY_DEFINITION_REPRESENTATION(#2727,#2709);
#2698=PROPERTY_DEFINITION_REPRESENTATION(#2728,#2710);
#2699=PROPERTY_DEFINITION_REPRESENTATION(#2729,#2711);
#2700=REPRESENTATION('material name',(#2712),#4557);
#2701=REPRESENTATION('density',(#2682),#4557);
#2702=REPRESENTATION('material name',(#2713),#4558);
#2703=REPRESENTATION('density',(#2683),#4558);
#2704=REPRESENTATION('material name',(#2714),#4559);
#2705=REPRESENTATION('density',(#2684),#4559);
#2706=REPRESENTATION('material name',(#2715),#4560);
#2707=REPRESENTATION('density',(#2685),#4560);
#2708=REPRESENTATION('material name',(#2716),#4561);
#2709=REPRESENTATION('density',(#2686),#4561);
#2710=REPRESENTATION('material name',(#2717),#4562);
#2711=REPRESENTATION('density',(#2687),#4562);
#2712=DESCRIPTIVE_REPRESENTATION_ITEM('Generic','Generic');
#2713=DESCRIPTIVE_REPRESENTATION_ITEM('Generic','Generic');
#2714=DESCRIPTIVE_REPRESENTATION_ITEM('Generic','Generic');
#2715=DESCRIPTIVE_REPRESENTATION_ITEM('Generic','Generic');
#2716=DESCRIPTIVE_REPRESENTATION_ITEM('Generic','Generic');
#2717=DESCRIPTIVE_REPRESENTATION_ITEM('Generic','Generic');
#2718=PROPERTY_DEFINITION('material property','material name',#4602);
#2719=PROPERTY_DEFINITION('material property','density of part',#4602);
#2720=PROPERTY_DEFINITION('material property','material name',#4603);
#2721=PROPERTY_DEFINITION('material property','density of part',#4603);
#2722=PROPERTY_DEFINITION('material property','material name',#4604);
#2723=PROPERTY_DEFINITION('material property','density of part',#4604);
#2724=PROPERTY_DEFINITION('material property','material name',#4605);
#2725=PROPERTY_DEFINITION('material property','density of part',#4605);
#2726=PROPERTY_DEFINITION('material property','material name',#4606);
#2727=PROPERTY_DEFINITION('material property','density of part',#4606);
#2728=PROPERTY_DEFINITION('material property','material name',#4607);
#2729=PROPERTY_DEFINITION('material property','density of part',#4607);
#2730=PRESENTATION_STYLE_ASSIGNMENT((#2738));
#2731=PRESENTATION_STYLE_ASSIGNMENT((#2739));
#2732=PRESENTATION_STYLE_ASSIGNMENT((#2740));
#2733=PRESENTATION_STYLE_ASSIGNMENT((#2741));
#2734=PRESENTATION_STYLE_ASSIGNMENT((#2742));
#2735=PRESENTATION_STYLE_ASSIGNMENT((#2743));
#2736=PRESENTATION_STYLE_ASSIGNMENT((#2744));
#2737=PRESENTATION_STYLE_ASSIGNMENT((#2745));
#2738=SURFACE_STYLE_USAGE(.BOTH.,#2746);
#2739=SURFACE_STYLE_USAGE(.BOTH.,#2747);
#2740=SURFACE_STYLE_USAGE(.BOTH.,#2748);
#2741=SURFACE_STYLE_USAGE(.BOTH.,#2749);
#2742=SURFACE_STYLE_USAGE(.BOTH.,#2750);
#2743=SURFACE_STYLE_USAGE(.BOTH.,#2751);
#2744=SURFACE_STYLE_USAGE(.BOTH.,#2752);
#2745=SURFACE_STYLE_USAGE(.BOTH.,#2753);
#2746=SURFACE_SIDE_STYLE('',(#2754));
#2747=SURFACE_SIDE_STYLE('',(#2755));
#2748=SURFACE_SIDE_STYLE('',(#2756));
#2749=SURFACE_SIDE_STYLE('',(#2757));
#2750=SURFACE_SIDE_STYLE('',(#2758));
#2751=SURFACE_SIDE_STYLE('',(#2759));
#2752=SURFACE_SIDE_STYLE('',(#2760));
#2753=SURFACE_SIDE_STYLE('',(#2761));
#2754=SURFACE_STYLE_FILL_AREA(#2762);
#2755=SURFACE_STYLE_FILL_AREA(#2763);
#2756=SURFACE_STYLE_FILL_AREA(#2764);
#2757=SURFACE_STYLE_FILL_AREA(#2765);
#2758=SURFACE_STYLE_FILL_AREA(#2766);
#2759=SURFACE_STYLE_FILL_AREA(#2767);
#2760=SURFACE_STYLE_FILL_AREA(#2768);
#2761=SURFACE_STYLE_FILL_AREA(#2769);
#2762=FILL_AREA_STYLE('',(#2770));
#2763=FILL_AREA_STYLE('',(#2771));
#2764=FILL_AREA_STYLE('',(#2772));
#2765=FILL_AREA_STYLE('',(#2773));
#2766=FILL_AREA_STYLE('',(#2774));
#2767=FILL_AREA_STYLE('',(#2775));
#2768=FILL_AREA_STYLE('',(#2776));
#2769=FILL_AREA_STYLE('',(#2777));
#2770=FILL_AREA_STYLE_COLOUR('',#2778);
#2771=FILL_AREA_STYLE_COLOUR('',#2779);
#2772=FILL_AREA_STYLE_COLOUR('',#2780);
#2773=FILL_AREA_STYLE_COLOUR('',#2781);
#2774=FILL_AREA_STYLE_COLOUR('',#2782);
#2775=FILL_AREA_STYLE_COLOUR('',#2783);
#2776=FILL_AREA_STYLE_COLOUR('',#2784);
#2777=FILL_AREA_STYLE_COLOUR('',#2785);
#2778=COLOUR_RGB('',0.996078431372549,0.870588235294118,0.76078431372549);
#2779=COLOUR_RGB('',0.996078431372549,0.870588235294118,0.76078431372549);
#2780=COLOUR_RGB('',0.831372549019608,0.831372549019608,0.831372549019608);
#2781=COLOUR_RGB('',0.831372549019608,0.831372549019608,0.831372549019608);
#2782=COLOUR_RGB('',0.956862745098039,0.949019607843137,0.937254901960784);
#2783=COLOUR_RGB('',0.286274509803922,0.286274509803922,0.286274509803922);
#2784=COLOUR_RGB('',0.286274509803922,0.286274509803922,0.286274509803922);
#2785=COLOUR_RGB('',0.286274509803922,0.286274509803922,0.286274509803922);
#2786=DATE_TIME_ROLE('creation_date');
#2787=DATE_TIME_ROLE('creation_date');
#2788=DATE_TIME_ROLE('creation_date');
#2789=DATE_TIME_ROLE('creation_date');
#2790=DATE_TIME_ROLE('creation_date');
#2791=DATE_TIME_ROLE('creation_date');
#2792=DATE_TIME_ROLE('creation_date');
#2793=DATE_TIME_ROLE('creation_date');
#2794=APPLIED_DATE_AND_TIME_ASSIGNMENT(#2802,#2786,(#4600));
#2795=APPLIED_DATE_AND_TIME_ASSIGNMENT(#2803,#2787,(#4601));
#2796=APPLIED_DATE_AND_TIME_ASSIGNMENT(#2804,#2788,(#4602));
#2797=APPLIED_DATE_AND_TIME_ASSIGNMENT(#2805,#2789,(#4603));
#2798=APPLIED_DATE_AND_TIME_ASSIGNMENT(#2806,#2790,(#4604));
#2799=APPLIED_DATE_AND_TIME_ASSIGNMENT(#2807,#2791,(#4605));
#2800=APPLIED_DATE_AND_TIME_ASSIGNMENT(#2808,#2792,(#4606));
#2801=APPLIED_DATE_AND_TIME_ASSIGNMENT(#2809,#2793,(#4607));
#2802=DATE_AND_TIME(#2810,#2818);
#2803=DATE_AND_TIME(#2811,#2819);
#2804=DATE_AND_TIME(#2812,#2820);
#2805=DATE_AND_TIME(#2813,#2821);
#2806=DATE_AND_TIME(#2814,#2822);
#2807=DATE_AND_TIME(#2815,#2823);
#2808=DATE_AND_TIME(#2816,#2824);
#2809=DATE_AND_TIME(#2817,#2825);
#2810=CALENDAR_DATE(2023,10,1);
#2811=CALENDAR_DATE(2023,10,1);
#2812=CALENDAR_DATE(2023,10,1);
#2813=CALENDAR_DATE(2023,10,1);
#2814=CALENDAR_DATE(2023,10,1);
#2815=CALENDAR_DATE(2023,10,1);
#2816=CALENDAR_DATE(2019,6,7);
#2817=CALENDAR_DATE(2019,7,7);
#2818=LOCAL_TIME(22,21,17.,#2826);
#2819=LOCAL_TIME(22,15,9.,#2827);
#2820=LOCAL_TIME(20,9,26.,#2828);
#2821=LOCAL_TIME(20,9,26.,#2829);
#2822=LOCAL_TIME(20,9,26.,#2830);
#2823=LOCAL_TIME(20,9,26.,#2831);
#2824=LOCAL_TIME(12,51,10.,#2832);
#2825=LOCAL_TIME(12,42,15.,#2833);
#2826=COORDINATED_UNIVERSAL_TIME_OFFSET(0,0,.BEHIND.);
#2827=COORDINATED_UNIVERSAL_TIME_OFFSET(0,0,.BEHIND.);
#2828=COORDINATED_UNIVERSAL_TIME_OFFSET(0,0,.BEHIND.);
#2829=COORDINATED_UNIVERSAL_TIME_OFFSET(0,0,.BEHIND.);
#2830=COORDINATED_UNIVERSAL_TIME_OFFSET(0,0,.BEHIND.);
#2831=COORDINATED_UNIVERSAL_TIME_OFFSET(0,0,.BEHIND.);
#2832=COORDINATED_UNIVERSAL_TIME_OFFSET(0,0,.BEHIND.);
#2833=COORDINATED_UNIVERSAL_TIME_OFFSET(0,0,.BEHIND.);
#2834=AXIS2_PLACEMENT_3D('placement',#3639,#2997,#2998);
#2835=AXIS2_PLACEMENT_3D('placement',#3640,#2999,#3000);
#2836=AXIS2_PLACEMENT_3D('placement',#3641,#3001,#3002);
#2837=AXIS2_PLACEMENT_3D('',#3642,#3003,#3004);
#2838=AXIS2_PLACEMENT_3D('',#3645,#3005,#3006);
#2839=AXIS2_PLACEMENT_3D('',#3646,#3007,#3008);
#2840=AXIS2_PLACEMENT_3D('',#3650,#3010,#3011);
#2841=AXIS2_PLACEMENT_3D('',#3651,#3012,#3013);
#2842=AXIS2_PLACEMENT_3D('',#3652,#3014,#3015);
#2843=AXIS2_PLACEMENT_3D('',#3653,#3016,#3017);
#2844=AXIS2_PLACEMENT_3D('',#3678,#3030,#3031);
#2845=AXIS2_PLACEMENT_3D('',#3684,#3035,#3036);
#2846=AXIS2_PLACEMENT_3D('',#3688,#3039,#3040);
#2847=AXIS2_PLACEMENT_3D('',#3692,#3043,#3044);
#2848=AXIS2_PLACEMENT_3D('',#3696,#3047,#3048);
#2849=AXIS2_PLACEMENT_3D('',#3700,#3051,#3052);
#2850=AXIS2_PLACEMENT_3D('',#3704,#3055,#3056);
#2851=AXIS2_PLACEMENT_3D('',#3708,#3059,#3060);
#2852=AXIS2_PLACEMENT_3D('',#3712,#3063,#3064);
#2853=AXIS2_PLACEMENT_3D('',#3716,#3067,#3068);
#2854=AXIS2_PLACEMENT_3D('',#3720,#3071,#3072);
#2855=AXIS2_PLACEMENT_3D('',#3724,#3075,#3076);
#2856=AXIS2_PLACEMENT_3D('',#3726,#3078,#3079);
#2857=AXIS2_PLACEMENT_3D('placement',#3727,#3080,#3081);
#2858=AXIS2_PLACEMENT_3D('',#3728,#3082,#3083);
#2859=AXIS2_PLACEMENT_3D('',#3737,#3088,#3089);
#2860=AXIS2_PLACEMENT_3D('',#3743,#3093,#3094);
#2861=AXIS2_PLACEMENT_3D('',#3751,#3099,#3100);
#2862=AXIS2_PLACEMENT_3D('',#3757,#3104,#3105);
#2863=AXIS2_PLACEMENT_3D('',#3759,#3107,#3108);
#2864=AXIS2_PLACEMENT_3D('',#3763,#3111,#3112);
#2865=AXIS2_PLACEMENT_3D('',#3765,#3114,#3115);
#2866=AXIS2_PLACEMENT_3D('',#3766,#3116,#3117);
#2867=AXIS2_PLACEMENT_3D('',#3775,#3122,#3123);
#2868=AXIS2_PLACEMENT_3D('',#3781,#3127,#3128);
#2869=AXIS2_PLACEMENT_3D('',#3789,#3133,#3134);
#2870=AXIS2_PLACEMENT_3D('',#3793,#3137,#3138);
#2871=AXIS2_PLACEMENT_3D('',#3799,#3142,#3143);
#2872=AXIS2_PLACEMENT_3D('',#3802,#3146,#3147);
#2873=AXIS2_PLACEMENT_3D('',#3803,#3148,#3149);
#2874=AXIS2_PLACEMENT_3D('',#3804,#3150,#3151);
#2875=AXIS2_PLACEMENT_3D('',#3813,#3156,#3157);
#2876=AXIS2_PLACEMENT_3D('',#3819,#3161,#3162);
#2877=AXIS2_PLACEMENT_3D('',#3827,#3167,#3168);
#2878=AXIS2_PLACEMENT_3D('',#3831,#3171,#3172);
#2879=AXIS2_PLACEMENT_3D('',#3837,#3176,#3177);
#2880=AXIS2_PLACEMENT_3D('',#3840,#3180,#3181);
#2881=AXIS2_PLACEMENT_3D('',#3841,#3182,#3183);
#2882=AXIS2_PLACEMENT_3D('placement',#3842,#3184,#3185);
#2883=AXIS2_PLACEMENT_3D('',#3843,#3186,#3187);
#2884=AXIS2_PLACEMENT_3D('',#3852,#3192,#3193);
#2885=AXIS2_PLACEMENT_3D('',#3861,#3198,#3199);
#2886=AXIS2_PLACEMENT_3D('',#3867,#3203,#3204);
#2887=AXIS2_PLACEMENT_3D('',#3871,#3207,#3208);
#2888=AXIS2_PLACEMENT_3D('',#3872,#3209,#3210);
#2889=AXIS2_PLACEMENT_3D('',#3878,#3214,#3215);
#2890=AXIS2_PLACEMENT_3D('',#3884,#3219,#3220);
#2891=AXIS2_PLACEMENT_3D('',#3888,#3223,#3224);
#2892=AXIS2_PLACEMENT_3D('',#3892,#3226,#3227);
#2893=AXIS2_PLACEMENT_3D('',#3893,#3228,#3229);
#2894=AXIS2_PLACEMENT_3D('',#3894,#3230,#3231);
#2895=AXIS2_PLACEMENT_3D('',#3898,#3234,#3235);
#2896=AXIS2_PLACEMENT_3D('',#3900,#3237,#3238);
#2897=AXIS2_PLACEMENT_3D('placement',#3901,#3239,#3240);
#2898=AXIS2_PLACEMENT_3D('',#3902,#3241,#3242);
#2899=AXIS2_PLACEMENT_3D('',#3911,#3247,#3248);
#2900=AXIS2_PLACEMENT_3D('',#3920,#3253,#3254);
#2901=AXIS2_PLACEMENT_3D('',#3926,#3258,#3259);
#2902=AXIS2_PLACEMENT_3D('',#3930,#3262,#3263);
#2903=AXIS2_PLACEMENT_3D('',#3931,#3264,#3265);
#2904=AXIS2_PLACEMENT_3D('',#3937,#3269,#3270);
#2905=AXIS2_PLACEMENT_3D('',#3943,#3274,#3275);
#2906=AXIS2_PLACEMENT_3D('',#3947,#3278,#3279);
#2907=AXIS2_PLACEMENT_3D('',#3951,#3282,#3283);
#2908=AXIS2_PLACEMENT_3D('',#3954,#3284,#3285);
#2909=AXIS2_PLACEMENT_3D('',#3956,#3287,#3288);
#2910=AXIS2_PLACEMENT_3D('',#3957,#3289,#3290);
#2911=AXIS2_PLACEMENT_3D('',#3959,#3292,#3293);
#2912=AXIS2_PLACEMENT_3D('',#3960,#3294,#3295);
#2913=AXIS2_PLACEMENT_3D('',#3961,#3296,#3297);
#2914=AXIS2_PLACEMENT_3D('',#3962,#3298,#3299);
#2915=AXIS2_PLACEMENT_3D('',#3963,#3300,#3301);
#2916=AXIS2_PLACEMENT_3D('',#3964,#3302,#3303);
#2917=AXIS2_PLACEMENT_3D('placement',#3965,#3304,#3305);
#2918=AXIS2_PLACEMENT_3D('',#3966,#3306,#3307);
#2919=AXIS2_PLACEMENT_3D('',#3968,#3308,#3309);
#2920=AXIS2_PLACEMENT_3D('',#3971,#3311,#3312);
#2921=AXIS2_PLACEMENT_3D('',#3972,#3313,#3314);
#2922=AXIS2_PLACEMENT_3D('',#3973,#3315,#3316);
#2923=AXIS2_PLACEMENT_3D('placement',#3974,#3317,#3318);
#2924=AXIS2_PLACEMENT_3D('',#3975,#3319,#3320);
#2925=AXIS2_PLACEMENT_3D('',#3984,#3325,#3326);
#2926=AXIS2_PLACEMENT_3D('',#3990,#3330,#3331);
#2927=AXIS2_PLACEMENT_3D('',#3996,#3335,#3336);
#2928=AXIS2_PLACEMENT_3D('',#3999,#3339,#3340);
#2929=AXIS2_PLACEMENT_3D('',#4000,#3341,#3342);
#2930=AXIS2_PLACEMENT_3D('',#4001,#3343,#3344);
#2931=AXIS2_PLACEMENT_3D('',#4010,#3349,#3350);
#2932=AXIS2_PLACEMENT_3D('',#4016,#3354,#3355);
#2933=AXIS2_PLACEMENT_3D('',#4019,#3358,#3359);
#2934=AXIS2_PLACEMENT_3D('',#4020,#3360,#3361);
#2935=AXIS2_PLACEMENT_3D('',#4021,#3362,#3363);
#2936=AXIS2_PLACEMENT_3D('',#4030,#3368,#3369);
#2937=AXIS2_PLACEMENT_3D('',#4036,#3373,#3374);
#2938=AXIS2_PLACEMENT_3D('',#4042,#3378,#3379);
#2939=AXIS2_PLACEMENT_3D('',#4048,#3383,#3384);
#2940=AXIS2_PLACEMENT_3D('',#4054,#3388,#3389);
#2941=AXIS2_PLACEMENT_3D('',#4060,#3393,#3394);
#2942=AXIS2_PLACEMENT_3D('',#4066,#3398,#3399);
#2943=AXIS2_PLACEMENT_3D('',#4069,#3402,#3403);
#2944=AXIS2_PLACEMENT_3D('',#4070,#3404,#3405);
#2945=AXIS2_PLACEMENT_3D('',#4071,#3406,#3407);
#2946=AXIS2_PLACEMENT_3D('',#4080,#3412,#3413);
#2947=AXIS2_PLACEMENT_3D('',#4086,#3417,#3418);
#2948=AXIS2_PLACEMENT_3D('',#4092,#3422,#3423);
#2949=AXIS2_PLACEMENT_3D('',#4095,#3426,#3427);
#2950=AXIS2_PLACEMENT_3D('',#4096,#3428,#3429);
#2951=AXIS2_PLACEMENT_3D('',#4214,#3437,#3438);
#2952=AXIS2_PLACEMENT_3D('',#4334,#3448,#3449);
#2953=AXIS2_PLACEMENT_3D('',#4337,#3452,#3453);
#2954=AXIS2_PLACEMENT_3D('',#4338,#3454,#3455);
#2955=AXIS2_PLACEMENT_3D('',#4339,#3456,#3457);
#2956=AXIS2_PLACEMENT_3D('',#4348,#3462,#3463);
#2957=AXIS2_PLACEMENT_3D('',#4354,#3467,#3468);
#2958=AXIS2_PLACEMENT_3D('',#4360,#3472,#3473);
#2959=AXIS2_PLACEMENT_3D('',#4366,#3477,#3478);
#2960=AXIS2_PLACEMENT_3D('',#4372,#3482,#3483);
#2961=AXIS2_PLACEMENT_3D('',#4378,#3487,#3488);
#2962=AXIS2_PLACEMENT_3D('',#4384,#3492,#3493);
#2963=AXIS2_PLACEMENT_3D('',#4390,#3497,#3498);
#2964=AXIS2_PLACEMENT_3D('',#4396,#3502,#3503);
#2965=AXIS2_PLACEMENT_3D('',#4402,#3507,#3508);
#2966=AXIS2_PLACEMENT_3D('',#4408,#3512,#3513);
#2967=AXIS2_PLACEMENT_3D('',#4411,#3516,#3517);
#2968=AXIS2_PLACEMENT_3D('',#4412,#3518,#3519);
#2969=AXIS2_PLACEMENT_3D('',#4413,#3520,#3521);
#2970=AXIS2_PLACEMENT_3D('',#4422,#3526,#3527);
#2971=AXIS2_PLACEMENT_3D('',#4428,#3531,#3532);
#2972=AXIS2_PLACEMENT_3D('',#4434,#3536,#3537);
#2973=AXIS2_PLACEMENT_3D('',#4440,#3541,#3542);
#2974=AXIS2_PLACEMENT_3D('',#4446,#3546,#3547);
#2975=AXIS2_PLACEMENT_3D('',#4452,#3551,#3552);
#2976=AXIS2_PLACEMENT_3D('',#4458,#3556,#3557);
#2977=AXIS2_PLACEMENT_3D('',#4461,#3560,#3561);
#2978=AXIS2_PLACEMENT_3D('',#4470,#3566,#3567);
#2979=AXIS2_PLACEMENT_3D('',#4476,#3571,#3572);
#2980=AXIS2_PLACEMENT_3D('',#4482,#3576,#3577);
#2981=AXIS2_PLACEMENT_3D('',#4485,#3580,#3581);
#2982=AXIS2_PLACEMENT_3D('',#4486,#3582,#3583);
#2983=AXIS2_PLACEMENT_3D('',#4487,#3584,#3585);
#2984=AXIS2_PLACEMENT_3D('',#4496,#3590,#3591);
#2985=AXIS2_PLACEMENT_3D('',#4502,#3595,#3596);
#2986=AXIS2_PLACEMENT_3D('',#4508,#3600,#3601);
#2987=AXIS2_PLACEMENT_3D('',#4514,#3605,#3606);
#2988=AXIS2_PLACEMENT_3D('',#4520,#3610,#3611);
#2989=AXIS2_PLACEMENT_3D('',#4526,#3615,#3616);
#2990=AXIS2_PLACEMENT_3D('',#4532,#3620,#3621);
#2991=AXIS2_PLACEMENT_3D('',#4538,#3625,#3626);
#2992=AXIS2_PLACEMENT_3D('',#4541,#3629,#3630);
#2993=AXIS2_PLACEMENT_3D('',#4542,#3631,#3632);
#2994=AXIS2_PLACEMENT_3D('',#4543,#3633,#3634);
#2995=AXIS2_PLACEMENT_3D('',#4544,#3635,#3636);
#2996=AXIS2_PLACEMENT_3D('',#4545,#3637,#3638);
#2997=DIRECTION('axis',(0.,0.,1.));
#2998=DIRECTION('refdir',(1.,0.,0.));
#2999=DIRECTION('axis',(0.,0.,1.));
#3000=DIRECTION('refdir',(1.,0.,0.));
#3001=DIRECTION('axis',(0.,0.,1.));
#3002=DIRECTION('refdir',(1.,0.,0.));
#3003=DIRECTION('center_axis',(0.,0.,1.));
#3004=DIRECTION('ref_axis',(1.,0.,0.));
#3005=DIRECTION('center_axis',(0.,0.,1.));
#3006=DIRECTION('ref_axis',(1.,0.,0.));
#3007=DIRECTION('center_axis',(0.,0.,1.));
#3008=DIRECTION('ref_axis',(1.,0.,0.));
#3009=DIRECTION('',(0.,0.,-1.));
#3010=DIRECTION('center_axis',(0.,0.,1.));
#3011=DIRECTION('ref_axis',(1.,0.,0.));
#3012=DIRECTION('center_axis',(0.,0.,1.));
#3013=DIRECTION('ref_axis',(1.,0.,0.));
#3014=DIRECTION('center_axis',(0.,0.,1.));
#3015=DIRECTION('ref_axis',(1.,0.,0.));
#3016=DIRECTION('center_axis',(0.,0.,1.));
#3017=DIRECTION('ref_axis',(1.,0.,0.));
#3018=DIRECTION('',(1.,0.,0.));
#3019=DIRECTION('',(0.,-1.,0.));
#3020=DIRECTION('',(1.,0.,0.));
#3021=DIRECTION('',(0.,-1.,0.));
#3022=DIRECTION('',(-1.,0.,0.));
#3023=DIRECTION('',(0.,-1.,0.));
#3024=DIRECTION('',(-1.,0.,0.));
#3025=DIRECTION('',(0.,1.,0.));
#3026=DIRECTION('',(-1.,0.,0.));
#3027=DIRECTION('',(-1.44560289664734E-15,1.,0.));
#3028=DIRECTION('',(1.,0.,0.));
#3029=DIRECTION('',(0.,1.,0.));
#3030=DIRECTION('center_axis',(0.,-1.,0.));
#3031=DIRECTION('ref_axis',(0.,0.,-1.));
#3032=DIRECTION('',(0.,0.,1.));
#3033=DIRECTION('',(1.,0.,0.));
#3034=DIRECTION('',(0.,0.,1.));
#3035=DIRECTION('center_axis',(-1.,0.,0.));
#3036=DIRECTION('ref_axis',(0.,0.,1.));
#3037=DIRECTION('',(0.,-1.,0.));
#3038=DIRECTION('',(0.,0.,1.));
#3039=DIRECTION('center_axis',(0.,-1.,0.));
#3040=DIRECTION('ref_axis',(0.,0.,-1.));
#3041=DIRECTION('',(1.,0.,0.));
#3042=DIRECTION('',(0.,0.,1.));
#3043=DIRECTION('center_axis',(-1.,0.,0.));
#3044=DIRECTION('ref_axis',(0.,0.,1.));
#3045=DIRECTION('',(0.,-1.,0.));
#3046=DIRECTION('',(0.,0.,1.));
#3047=DIRECTION('center_axis',(0.,1.,0.));
#3048=DIRECTION('ref_axis',(0.,0.,1.));
#3049=DIRECTION('',(-1.,0.,0.));
#3050=DIRECTION('',(0.,0.,1.));
#3051=DIRECTION('center_axis',(-1.,0.,0.));
#3052=DIRECTION('ref_axis',(0.,0.,1.));
#3053=DIRECTION('',(0.,-1.,0.));
#3054=DIRECTION('',(0.,0.,1.));
#3055=DIRECTION('center_axis',(0.,1.,0.));
#3056=DIRECTION('ref_axis',(0.,0.,1.));
#3057=DIRECTION('',(-1.,0.,0.));
#3058=DIRECTION('',(0.,0.,1.));
#3059=DIRECTION('center_axis',(1.,0.,0.));
#3060=DIRECTION('ref_axis',(0.,0.,-1.));
#3061=DIRECTION('',(0.,1.,0.));
#3062=DIRECTION('',(0.,0.,1.));
#3063=DIRECTION('center_axis',(0.,1.,0.));
#3064=DIRECTION('ref_axis',(0.,0.,1.));
#3065=DIRECTION('',(-1.,0.,0.));
#3066=DIRECTION('',(0.,0.,1.));
#3067=DIRECTION('center_axis',(1.,1.44560289664734E-15,0.));
#3068=DIRECTION('ref_axis',(-1.44560289664734E-15,1.,0.));
#3069=DIRECTION('',(-1.44560289664734E-15,1.,0.));
#3070=DIRECTION('',(0.,0.,1.));
#3071=DIRECTION('center_axis',(0.,-1.,0.));
#3072=DIRECTION('ref_axis',(0.,0.,-1.));
#3073=DIRECTION('',(1.,0.,0.));
#3074=DIRECTION('',(0.,0.,1.));
#3075=DIRECTION('center_axis',(1.,0.,0.));
#3076=DIRECTION('ref_axis',(0.,0.,-1.));
#3077=DIRECTION('',(0.,1.,0.));
#3078=DIRECTION('center_axis',(0.,0.,1.));
#3079=DIRECTION('ref_axis',(1.,0.,0.));
#3080=DIRECTION('axis',(0.,0.,1.));
#3081=DIRECTION('refdir',(1.,0.,0.));
#3082=DIRECTION('center_axis',(0.,0.,1.));
#3083=DIRECTION('ref_axis',(1.,0.,0.));
#3084=DIRECTION('',(0.,1.,0.));
#3085=DIRECTION('',(1.,-1.8503717077086E-16,0.));
#3086=DIRECTION('',(0.,1.,0.));
#3087=DIRECTION('',(-1.,3.70074341541719E-16,0.));
#3088=DIRECTION('center_axis',(1.,0.,0.));
#3089=DIRECTION('ref_axis',(0.,1.,0.));
#3090=DIRECTION('',(0.,-1.,0.));
#3091=DIRECTION('',(0.,0.,1.));
#3092=DIRECTION('',(0.,0.,1.));
#3093=DIRECTION('center_axis',(0.,1.,0.));
#3094=DIRECTION('ref_axis',(1.,0.,0.));
#3095=DIRECTION('',(0.,0.,-1.));
#3096=DIRECTION('',(-1.,0.,0.));
#3097=DIRECTION('',(0.,0.,-1.));
#3098=DIRECTION('',(1.,-3.70074341541719E-16,0.));
#3099=DIRECTION('center_axis',(-1.,0.,0.));
#3100=DIRECTION('ref_axis',(0.,1.,0.));
#3101=DIRECTION('',(0.,0.,-1.));
#3102=DIRECTION('',(0.,-1.,0.));
#3103=DIRECTION('',(0.,-1.,0.));
#3104=DIRECTION('center_axis',(0.,0.,-1.));
#3105=DIRECTION('ref_axis',(-1.,0.,0.));
#3106=DIRECTION('',(1.,0.,0.));
#3107=DIRECTION('center_axis',(0.,0.,1.));
#3108=DIRECTION('ref_axis',(1.,0.,0.));
#3109=DIRECTION('',(1.,0.,0.));
#3110=DIRECTION('',(0.,1.,0.));
#3111=DIRECTION('center_axis',(1.,0.,0.));
#3112=DIRECTION('ref_axis',(0.,-1.,0.));
#3113=DIRECTION('',(0.,0.,-1.));
#3114=DIRECTION('center_axis',(0.,-1.,0.));
#3115=DIRECTION('ref_axis',(-1.,0.,0.));
#3116=DIRECTION('center_axis',(-1.,3.08395284618099E-16,0.));
#3117=DIRECTION('ref_axis',(-3.08395284618099E-16,-1.,0.));
#3118=DIRECTION('',(3.08395284618099E-16,1.,0.));
#3119=DIRECTION('',(0.,0.,1.));
#3120=DIRECTION('',(-3.08395284618099E-16,-1.,0.));
#3121=DIRECTION('',(0.,0.,1.));
#3122=DIRECTION('center_axis',(0.,0.,1.));
#3123=DIRECTION('ref_axis',(1.,0.,0.));
#3124=DIRECTION('',(0.,-1.,0.));
#3125=DIRECTION('',(-1.,1.85037170770859E-16,0.));
#3126=DIRECTION('',(1.,0.,0.));
#3127=DIRECTION('center_axis',(0.,1.,0.));
#3128=DIRECTION('ref_axis',(1.,0.,0.));
#3129=DIRECTION('',(0.,0.,-1.));
#3130=DIRECTION('',(-1.,0.,0.));
#3131=DIRECTION('',(0.,0.,-1.));
#3132=DIRECTION('',(-1.,0.,0.));
#3133=DIRECTION('center_axis',(-1.,0.,0.));
#3134=DIRECTION('ref_axis',(0.,1.,0.));
#3135=DIRECTION('',(0.,0.,-1.));
#3136=DIRECTION('',(0.,-1.,0.));
#3137=DIRECTION('center_axis',(0.,-1.,0.));
#3138=DIRECTION('ref_axis',(-1.,0.,0.));
#3139=DIRECTION('',(0.,0.,-1.));
#3140=DIRECTION('',(1.,0.,0.));
#3141=DIRECTION('',(-1.,0.,0.));
#3142=DIRECTION('center_axis',(1.,0.,0.));
#3143=DIRECTION('ref_axis',(0.,-1.,0.));
#3144=DIRECTION('',(0.,1.,0.));
#3145=DIRECTION('',(0.,1.,0.));
#3146=DIRECTION('center_axis',(0.,0.,1.));
#3147=DIRECTION('ref_axis',(1.,0.,0.));
#3148=DIRECTION('center_axis',(0.,0.,-1.));
#3149=DIRECTION('ref_axis',(-1.,0.,0.));
#3150=DIRECTION('center_axis',(-1.,3.08395284618099E-16,0.));
#3151=DIRECTION('ref_axis',(-3.08395284618099E-16,-1.,0.));
#3152=DIRECTION('',(3.08395284618099E-16,1.,0.));
#3153=DIRECTION('',(0.,0.,1.));
#3154=DIRECTION('',(-3.08395284618099E-16,-1.,0.));
#3155=DIRECTION('',(0.,0.,1.));
#3156=DIRECTION('center_axis',(0.,0.,1.));
#3157=DIRECTION('ref_axis',(1.,0.,0.));
#3158=DIRECTION('',(0.,-1.,0.));
#3159=DIRECTION('',(-1.,0.,0.));
#3160=DIRECTION('',(1.,0.,0.));
#3161=DIRECTION('center_axis',(0.,1.,0.));
#3162=DIRECTION('ref_axis',(1.,0.,0.));
#3163=DIRECTION('',(0.,0.,-1.));
#3164=DIRECTION('',(-1.,0.,0.));
#3165=DIRECTION('',(0.,0.,-1.));
#3166=DIRECTION('',(-1.,0.,0.));
#3167=DIRECTION('center_axis',(-1.,0.,0.));
#3168=DIRECTION('ref_axis',(0.,1.,0.));
#3169=DIRECTION('',(0.,0.,-1.));
#3170=DIRECTION('',(0.,-1.,0.));
#3171=DIRECTION('center_axis',(0.,-1.,0.));
#3172=DIRECTION('ref_axis',(-1.,0.,0.));
#3173=DIRECTION('',(0.,0.,-1.));
#3174=DIRECTION('',(1.,0.,0.));
#3175=DIRECTION('',(-1.,0.,0.));
#3176=DIRECTION('center_axis',(1.,0.,0.));
#3177=DIRECTION('ref_axis',(0.,-1.,0.));
#3178=DIRECTION('',(0.,1.,0.));
#3179=DIRECTION('',(0.,1.,0.));
#3180=DIRECTION('center_axis',(0.,0.,1.));
#3181=DIRECTION('ref_axis',(1.,0.,0.));
#3182=DIRECTION('center_axis',(0.,0.,-1.));
#3183=DIRECTION('ref_axis',(-1.,0.,0.));
#3184=DIRECTION('axis',(0.,0.,1.));
#3185=DIRECTION('refdir',(1.,0.,0.));
#3186=DIRECTION('center_axis',(0.,-1.,0.));
#3187=DIRECTION('ref_axis',(0.,0.,-1.));
#3188=DIRECTION('',(0.,0.,1.));
#3189=DIRECTION('',(-1.,0.,0.));
#3190=DIRECTION('',(0.,0.,-1.));
#3191=DIRECTION('',(1.,0.,0.));
#3192=DIRECTION('center_axis',(0.,1.,0.));
#3193=DIRECTION('ref_axis',(0.,0.,1.));
#3194=DIRECTION('',(0.,0.,-1.));
#3195=DIRECTION('',(1.,0.,0.));
#3196=DIRECTION('',(0.,0.,1.));
#3197=DIRECTION('',(1.,0.,0.));
#3198=DIRECTION('center_axis',(0.,0.,-1.));
#3199=DIRECTION('ref_axis',(0.,1.,0.));
#3200=DIRECTION('',(0.,-1.,0.));
#3201=DIRECTION('',(-1.,0.,0.));
#3202=DIRECTION('',(0.,1.,0.));
#3203=DIRECTION('center_axis',(0.,0.,-1.));
#3204=DIRECTION('ref_axis',(0.,1.,0.));
#3205=DIRECTION('',(0.,-1.,0.));
#3206=DIRECTION('',(0.,1.,0.));
#3207=DIRECTION('center_axis',(0.,0.,1.));
#3208=DIRECTION('ref_axis',(1.,0.,0.));
#3209=DIRECTION('center_axis',(0.,0.,-1.));
#3210=DIRECTION('ref_axis',(0.,1.,0.));
#3211=DIRECTION('',(0.,-1.,0.));
#3212=DIRECTION('',(0.,1.,0.));
#3213=DIRECTION('',(1.,0.,0.));
#3214=DIRECTION('center_axis',(1.,0.,0.));
#3215=DIRECTION('ref_axis',(0.,0.,-1.));
#3216=DIRECTION('',(0.,0.,-1.));
#3217=DIRECTION('',(0.,-1.,0.));
#3218=DIRECTION('',(0.,0.,-1.));
#3219=DIRECTION('center_axis',(0.,1.,0.));
#3220=DIRECTION('ref_axis',(0.,0.,1.));
#3221=DIRECTION('',(0.,0.,-1.));
#3222=DIRECTION('',(1.,0.,0.));
#3223=DIRECTION('center_axis',(0.,0.,1.));
#3224=DIRECTION('ref_axis',(1.,0.,0.));
#3225=DIRECTION('',(0.,0.,1.));
#3226=DIRECTION('center_axis',(0.,0.,-1.));
#3227=DIRECTION('ref_axis',(-1.,0.,0.));
#3228=DIRECTION('center_axis',(0.,0.,-1.));
#3229=DIRECTION('ref_axis',(-1.,0.,0.));
#3230=DIRECTION('center_axis',(-1.,0.,0.));
#3231=DIRECTION('ref_axis',(0.,0.,1.));
#3232=DIRECTION('',(0.,0.,-1.));
#3233=DIRECTION('',(0.,1.,0.));
#3234=DIRECTION('center_axis',(0.,-1.,0.));
#3235=DIRECTION('ref_axis',(0.,0.,-1.));
#3236=DIRECTION('',(-1.,0.,0.));
#3237=DIRECTION('center_axis',(0.,0.,-1.));
#3238=DIRECTION('ref_axis',(-1.,0.,0.));
#3239=DIRECTION('axis',(0.,0.,1.));
#3240=DIRECTION('refdir',(1.,0.,0.));
#3241=DIRECTION('center_axis',(0.,-1.,0.));
#3242=DIRECTION('ref_axis',(0.,0.,-1.));
#3243=DIRECTION('',(0.,0.,1.));
#3244=DIRECTION('',(1.,0.,0.));
#3245=DIRECTION('',(0.,0.,-1.));
#3246=DIRECTION('',(-1.,0.,0.));
#3247=DIRECTION('center_axis',(0.,1.,0.));
#3248=DIRECTION('ref_axis',(0.,0.,1.));
#3249=DIRECTION('',(0.,0.,-1.));
#3250=DIRECTION('',(1.,0.,0.));
#3251=DIRECTION('',(0.,0.,1.));
#3252=DIRECTION('',(1.,0.,0.));
#3253=DIRECTION('center_axis',(0.,0.,-1.));
#3254=DIRECTION('ref_axis',(0.,1.,0.));
#3255=DIRECTION('',(0.,-1.,0.));
#3256=DIRECTION('',(0.,1.,0.));
#3257=DIRECTION('',(-1.,0.,0.));
#3258=DIRECTION('center_axis',(0.,0.,-1.));
#3259=DIRECTION('ref_axis',(0.,1.,0.));
#3260=DIRECTION('',(0.,-1.,0.));
#3261=DIRECTION('',(0.,1.,0.));
#3262=DIRECTION('center_axis',(0.,0.,1.));
#3263=DIRECTION('ref_axis',(1.,0.,0.));
#3264=DIRECTION('center_axis',(0.,0.,-1.));
#3265=DIRECTION('ref_axis',(0.,1.,0.));
#3266=DIRECTION('',(0.,-1.,0.));
#3267=DIRECTION('',(1.,0.,0.));
#3268=DIRECTION('',(0.,1.,0.));
#3269=DIRECTION('center_axis',(0.,-1.,0.));
#3270=DIRECTION('ref_axis',(0.,0.,-1.));
#3271=DIRECTION('',(0.,0.,-1.));
#3272=DIRECTION('',(-1.,0.,0.));
#3273=DIRECTION('',(0.,0.,-1.));
#3274=DIRECTION('center_axis',(-1.,0.,0.));
#3275=DIRECTION('ref_axis',(0.,0.,1.));
#3276=DIRECTION('',(0.,0.,-1.));
#3277=DIRECTION('',(0.,1.,0.));
#3278=DIRECTION('center_axis',(0.,0.,-1.));
#3279=DIRECTION('ref_axis',(-1.,0.,0.));
#3280=DIRECTION('',(0.,-1.,0.));
#3281=DIRECTION('',(1.,0.,0.));
#3282=DIRECTION('center_axis',(0.,0.,1.));
#3283=DIRECTION('ref_axis',(1.,0.,0.));
#3284=DIRECTION('center_axis',(0.,0.,-1.));
#3285=DIRECTION('ref_axis',(-1.,0.,0.));
#3286=DIRECTION('',(0.,0.,1.));
#3287=DIRECTION('center_axis',(0.,0.,-1.));
#3288=DIRECTION('ref_axis',(-1.,0.,0.));
#3289=DIRECTION('center_axis',(1.,0.,0.));
#3290=DIRECTION('ref_axis',(0.,0.,-1.));
#3291=DIRECTION('',(0.,0.,-1.));
#3292=DIRECTION('center_axis',(0.,1.,0.));
#3293=DIRECTION('ref_axis',(0.,0.,1.));
#3294=DIRECTION('center_axis',(0.,0.,-1.));
#3295=DIRECTION('ref_axis',(-1.,0.,0.));
#3296=DIRECTION('',(0.,0.,1.));
#3297=DIRECTION('',(1.,0.,0.));
#3298=DIRECTION('',(0.,0.,1.));
#3299=DIRECTION('',(1.,0.,0.));
#3300=DIRECTION('',(0.,0.,1.));
#3301=DIRECTION('',(1.,0.,0.));
#3302=DIRECTION('',(0.,0.,1.));
#3303=DIRECTION('',(1.,0.,0.));
#3304=DIRECTION('axis',(0.,0.,1.));
#3305=DIRECTION('refdir',(1.,0.,0.));
#3306=DIRECTION('center_axis',(0.,0.,1.));
#3307=DIRECTION('ref_axis',(-1.,0.,0.));
#3308=DIRECTION('center_axis',(0.,0.,1.));
#3309=DIRECTION('ref_axis',(-1.,0.,0.));
#3310=DIRECTION('',(0.,0.,-1.));
#3311=DIRECTION('center_axis',(0.,0.,-1.));
#3312=DIRECTION('ref_axis',(-1.,0.,0.));
#3313=DIRECTION('center_axis',(0.,0.,1.));
#3314=DIRECTION('ref_axis',(1.,0.,0.));
#3315=DIRECTION('center_axis',(0.,0.,1.));
#3316=DIRECTION('ref_axis',(1.,0.,0.));
#3317=DIRECTION('axis',(0.,0.,1.));
#3318=DIRECTION('refdir',(1.,0.,0.));
#3319=DIRECTION('center_axis',(-0.862752742691063,-0.50562605251218,0.));
#3320=DIRECTION('ref_axis',(0.,0.,1.));
#3321=DIRECTION('',(0.,0.,1.));
#3322=DIRECTION('',(-0.505626052512179,0.862752742691063,0.));
#3323=DIRECTION('',(0.,0.,1.));
#3324=DIRECTION('',(-0.505626052512179,0.862752742691063,0.));
#3325=DIRECTION('center_axis',(0.,1.,0.));
#3326=DIRECTION('ref_axis',(0.,0.,1.));
#3327=DIRECTION('',(1.,0.,0.));
#3328=DIRECTION('',(0.,0.,1.));
#3329=DIRECTION('',(1.,0.,0.));
#3330=DIRECTION('center_axis',(0.860428671084323,-0.509570899852087,0.));
#3331=DIRECTION('ref_axis',(0.,0.,-1.));
#3332=DIRECTION('',(-0.509570899852087,-0.860428671084323,0.));
#3333=DIRECTION('',(0.,0.,1.));
#3334=DIRECTION('',(-0.509570899852087,-0.860428671084323,0.));
#3335=DIRECTION('center_axis',(0.,-1.,0.));
#3336=DIRECTION('ref_axis',(0.,0.,-1.));
#3337=DIRECTION('',(-1.,0.,0.));
#3338=DIRECTION('',(-1.,0.,0.));
#3339=DIRECTION('center_axis',(0.,0.,1.));
#3340=DIRECTION('ref_axis',(1.,0.,0.));
#3341=DIRECTION('center_axis',(0.,0.,1.));
#3342=DIRECTION('ref_axis',(1.,0.,0.));
#3343=DIRECTION('center_axis',(0.859023340627718,-0.511936422084614,0.));
#3344=DIRECTION('ref_axis',(0.,0.,-1.));
#3345=DIRECTION('',(0.,0.,1.));
#3346=DIRECTION('',(-0.511936422084614,-0.859023340627718,0.));
#3347=DIRECTION('',(0.,0.,1.));
#3348=DIRECTION('',(-0.511936422084614,-0.859023340627718,0.));
#3349=DIRECTION('center_axis',(-0.863058750862992,-0.505103546373229,0.));
#3350=DIRECTION('ref_axis',(0.,0.,1.));
#3351=DIRECTION('',(-0.505103546373229,0.863058750862992,0.));
#3352=DIRECTION('',(0.,0.,1.));
#3353=DIRECTION('',(-0.505103546373229,0.863058750862992,0.));
#3354=DIRECTION('center_axis',(0.,1.,0.));
#3355=DIRECTION('ref_axis',(0.,0.,1.));
#3356=DIRECTION('',(1.,0.,0.));
#3357=DIRECTION('',(1.,0.,0.));
#3358=DIRECTION('center_axis',(0.,0.,1.));
#3359=DIRECTION('ref_axis',(1.,0.,0.));
#3360=DIRECTION('center_axis',(0.,0.,1.));
#3361=DIRECTION('ref_axis',(1.,0.,0.));
#3362=DIRECTION('center_axis',(0.,-1.,0.));
#3363=DIRECTION('ref_axis',(0.,0.,-1.));
#3364=DIRECTION('',(0.,0.,1.));
#3365=DIRECTION('',(-1.,0.,0.));
#3366=DIRECTION('',(0.,0.,1.));
#3367=DIRECTION('',(-1.,0.,0.));
#3368=DIRECTION('center_axis',(-0.936232902766256,-0.351380067416851,0.));
#3369=DIRECTION('ref_axis',(0.,0.,1.));
#3370=DIRECTION('',(-0.351380067416851,0.936232902766256,0.));
#3371=DIRECTION('',(0.,0.,1.));
#3372=DIRECTION('',(-0.351380067416851,0.936232902766256,0.));
#3373=DIRECTION('center_axis',(0.,1.,0.));
#3374=DIRECTION('ref_axis',(0.,0.,1.));
#3375=DIRECTION('',(1.,0.,0.));
#3376=DIRECTION('',(0.,0.,1.));
#3377=DIRECTION('',(1.,0.,0.));
#3378=DIRECTION('center_axis',(0.939080291965946,0.343697840029804,0.));
#3379=DIRECTION('ref_axis',(0.,0.,-1.));
#3380=DIRECTION('',(0.343697840029804,-0.939080291965946,0.));
#3381=DIRECTION('',(0.,0.,1.));
#3382=DIRECTION('',(0.343697840029804,-0.939080291965946,0.));
#3383=DIRECTION('center_axis',(0.,1.,0.));
#3384=DIRECTION('ref_axis',(0.,0.,1.));
#3385=DIRECTION('',(1.,0.,0.));
#3386=DIRECTION('',(0.,0.,1.));
#3387=DIRECTION('',(1.,0.,0.));
#3388=DIRECTION('center_axis',(-0.937696048296048,0.34745664623083,0.));
#3389=DIRECTION('ref_axis',(0.,0.,1.));
#3390=DIRECTION('',(0.34745664623083,0.937696048296048,0.));
#3391=DIRECTION('',(0.,0.,1.));
#3392=DIRECTION('',(0.34745664623083,0.937696048296048,0.));
#3393=DIRECTION('center_axis',(0.,1.,0.));
#3394=DIRECTION('ref_axis',(0.,0.,1.));
#3395=DIRECTION('',(1.,0.,0.));
#3396=DIRECTION('',(0.,0.,1.));
#3397=DIRECTION('',(1.,0.,0.));
#3398=DIRECTION('center_axis',(0.933706263815722,-0.358039959936437,0.));
#3399=DIRECTION('ref_axis',(0.,0.,-1.));
#3400=DIRECTION('',(-0.358039959936437,-0.933706263815722,0.));
#3401=DIRECTION('',(-0.358039959936437,-0.933706263815722,0.));
#3402=DIRECTION('center_axis',(0.,0.,1.));
#3403=DIRECTION('ref_axis',(1.,0.,0.));
#3404=DIRECTION('center_axis',(0.,0.,1.));
#3405=DIRECTION('ref_axis',(1.,0.,0.));
#3406=DIRECTION('center_axis',(0.,1.,0.));
#3407=DIRECTION('ref_axis',(0.,0.,1.));
#3408=DIRECTION('',(0.,0.,1.));
#3409=DIRECTION('',(1.,0.,0.));
#3410=DIRECTION('',(0.,0.,1.));
#3411=DIRECTION('',(1.,0.,0.));
#3412=DIRECTION('center_axis',(1.,0.,0.));
#3413=DIRECTION('ref_axis',(0.,0.,-1.));
#3414=DIRECTION('',(0.,-1.,0.));
#3415=DIRECTION('',(0.,0.,1.));
#3416=DIRECTION('',(0.,-1.,0.));
#3417=DIRECTION('center_axis',(0.,-1.,0.));
#3418=DIRECTION('ref_axis',(0.,0.,-1.));
#3419=DIRECTION('',(-1.,0.,0.));
#3420=DIRECTION('',(0.,0.,1.));
#3421=DIRECTION('',(-1.,0.,0.));
#3422=DIRECTION('center_axis',(-1.,0.,0.));
#3423=DIRECTION('ref_axis',(0.,0.,1.));
#3424=DIRECTION('',(0.,1.,0.));
#3425=DIRECTION('',(0.,1.,0.));
#3426=DIRECTION('center_axis',(0.,0.,1.));
#3427=DIRECTION('ref_axis',(1.,0.,0.));
#3428=DIRECTION('center_axis',(0.,0.,1.));
#3429=DIRECTION('ref_axis',(1.,0.,0.));
#3430=DIRECTION('',(0.,0.,1.));
#3431=DIRECTION('',(0.,0.,1.));
#3432=DIRECTION('',(0.,0.,1.));
#3433=DIRECTION('',(0.,0.,1.));
#3434=DIRECTION('',(0.,0.,1.));
#3435=DIRECTION('',(0.,0.,1.));
#3436=DIRECTION('',(0.,0.,1.));
#3437=DIRECTION('center_axis',(0.,-1.,0.));
#3438=DIRECTION('ref_axis',(0.,0.,-1.));
#3439=DIRECTION('',(-1.,0.,0.));
#3440=DIRECTION('',(0.,0.,1.));
#3441=DIRECTION('',(-1.,0.,0.));
#3442=DIRECTION('',(0.,0.,1.));
#3443=DIRECTION('',(0.,0.,1.));
#3444=DIRECTION('',(0.,0.,1.));
#3445=DIRECTION('',(0.,0.,1.));
#3446=DIRECTION('',(0.,0.,1.));
#3447=DIRECTION('',(0.,0.,1.));
#3448=DIRECTION('center_axis',(0.,1.,0.));
#3449=DIRECTION('ref_axis',(0.,0.,1.));
#3450=DIRECTION('',(1.,0.,0.));
#3451=DIRECTION('',(1.,0.,0.));
#3452=DIRECTION('center_axis',(0.,0.,1.));
#3453=DIRECTION('ref_axis',(1.,0.,0.));
#3454=DIRECTION('center_axis',(0.,0.,1.));
#3455=DIRECTION('ref_axis',(1.,0.,0.));
#3456=DIRECTION('center_axis',(0.,1.,0.));
#3457=DIRECTION('ref_axis',(0.,0.,1.));
#3458=DIRECTION('',(0.,0.,1.));
#3459=DIRECTION('',(1.,0.,0.));
#3460=DIRECTION('',(0.,0.,1.));
#3461=DIRECTION('',(1.,0.,0.));
#3462=DIRECTION('center_axis',(1.,0.,0.));
#3463=DIRECTION('ref_axis',(0.,0.,-1.));
#3464=DIRECTION('',(0.,-1.,0.));
#3465=DIRECTION('',(0.,0.,1.));
#3466=DIRECTION('',(0.,-1.,0.));
#3467=DIRECTION('center_axis',(0.,1.,0.));
#3468=DIRECTION('ref_axis',(0.,0.,1.));
#3469=DIRECTION('',(1.,0.,0.));
#3470=DIRECTION('',(0.,0.,1.));
#3471=DIRECTION('',(1.,0.,0.));
#3472=DIRECTION('center_axis',(-1.,0.,0.));
#3473=DIRECTION('ref_axis',(0.,0.,1.));
#3474=DIRECTION('',(0.,1.,0.));
#3475=DIRECTION('',(0.,0.,1.));
#3476=DIRECTION('',(0.,1.,0.));
#3477=DIRECTION('center_axis',(0.,1.,0.));
#3478=DIRECTION('ref_axis',(0.,0.,1.));
#3479=DIRECTION('',(1.,0.,0.));
#3480=DIRECTION('',(0.,0.,1.));
#3481=DIRECTION('',(1.,0.,0.));
#3482=DIRECTION('center_axis',(1.,0.,0.));
#3483=DIRECTION('ref_axis',(0.,0.,-1.));
#3484=DIRECTION('',(0.,-1.,0.));
#3485=DIRECTION('',(0.,0.,1.));
#3486=DIRECTION('',(0.,-1.,0.));
#3487=DIRECTION('center_axis',(0.,-1.,0.));
#3488=DIRECTION('ref_axis',(0.,0.,-1.));
#3489=DIRECTION('',(-1.,0.,0.));
#3490=DIRECTION('',(0.,0.,1.));
#3491=DIRECTION('',(-1.,0.,0.));
#3492=DIRECTION('center_axis',(-1.,0.,0.));
#3493=DIRECTION('ref_axis',(0.,0.,1.));
#3494=DIRECTION('',(0.,1.,0.));
#3495=DIRECTION('',(0.,0.,1.));
#3496=DIRECTION('',(0.,1.,0.));
#3497=DIRECTION('center_axis',(0.,-1.,0.));
#3498=DIRECTION('ref_axis',(0.,0.,-1.));
#3499=DIRECTION('',(-1.,0.,0.));
#3500=DIRECTION('',(0.,0.,1.));
#3501=DIRECTION('',(-1.,0.,0.));
#3502=DIRECTION('center_axis',(1.,0.,0.));
#3503=DIRECTION('ref_axis',(0.,0.,-1.));
#3504=DIRECTION('',(0.,-1.,0.));
#3505=DIRECTION('',(0.,0.,1.));
#3506=DIRECTION('',(0.,-1.,0.));
#3507=DIRECTION('center_axis',(0.,-1.,0.));
#3508=DIRECTION('ref_axis',(0.,0.,-1.));
#3509=DIRECTION('',(-1.,0.,0.));
#3510=DIRECTION('',(0.,0.,1.));
#3511=DIRECTION('',(-1.,0.,0.));
#3512=DIRECTION('center_axis',(-1.,0.,0.));
#3513=DIRECTION('ref_axis',(0.,0.,1.));
#3514=DIRECTION('',(0.,1.,0.));
#3515=DIRECTION('',(0.,1.,0.));
#3516=DIRECTION('center_axis',(0.,0.,1.));
#3517=DIRECTION('ref_axis',(1.,0.,0.));
#3518=DIRECTION('center_axis',(0.,0.,1.));
#3519=DIRECTION('ref_axis',(1.,0.,0.));
#3520=DIRECTION('center_axis',(0.,1.,0.));
#3521=DIRECTION('ref_axis',(0.,0.,1.));
#3522=DIRECTION('',(0.,0.,1.));
#3523=DIRECTION('',(1.,0.,0.));
#3524=DIRECTION('',(0.,0.,1.));
#3525=DIRECTION('',(1.,0.,0.));
#3526=DIRECTION('center_axis',(0.918030838804518,0.3965089898147,0.));
#3527=DIRECTION('ref_axis',(0.,0.,-1.));
#3528=DIRECTION('',(0.3965089898147,-0.918030838804518,0.));
#3529=DIRECTION('',(0.,0.,1.));
#3530=DIRECTION('',(0.3965089898147,-0.918030838804518,0.));
#3531=DIRECTION('center_axis',(0.,-1.,0.));
#3532=DIRECTION('ref_axis',(0.,0.,-1.));
#3533=DIRECTION('',(-1.,0.,0.));
#3534=DIRECTION('',(0.,0.,1.));
#3535=DIRECTION('',(-1.,0.,0.));
#3536=DIRECTION('center_axis',(-0.930865350415299,-0.365362421981521,0.));
#3537=DIRECTION('ref_axis',(0.,0.,1.));
#3538=DIRECTION('',(-0.365362421981521,0.930865350415299,0.));
#3539=DIRECTION('',(0.,0.,1.));
#3540=DIRECTION('',(-0.365362421981521,0.930865350415299,0.));
#3541=DIRECTION('center_axis',(0.,-1.,0.));
#3542=DIRECTION('ref_axis',(0.,0.,-1.));
#3543=DIRECTION('',(-1.,0.,0.));
#3544=DIRECTION('',(0.,0.,1.));
#3545=DIRECTION('',(-1.,0.,0.));
#3546=DIRECTION('center_axis',(0.926421005522081,-0.37648920373293,0.));
#3547=DIRECTION('ref_axis',(0.,0.,-1.));
#3548=DIRECTION('',(-0.37648920373293,-0.926421005522081,0.));
#3549=DIRECTION('',(0.,0.,1.));
#3550=DIRECTION('',(-0.37648920373293,-0.926421005522081,0.));
#3551=DIRECTION('center_axis',(0.,-1.,0.));
#3552=DIRECTION('ref_axis',(0.,0.,-1.));
#3553=DIRECTION('',(-1.,0.,0.));
#3554=DIRECTION('',(0.,0.,1.));
#3555=DIRECTION('',(-1.,0.,0.));
#3556=DIRECTION('center_axis',(-0.915868187999154,0.401479093118367,0.));
#3557=DIRECTION('ref_axis',(0.,0.,1.));
#3558=DIRECTION('',(0.401479093118367,0.915868187999154,0.));
#3559=DIRECTION('',(0.401479093118367,0.915868187999154,0.));
#3560=DIRECTION('center_axis',(0.,1.,0.));
#3561=DIRECTION('ref_axis',(0.,0.,1.));
#3562=DIRECTION('',(0.,0.,1.));
#3563=DIRECTION('',(1.,0.,0.));
#3564=DIRECTION('',(0.,0.,1.));
#3565=DIRECTION('',(1.,0.,0.));
#3566=DIRECTION('center_axis',(-0.929419584354608,-0.369024709495323,0.));
#3567=DIRECTION('ref_axis',(0.,0.,1.));
#3568=DIRECTION('',(-0.369024709495323,0.929419584354608,0.));
#3569=DIRECTION('',(0.,0.,1.));
#3570=DIRECTION('',(-0.369024709495323,0.929419584354608,0.));
#3571=DIRECTION('center_axis',(0.,-1.,0.));
#3572=DIRECTION('ref_axis',(0.,0.,-1.));
#3573=DIRECTION('',(-1.,0.,0.));
#3574=DIRECTION('',(0.,0.,1.));
#3575=DIRECTION('',(-1.,0.,0.));
#3576=DIRECTION('center_axis',(0.925121765742887,-0.379670539479642,0.));
#3577=DIRECTION('ref_axis',(0.,0.,-1.));
#3578=DIRECTION('',(-0.379670539479642,-0.925121765742887,0.));
#3579=DIRECTION('',(-0.379670539479642,-0.925121765742887,0.));
#3580=DIRECTION('center_axis',(0.,0.,1.));
#3581=DIRECTION('ref_axis',(1.,0.,0.));
#3582=DIRECTION('center_axis',(0.,0.,1.));
#3583=DIRECTION('ref_axis',(1.,0.,0.));
#3584=DIRECTION('center_axis',(-0.820629637441726,-0.571460408210631,0.));
#3585=DIRECTION('ref_axis',(0.,0.,1.));
#3586=DIRECTION('',(0.,0.,1.));
#3587=DIRECTION('',(-0.571460408210631,0.820629637441726,0.));
#3588=DIRECTION('',(0.,0.,1.));
#3589=DIRECTION('',(-0.571460408210631,0.820629637441726,0.));
#3590=DIRECTION('center_axis',(0.,1.,0.));
#3591=DIRECTION('ref_axis',(0.,0.,1.));
#3592=DIRECTION('',(1.,0.,0.));
#3593=DIRECTION('',(0.,0.,1.));
#3594=DIRECTION('',(1.,0.,0.));
#3595=DIRECTION('center_axis',(0.8251882666148,0.564857791520363,0.));
#3596=DIRECTION('ref_axis',(0.,0.,-1.));
#3597=DIRECTION('',(0.564857791520363,-0.8251882666148,0.));
#3598=DIRECTION('',(0.,0.,1.));
#3599=DIRECTION('',(0.564857791520363,-0.8251882666148,0.));
#3600=DIRECTION('center_axis',(-0.826946573811709,0.562280503006352,0.));
#3601=DIRECTION('ref_axis',(0.,0.,1.));
#3602=DIRECTION('',(0.562280503006352,0.826946573811709,0.));
#3603=DIRECTION('',(0.,0.,1.));
#3604=DIRECTION('',(0.562280503006352,0.826946573811709,0.));
#3605=DIRECTION('center_axis',(0.,1.,0.));
#3606=DIRECTION('ref_axis',(0.,0.,1.));
#3607=DIRECTION('',(1.,0.,0.));
#3608=DIRECTION('',(0.,0.,1.));
#3609=DIRECTION('',(1.,0.,0.));
#3610=DIRECTION('center_axis',(0.820842183617819,-0.571155066154131,0.));
#3611=DIRECTION('ref_axis',(0.,0.,-1.));
#3612=DIRECTION('',(-0.571155066154131,-0.820842183617819,0.));
#3613=DIRECTION('',(0.,0.,1.));
#3614=DIRECTION('',(-0.571155066154131,-0.820842183617819,0.));
#3615=DIRECTION('center_axis',(1.,0.,0.));
#3616=DIRECTION('ref_axis',(0.,0.,-1.));
#3617=DIRECTION('',(0.,-1.,0.));
#3618=DIRECTION('',(0.,0.,1.));
#3619=DIRECTION('',(0.,-1.,0.));
#3620=DIRECTION('center_axis',(0.,-1.,0.));
#3621=DIRECTION('ref_axis',(0.,0.,-1.));
#3622=DIRECTION('',(-1.,0.,0.));
#3623=DIRECTION('',(0.,0.,1.));
#3624=DIRECTION('',(-1.,0.,0.));
#3625=DIRECTION('center_axis',(-1.,0.,0.));
#3626=DIRECTION('ref_axis',(0.,0.,1.));
#3627=DIRECTION('',(0.,1.,0.));
#3628=DIRECTION('',(0.,1.,0.));
#3629=DIRECTION('center_axis',(0.,0.,1.));
#3630=DIRECTION('ref_axis',(1.,0.,0.));
#3631=DIRECTION('center_axis',(0.,0.,1.));
#3632=DIRECTION('ref_axis',(1.,0.,0.));
#3633=DIRECTION('',(0.,0.,1.));
#3634=DIRECTION('',(0.,1.,0.));
#3635=DIRECTION('',(0.,0.,1.));
#3636=DIRECTION('',(1.,2.70616862252382E-16,0.));
#3637=DIRECTION('',(0.,0.,1.));
#3638=DIRECTION('',(1.,-2.9837243786801E-16,0.));
#3639=CARTESIAN_POINT('',(0.,0.,0.));
#3640=CARTESIAN_POINT('',(0.,0.,0.));
#3641=CARTESIAN_POINT('',(0.,0.,0.));
#3642=CARTESIAN_POINT('Origin',(2.5,2.5,1.8));
#3643=CARTESIAN_POINT('',(4.2,2.5,2.8));
#3644=CARTESIAN_POINT('',(0.8,2.5,2.8));
#3645=CARTESIAN_POINT('Origin',(2.5,2.5,2.8));
#3646=CARTESIAN_POINT('Origin',(2.5,2.5,2.8));
#3647=CARTESIAN_POINT('',(0.8,2.5,1.8));
#3648=CARTESIAN_POINT('',(0.8,2.5,1.8));
#3649=CARTESIAN_POINT('',(4.2,2.5,1.8));
#3650=CARTESIAN_POINT('Origin',(2.5,2.5,1.8));
#3651=CARTESIAN_POINT('Origin',(2.5,2.5,1.8));
#3652=CARTESIAN_POINT('Origin',(2.5,2.5,1.8));
#3653=CARTESIAN_POINT('Origin',(2.5,2.5,2.8));
#3654=CARTESIAN_POINT('',(2.2,1.5,2.8));
#3655=CARTESIAN_POINT('',(2.8,1.5,2.8));
#3656=CARTESIAN_POINT('',(2.2,1.5,2.8));
#3657=CARTESIAN_POINT('',(2.2,2.2,2.8));
#3658=CARTESIAN_POINT('',(2.2,2.2,2.8));
#3659=CARTESIAN_POINT('',(1.5,2.2,2.8));
#3660=CARTESIAN_POINT('',(1.5,2.2,2.8));
#3661=CARTESIAN_POINT('',(1.5,2.8,2.8));
#3662=CARTESIAN_POINT('',(1.5,2.8,2.8));
#3663=CARTESIAN_POINT('',(2.2,2.8,2.8));
#3664=CARTESIAN_POINT('',(2.2,2.8,2.8));
#3665=CARTESIAN_POINT('',(2.2,3.5,2.8));
#3666=CARTESIAN_POINT('',(2.2,3.5,2.8));
#3667=CARTESIAN_POINT('',(2.8,3.5,2.8));
#3668=CARTESIAN_POINT('',(2.8,3.5,2.8));
#3669=CARTESIAN_POINT('',(2.8,2.8,2.8));
#3670=CARTESIAN_POINT('',(2.8,2.8,2.8));
#3671=CARTESIAN_POINT('',(3.5,2.8,2.8));
#3672=CARTESIAN_POINT('',(3.5,2.8,2.8));
#3673=CARTESIAN_POINT('',(3.5,2.2,2.8));
#3674=CARTESIAN_POINT('',(3.5,2.2,2.8));
#3675=CARTESIAN_POINT('',(2.8,2.2,2.8));
#3676=CARTESIAN_POINT('',(2.8,2.2,2.8));
#3677=CARTESIAN_POINT('',(2.8,1.5,2.8));
#3678=CARTESIAN_POINT('Origin',(2.2,1.5,2.4));
#3679=CARTESIAN_POINT('',(2.8,1.5,2.4));
#3680=CARTESIAN_POINT('',(2.8,1.5,2.4));
#3681=CARTESIAN_POINT('',(2.2,1.5,2.4));
#3682=CARTESIAN_POINT('',(2.2,1.5,2.4));
#3683=CARTESIAN_POINT('',(2.2,1.5,2.4));
#3684=CARTESIAN_POINT('Origin',(2.2,2.2,2.4));
#3685=CARTESIAN_POINT('',(2.2,2.2,2.4));
#3686=CARTESIAN_POINT('',(2.2,2.2,2.4));
#3687=CARTESIAN_POINT('',(2.2,2.2,2.4));
#3688=CARTESIAN_POINT('Origin',(1.5,2.2,2.4));
#3689=CARTESIAN_POINT('',(1.5,2.2,2.4));
#3690=CARTESIAN_POINT('',(1.5,2.2,2.4));
#3691=CARTESIAN_POINT('',(1.5,2.2,2.4));
#3692=CARTESIAN_POINT('Origin',(1.5,2.8,2.4));
#3693=CARTESIAN_POINT('',(1.5,2.8,2.4));
#3694=CARTESIAN_POINT('',(1.5,2.8,2.4));
#3695=CARTESIAN_POINT('',(1.5,2.8,2.4));
#3696=CARTESIAN_POINT('Origin',(2.2,2.8,2.4));
#3697=CARTESIAN_POINT('',(2.2,2.8,2.4));
#3698=CARTESIAN_POINT('',(2.2,2.8,2.4));
#3699=CARTESIAN_POINT('',(2.2,2.8,2.4));
#3700=CARTESIAN_POINT('Origin',(2.2,3.5,2.4));
#3701=CARTESIAN_POINT('',(2.2,3.5,2.4));
#3702=CARTESIAN_POINT('',(2.2,3.5,2.4));
#3703=CARTESIAN_POINT('',(2.2,3.5,2.4));
#3704=CARTESIAN_POINT('Origin',(2.8,3.5,2.4));
#3705=CARTESIAN_POINT('',(2.8,3.5,2.4));
#3706=CARTESIAN_POINT('',(2.8,3.5,2.4));
#3707=CARTESIAN_POINT('',(2.8,3.5,2.4));
#3708=CARTESIAN_POINT('Origin',(2.8,2.8,2.4));
#3709=CARTESIAN_POINT('',(2.8,2.8,2.4));
#3710=CARTESIAN_POINT('',(2.8,2.8,2.4));
#3711=CARTESIAN_POINT('',(2.8,2.8,2.4));
#3712=CARTESIAN_POINT('Origin',(3.5,2.8,2.4));
#3713=CARTESIAN_POINT('',(3.5,2.8,2.4));
#3714=CARTESIAN_POINT('',(3.5,2.8,2.4));
#3715=CARTESIAN_POINT('',(3.5,2.8,2.4));
#3716=CARTESIAN_POINT('Origin',(3.5,2.2,2.4));
#3717=CARTESIAN_POINT('',(3.5,2.2,2.4));
#3718=CARTESIAN_POINT('',(3.5,2.2,2.4));
#3719=CARTESIAN_POINT('',(3.5,2.2,2.4));
#3720=CARTESIAN_POINT('Origin',(2.8,2.2,2.4));
#3721=CARTESIAN_POINT('',(2.8,2.2,2.4));
#3722=CARTESIAN_POINT('',(2.8,2.2,2.4));
#3723=CARTESIAN_POINT('',(2.8,2.2,2.4));
#3724=CARTESIAN_POINT('Origin',(2.8,1.5,2.4));
#3725=CARTESIAN_POINT('',(2.8,1.5,2.4));
#3726=CARTESIAN_POINT('Origin',(0.,0.,2.4));
#3727=CARTESIAN_POINT('',(0.,0.,0.));
#3728=CARTESIAN_POINT('Origin',(5.375,2.5,0.4));
#3729=CARTESIAN_POINT('',(5.2,2.05,0.4));
#3730=CARTESIAN_POINT('',(5.2,2.95,0.4));
#3731=CARTESIAN_POINT('',(5.2,2.725,0.4));
#3732=CARTESIAN_POINT('',(5.75,2.05,0.4));
#3733=CARTESIAN_POINT('',(5.75,2.05,0.4));
#3734=CARTESIAN_POINT('',(5.75,2.95,0.4));
#3735=CARTESIAN_POINT('',(5.75,2.95,0.4));
#3736=CARTESIAN_POINT('',(5.,2.95,0.4));
#3737=CARTESIAN_POINT('Origin',(5.75,2.05,0.2));
#3738=CARTESIAN_POINT('',(5.75,2.95,0.2));
#3739=CARTESIAN_POINT('',(5.75,2.05,0.2));
#3740=CARTESIAN_POINT('',(5.75,2.95,0.2));
#3741=CARTESIAN_POINT('',(5.75,2.95,0.2));
#3742=CARTESIAN_POINT('',(5.75,2.05,0.2));
#3743=CARTESIAN_POINT('Origin',(5.,2.95,1.2));
#3744=CARTESIAN_POINT('',(5.,2.95,1.2));
#3745=CARTESIAN_POINT('',(5.,2.95,0.2));
#3746=CARTESIAN_POINT('',(5.,2.95,1.2));
#3747=CARTESIAN_POINT('',(5.2,2.95,1.2));
#3748=CARTESIAN_POINT('',(5.2,2.95,1.2));
#3749=CARTESIAN_POINT('',(5.2,2.95,1.2));
#3750=CARTESIAN_POINT('',(5.,2.95,0.2));
#3751=CARTESIAN_POINT('Origin',(5.,2.05,1.2));
#3752=CARTESIAN_POINT('',(5.,2.05,1.2));
#3753=CARTESIAN_POINT('',(5.,2.05,0.2));
#3754=CARTESIAN_POINT('',(5.,2.05,1.2));
#3755=CARTESIAN_POINT('',(5.,2.95,1.2));
#3756=CARTESIAN_POINT('',(5.,2.275,0.2));
#3757=CARTESIAN_POINT('Origin',(2.5,2.5,0.2));
#3758=CARTESIAN_POINT('',(3.85,2.05,0.2));
#3759=CARTESIAN_POINT('Origin',(5.1,2.5,1.2));
#3760=CARTESIAN_POINT('',(5.2,2.05,1.2));
#3761=CARTESIAN_POINT('',(5.,2.05,1.2));
#3762=CARTESIAN_POINT('',(5.2,2.05,1.2));
#3763=CARTESIAN_POINT('Origin',(5.2,2.95,1.2));
#3764=CARTESIAN_POINT('',(5.2,2.05,1.2));
#3765=CARTESIAN_POINT('Origin',(5.2,2.05,1.2));
#3766=CARTESIAN_POINT('Origin',(-0.75,1.8,0.2));
#3767=CARTESIAN_POINT('',(-0.75,0.9,0.2));
#3768=CARTESIAN_POINT('',(-0.75,1.8,0.2));
#3769=CARTESIAN_POINT('',(-0.75,0.9,0.2));
#3770=CARTESIAN_POINT('',(-0.75,0.9,0.4));
#3771=CARTESIAN_POINT('',(-0.75,0.9,0.2));
#3772=CARTESIAN_POINT('',(-0.75,1.8,0.4));
#3773=CARTESIAN_POINT('',(-0.75,0.9,0.4));
#3774=CARTESIAN_POINT('',(-0.75,1.8,0.2));
#3775=CARTESIAN_POINT('Origin',(-0.375,1.35,0.4));
#3776=CARTESIAN_POINT('',(-0.2,1.8,0.4));
#3777=CARTESIAN_POINT('',(-0.2,0.9,0.4));
#3778=CARTESIAN_POINT('',(-0.2,1.125,0.4));
#3779=CARTESIAN_POINT('',(-0.75,1.8,0.4));
#3780=CARTESIAN_POINT('',(0.,0.9,0.4));
#3781=CARTESIAN_POINT('Origin',(-0.2,1.8,1.2));
#3782=CARTESIAN_POINT('',(-0.2,1.8,1.2));
#3783=CARTESIAN_POINT('',(-0.2,1.8,1.2));
#3784=CARTESIAN_POINT('',(0.,1.8,1.2));
#3785=CARTESIAN_POINT('',(0.,1.8,1.2));
#3786=CARTESIAN_POINT('',(0.,1.8,0.2));
#3787=CARTESIAN_POINT('',(0.,1.8,1.2));
#3788=CARTESIAN_POINT('',(1.15,1.8,0.2));
#3789=CARTESIAN_POINT('Origin',(-0.2,0.9,1.2));
#3790=CARTESIAN_POINT('',(-0.2,0.9,1.2));
#3791=CARTESIAN_POINT('',(-0.2,0.9,1.2));
#3792=CARTESIAN_POINT('',(-0.2,1.8,1.2));
#3793=CARTESIAN_POINT('Origin',(0.,0.9,1.2));
#3794=CARTESIAN_POINT('',(0.,0.9,1.2));
#3795=CARTESIAN_POINT('',(0.,0.9,0.2));
#3796=CARTESIAN_POINT('',(0.,0.9,1.2));
#3797=CARTESIAN_POINT('',(-0.2,0.9,1.2));
#3798=CARTESIAN_POINT('',(0.,0.9,0.2));
#3799=CARTESIAN_POINT('Origin',(0.,1.8,1.2));
#3800=CARTESIAN_POINT('',(0.,0.9,1.2));
#3801=CARTESIAN_POINT('',(0.,2.15,0.2));
#3802=CARTESIAN_POINT('Origin',(-0.1,1.35,1.2));
#3803=CARTESIAN_POINT('Origin',(2.5,2.5,0.2));
#3804=CARTESIAN_POINT('Origin',(-0.75,4.1,0.2));
#3805=CARTESIAN_POINT('',(-0.75,3.2,0.2));
#3806=CARTESIAN_POINT('',(-0.75,4.1,0.2));
#3807=CARTESIAN_POINT('',(-0.75,3.2,0.2));
#3808=CARTESIAN_POINT('',(-0.75,3.2,0.4));
#3809=CARTESIAN_POINT('',(-0.75,3.2,0.2));
#3810=CARTESIAN_POINT('',(-0.75,4.1,0.4));
#3811=CARTESIAN_POINT('',(-0.75,3.2,0.4));
#3812=CARTESIAN_POINT('',(-0.75,4.1,0.2));
#3813=CARTESIAN_POINT('Origin',(-0.375,3.65,0.4));
#3814=CARTESIAN_POINT('',(-0.2,4.1,0.4));
#3815=CARTESIAN_POINT('',(-0.2,3.2,0.4));
#3816=CARTESIAN_POINT('',(-0.2,3.425,0.4));
#3817=CARTESIAN_POINT('',(-0.75,4.1,0.4));
#3818=CARTESIAN_POINT('',(0.,3.2,0.4));
#3819=CARTESIAN_POINT('Origin',(-0.2,4.1,1.2));
#3820=CARTESIAN_POINT('',(-0.2,4.1,1.2));
#3821=CARTESIAN_POINT('',(-0.2,4.1,1.2));
#3822=CARTESIAN_POINT('',(0.,4.1,1.2));
#3823=CARTESIAN_POINT('',(0.,4.1,1.2));
#3824=CARTESIAN_POINT('',(0.,4.1,0.2));
#3825=CARTESIAN_POINT('',(0.,4.1,1.2));
#3826=CARTESIAN_POINT('',(1.15,4.1,0.2));
#3827=CARTESIAN_POINT('Origin',(-0.2,3.2,1.2));
#3828=CARTESIAN_POINT('',(-0.2,3.2,1.2));
#3829=CARTESIAN_POINT('',(-0.2,3.2,1.2));
#3830=CARTESIAN_POINT('',(-0.2,4.1,1.2));
#3831=CARTESIAN_POINT('Origin',(0.,3.2,1.2));
#3832=CARTESIAN_POINT('',(0.,3.2,1.2));
#3833=CARTESIAN_POINT('',(0.,3.2,0.2));
#3834=CARTESIAN_POINT('',(0.,3.2,1.2));
#3835=CARTESIAN_POINT('',(-0.2,3.2,1.2));
#3836=CARTESIAN_POINT('',(0.,3.2,0.2));
#3837=CARTESIAN_POINT('Origin',(0.,4.1,1.2));
#3838=CARTESIAN_POINT('',(0.,3.2,1.2));
#3839=CARTESIAN_POINT('',(0.,3.3,0.2));
#3840=CARTESIAN_POINT('Origin',(-0.1,3.65,1.2));
#3841=CARTESIAN_POINT('Origin',(2.5,2.5,0.2));
#3842=CARTESIAN_POINT('',(0.,0.,0.));
#3843=CARTESIAN_POINT('Origin',(0.,4.75060903145842,2.7));
#3844=CARTESIAN_POINT('',(5.,4.75060903145842,0.746957162496556));
#3845=CARTESIAN_POINT('',(5.,4.75060903145842,2.45685987022772));
#3846=CARTESIAN_POINT('',(5.,4.75060903145842,2.7));
#3847=CARTESIAN_POINT('',(0.,4.75060903145842,2.45685987022772));
#3848=CARTESIAN_POINT('',(0.,4.75060903145842,2.45685987022772));
#3849=CARTESIAN_POINT('',(0.,4.75060903145842,0.746957162496556));
#3850=CARTESIAN_POINT('',(0.,4.75060903145842,2.7));
#3851=CARTESIAN_POINT('',(0.,4.75060903145842,0.746957162496556));
#3852=CARTESIAN_POINT('Origin',(0.,0.229907580591673,0.746957162496556));
#3853=CARTESIAN_POINT('',(5.,0.229907580591673,2.45685987022772));
#3854=CARTESIAN_POINT('',(5.,0.229907580591673,0.746957162496556));
#3855=CARTESIAN_POINT('',(5.,0.229907580591673,1.72347858124828));
#3856=CARTESIAN_POINT('',(0.,0.229907580591673,0.746957162496556));
#3857=CARTESIAN_POINT('',(0.,0.229907580591673,0.746957162496556));
#3858=CARTESIAN_POINT('',(0.,0.229907580591673,2.45685987022772));
#3859=CARTESIAN_POINT('',(0.,0.229907580591673,1.72347858124828));
#3860=CARTESIAN_POINT('',(0.,0.229907580591673,2.45685987022772));
#3861=CARTESIAN_POINT('Origin',(0.,0.,0.746957162496556));
#3862=CARTESIAN_POINT('',(5.,0.,0.746957162496556));
#3863=CARTESIAN_POINT('',(5.,0.,0.746957162496556));
#3864=CARTESIAN_POINT('',(0.,0.,0.746957162496556));
#3865=CARTESIAN_POINT('',(0.,0.,0.746957162496556));
#3866=CARTESIAN_POINT('',(0.,0.,0.746957162496556));
#3867=CARTESIAN_POINT('Origin',(0.,0.,2.45685987022772));
#3868=CARTESIAN_POINT('',(5.,0.,2.45685987022772));
#3869=CARTESIAN_POINT('',(0.,0.,2.45685987022772));
#3870=CARTESIAN_POINT('',(0.750000000000001,2.5,2.45685987022772));
#3871=CARTESIAN_POINT('Origin',(2.5,2.5,2.45685987022772));
#3872=CARTESIAN_POINT('Origin',(0.,4.75060903145842,0.746957162496556));
#3873=CARTESIAN_POINT('',(5.,5.,0.746957162496556));
#3874=CARTESIAN_POINT('',(5.,2.37530451572921,0.746957162496556));
#3875=CARTESIAN_POINT('',(0.,5.,0.746957162496556));
#3876=CARTESIAN_POINT('',(0.,2.37530451572921,0.746957162496556));
#3877=CARTESIAN_POINT('',(0.,5.,0.746957162496556));
#3878=CARTESIAN_POINT('Origin',(0.,0.,2.7));
#3879=CARTESIAN_POINT('',(0.,0.,2.7));
#3880=CARTESIAN_POINT('',(0.,0.,2.7));
#3881=CARTESIAN_POINT('',(0.,5.,2.7));
#3882=CARTESIAN_POINT('',(0.,0.,2.7));
#3883=CARTESIAN_POINT('',(0.,5.,2.7));
#3884=CARTESIAN_POINT('Origin',(0.,0.,2.7));
#3885=CARTESIAN_POINT('',(5.,0.,2.7));
#3886=CARTESIAN_POINT('',(5.,0.,2.7));
#3887=CARTESIAN_POINT('',(0.,0.,2.7));
#3888=CARTESIAN_POINT('Origin',(2.5,2.5,1.7));
#3889=CARTESIAN_POINT('',(0.750000000000001,2.5,2.7));
#3890=CARTESIAN_POINT('',(0.750000000000001,2.5,1.7));
#3891=CARTESIAN_POINT('',(4.25,2.5,2.7));
#3892=CARTESIAN_POINT('Origin',(2.5,2.5,2.7));
#3893=CARTESIAN_POINT('Origin',(2.5,2.5,2.7));
#3894=CARTESIAN_POINT('Origin',(5.,0.,2.7));
#3895=CARTESIAN_POINT('',(5.,5.,2.7));
#3896=CARTESIAN_POINT('',(5.,5.,2.7));
#3897=CARTESIAN_POINT('',(5.,0.,2.7));
#3898=CARTESIAN_POINT('Origin',(0.,5.,2.7));
#3899=CARTESIAN_POINT('',(0.,5.,2.7));
#3900=CARTESIAN_POINT('Origin',(0.,0.,2.7));
#3901=CARTESIAN_POINT('',(0.,0.,0.));
#3902=CARTESIAN_POINT('Origin',(0.,4.75060903145842,2.7));
#3903=CARTESIAN_POINT('',(5.,4.75060903145842,0.746957162496556));
#3904=CARTESIAN_POINT('',(5.,4.75060903145842,2.45685987022772));
#3905=CARTESIAN_POINT('',(5.,4.75060903145842,2.7));
#3906=CARTESIAN_POINT('',(0.,4.75060903145842,0.746957162496556));
#3907=CARTESIAN_POINT('',(0.,4.75060903145842,0.746957162496556));
#3908=CARTESIAN_POINT('',(0.,4.75060903145842,2.45685987022772));
#3909=CARTESIAN_POINT('',(0.,4.75060903145842,2.7));
#3910=CARTESIAN_POINT('',(0.,4.75060903145842,2.45685987022772));
#3911=CARTESIAN_POINT('Origin',(0.,0.229907580591673,0.746957162496556));
#3912=CARTESIAN_POINT('',(5.,0.229907580591673,2.45685987022772));
#3913=CARTESIAN_POINT('',(5.,0.229907580591673,0.746957162496556));
#3914=CARTESIAN_POINT('',(5.,0.229907580591673,1.72347858124828));
#3915=CARTESIAN_POINT('',(0.,0.229907580591673,2.45685987022772));
#3916=CARTESIAN_POINT('',(0.,0.229907580591673,2.45685987022772));
#3917=CARTESIAN_POINT('',(0.,0.229907580591673,0.746957162496556));
#3918=CARTESIAN_POINT('',(0.,0.229907580591673,1.72347858124828));
#3919=CARTESIAN_POINT('',(0.,0.229907580591673,0.746957162496556));
#3920=CARTESIAN_POINT('Origin',(0.,0.,0.746957162496556));
#3921=CARTESIAN_POINT('',(5.,0.,0.746957162496556));
#3922=CARTESIAN_POINT('',(5.,0.,0.746957162496556));
#3923=CARTESIAN_POINT('',(0.,0.,0.746957162496556));
#3924=CARTESIAN_POINT('',(0.,0.,0.746957162496556));
#3925=CARTESIAN_POINT('',(0.,0.,0.746957162496556));
#3926=CARTESIAN_POINT('Origin',(0.,0.,2.45685987022772));
#3927=CARTESIAN_POINT('',(5.,0.,2.45685987022772));
#3928=CARTESIAN_POINT('',(0.,0.,2.45685987022772));
#3929=CARTESIAN_POINT('',(0.750000000000001,2.5,2.45685987022772));
#3930=CARTESIAN_POINT('Origin',(2.5,2.5,2.45685987022772));
#3931=CARTESIAN_POINT('Origin',(0.,4.75060903145842,0.746957162496556));
#3932=CARTESIAN_POINT('',(5.,5.,0.746957162496556));
#3933=CARTESIAN_POINT('',(5.,2.37530451572921,0.746957162496556));
#3934=CARTESIAN_POINT('',(0.,5.,0.746957162496556));
#3935=CARTESIAN_POINT('',(0.,5.,0.746957162496556));
#3936=CARTESIAN_POINT('',(0.,2.37530451572921,0.746957162496556));
#3937=CARTESIAN_POINT('Origin',(0.,5.,2.7));
#3938=CARTESIAN_POINT('',(5.,5.,0.2));
#3939=CARTESIAN_POINT('',(5.,5.,2.7));
#3940=CARTESIAN_POINT('',(0.,5.,0.2));
#3941=CARTESIAN_POINT('',(0.,5.,0.2));
#3942=CARTESIAN_POINT('',(0.,5.,2.7));
#3943=CARTESIAN_POINT('Origin',(5.,0.,2.7));
#3944=CARTESIAN_POINT('',(5.,0.,0.2));
#3945=CARTESIAN_POINT('',(5.,0.,2.7));
#3946=CARTESIAN_POINT('',(5.,0.,0.2));
#3947=CARTESIAN_POINT('Origin',(0.,0.,0.2));
#3948=CARTESIAN_POINT('',(0.,0.,0.2));
#3949=CARTESIAN_POINT('',(0.,0.,0.2));
#3950=CARTESIAN_POINT('',(0.,0.,0.2));
#3951=CARTESIAN_POINT('Origin',(2.5,2.5,1.7));
#3952=CARTESIAN_POINT('',(4.25,2.5,1.7));
#3953=CARTESIAN_POINT('',(0.750000000000001,2.5,1.7));
#3954=CARTESIAN_POINT('Origin',(2.5,2.5,1.7));
#3955=CARTESIAN_POINT('',(0.750000000000001,2.5,1.7));
#3956=CARTESIAN_POINT('Origin',(2.5,2.5,1.7));
#3957=CARTESIAN_POINT('Origin',(0.,0.,2.7));
#3958=CARTESIAN_POINT('',(0.,0.,2.7));
#3959=CARTESIAN_POINT('Origin',(0.,0.,2.7));
#3960=CARTESIAN_POINT('Origin',(2.5,2.5,1.7));
#3961=CARTESIAN_POINT('',(0.,0.,0.));
#3962=CARTESIAN_POINT('',(0.,0.,0.));
#3963=CARTESIAN_POINT('',(0.,0.,0.));
#3964=CARTESIAN_POINT('',(0.,0.,0.));
#3965=CARTESIAN_POINT('',(0.,0.,0.));
#3966=CARTESIAN_POINT('Origin',(0.,0.,0.));
#3967=CARTESIAN_POINT('',(0.2,2.44929359829471E-17,0.001));
#3968=CARTESIAN_POINT('Origin',(0.,0.,0.001));
#3969=CARTESIAN_POINT('',(0.2,2.44929359829471E-17,0.));
#3970=CARTESIAN_POINT('',(0.2,2.44929359829471E-17,0.));
#3971=CARTESIAN_POINT('Origin',(0.,0.,0.));
#3972=CARTESIAN_POINT('Origin',(-2.04107799857892E-18,0.,0.));
#3973=CARTESIAN_POINT('Origin',(-2.04107799857892E-18,0.,0.001));
#3974=CARTESIAN_POINT('',(0.,0.,0.));
#3975=CARTESIAN_POINT('Origin',(-0.489377484624,0.846991372480275,0.00105));
#3976=CARTESIAN_POINT('',(-0.42144903166555,0.73108464891355,0.));
#3977=CARTESIAN_POINT('',(-0.42144903166555,0.73108464891355,0.00105));
#3978=CARTESIAN_POINT('',(-0.42144903166555,0.73108464891355,0.));
#3979=CARTESIAN_POINT('',(-0.55730593758245,0.962898096047,0.00105));
#3980=CARTESIAN_POINT('',(-0.42144903166555,0.73108464891355,0.00105));
#3981=CARTESIAN_POINT('',(-0.55730593758245,0.962898096047,0.));
#3982=CARTESIAN_POINT('',(-0.55730593758245,0.962898096047,0.));
#3983=CARTESIAN_POINT('',(-0.42144903166555,0.73108464891355,0.));
#3984=CARTESIAN_POINT('Origin',(-0.0451418287740002,0.962898096047,0.00105));
#3985=CARTESIAN_POINT('',(0.46702228003445,0.962898096047,0.00105));
#3986=CARTESIAN_POINT('',(-0.55730593758245,0.962898096047,0.00105));
#3987=CARTESIAN_POINT('',(0.46702228003445,0.962898096047,0.));
#3988=CARTESIAN_POINT('',(0.46702228003445,0.962898096047,0.));
#3989=CARTESIAN_POINT('',(-0.55730593758245,0.962898096047,0.));
#3990=CARTESIAN_POINT('Origin',(0.39837894513445,0.846991372480275,0.00105));
#3991=CARTESIAN_POINT('',(0.32973561023445,0.73108464891355,0.00105));
#3992=CARTESIAN_POINT('',(0.46702228003445,0.962898096047,0.00105));
#3993=CARTESIAN_POINT('',(0.32973561023445,0.73108464891355,0.));
#3994=CARTESIAN_POINT('',(0.32973561023445,0.73108464891355,0.));
#3995=CARTESIAN_POINT('',(0.46702228003445,0.962898096047,0.));
#3996=CARTESIAN_POINT('Origin',(-0.0458567107155501,0.73108464891355,0.00105));
#3997=CARTESIAN_POINT('',(0.32973561023445,0.73108464891355,0.00105));
#3998=CARTESIAN_POINT('',(0.32973561023445,0.73108464891355,0.));
#3999=CARTESIAN_POINT('Origin',(-0.0451418287740002,0.73108464891355,0.));
#4000=CARTESIAN_POINT('Origin',(-0.0451418287740002,0.73108464891355,0.00105));
#4001=CARTESIAN_POINT('Origin',(0.0707824377260296,0.294569018687,0.00105));
#4002=CARTESIAN_POINT('',(0.18955720123445,0.49387168544355,0.));
#4003=CARTESIAN_POINT('',(0.18955720123445,0.49387168544355,0.00105));
#4004=CARTESIAN_POINT('',(0.18955720123445,0.49387168544355,0.));
#4005=CARTESIAN_POINT('',(-0.0479923257823906,0.0952663519304503,0.00105));
#4006=CARTESIAN_POINT('',(0.18955720123445,0.49387168544355,0.00105));
#4007=CARTESIAN_POINT('',(-0.0479923257823906,0.0952663519304503,0.));
#4008=CARTESIAN_POINT('',(-0.0479923257823906,0.0952663519304503,0.));
#4009=CARTESIAN_POINT('',(0.18955720123445,0.49387168544355,0.));
#4010=CARTESIAN_POINT('Origin',(-0.164633844890695,0.294569018687,0.00105));
#4011=CARTESIAN_POINT('',(-0.281275363999,0.49387168544355,0.00105));
#4012=CARTESIAN_POINT('',(-0.0479923257823906,0.0952663519304503,0.00105));
#4013=CARTESIAN_POINT('',(-0.281275363999,0.49387168544355,0.));
#4014=CARTESIAN_POINT('',(-0.281275363999,0.49387168544355,0.));
#4015=CARTESIAN_POINT('',(-0.0479923257823906,0.0952663519304503,0.));
#4016=CARTESIAN_POINT('Origin',(-0.0458590813822752,0.49387168544355,0.00105));
#4017=CARTESIAN_POINT('',(-0.281275363999,0.49387168544355,0.00105));
#4018=CARTESIAN_POINT('',(-0.281275363999,0.49387168544355,0.));
#4019=CARTESIAN_POINT('Origin',(-0.0458590813822752,0.0952663519304503,
0.));
#4020=CARTESIAN_POINT('Origin',(-0.0458590813822752,0.0952663519304503,
0.00105));
#4021=CARTESIAN_POINT('Origin',(-0.454961090490725,0.52045675482855,0.00105));
#4022=CARTESIAN_POINT('',(-0.428641497249,0.52045675482855,0.));
#4023=CARTESIAN_POINT('',(-0.428641497249,0.52045675482855,0.00105));
#4024=CARTESIAN_POINT('',(-0.428641497249,0.52045675482855,0.));
#4025=CARTESIAN_POINT('',(-0.48128068373245,0.52045675482855,0.00105));
#4026=CARTESIAN_POINT('',(-0.428641497249,0.52045675482855,0.00105));
#4027=CARTESIAN_POINT('',(-0.48128068373245,0.52045675482855,0.));
#4028=CARTESIAN_POINT('',(-0.48128068373245,0.52045675482855,0.));
#4029=CARTESIAN_POINT('',(-0.428641497249,0.52045675482855,0.));
#4030=CARTESIAN_POINT('Origin',(-0.515780121549,0.6123786132545,0.00105));
#4031=CARTESIAN_POINT('',(-0.55027955936555,0.70430047168045,0.00105));
#4032=CARTESIAN_POINT('',(-0.48128068373245,0.52045675482855,0.00105));
#4033=CARTESIAN_POINT('',(-0.55027955936555,0.70430047168045,0.));
#4034=CARTESIAN_POINT('',(-0.55027955936555,0.70430047168045,0.));
#4035=CARTESIAN_POINT('',(-0.48128068373245,0.52045675482855,0.));
#4036=CARTESIAN_POINT('Origin',(-0.526192763707275,0.70430047168045,0.00105));
#4037=CARTESIAN_POINT('',(-0.502105968049,0.70430047168045,0.00105));
#4038=CARTESIAN_POINT('',(-0.55027955936555,0.70430047168045,0.00105));
#4039=CARTESIAN_POINT('',(-0.502105968049,0.70430047168045,0.));
#4040=CARTESIAN_POINT('',(-0.502105968049,0.70430047168045,0.));
#4041=CARTESIAN_POINT('',(-0.55027955936555,0.70430047168045,0.));
#4042=CARTESIAN_POINT('Origin',(-0.478457679049,0.6396866174395,0.00105));
#4043=CARTESIAN_POINT('',(-0.454809390049,0.57507276319855,0.00105));
#4044=CARTESIAN_POINT('',(-0.502105968049,0.70430047168045,0.00105));
#4045=CARTESIAN_POINT('',(-0.454809390049,0.57507276319855,0.));
#4046=CARTESIAN_POINT('',(-0.454809390049,0.57507276319855,0.));
#4047=CARTESIAN_POINT('',(-0.502105968049,0.70430047168045,0.));
#4048=CARTESIAN_POINT('Origin',(-0.454513108574,0.57507276319855,0.00105));
#4049=CARTESIAN_POINT('',(-0.454216827099,0.57507276319855,0.00105));
#4050=CARTESIAN_POINT('',(-0.454809390049,0.57507276319855,0.00105));
#4051=CARTESIAN_POINT('',(-0.454216827099,0.57507276319855,0.));
#4052=CARTESIAN_POINT('',(-0.454216827099,0.57507276319855,0.));
#4053=CARTESIAN_POINT('',(-0.454809390049,0.57507276319855,0.));
#4054=CARTESIAN_POINT('Origin',(-0.430274619882275,0.6396866174395,0.00105));
#4055=CARTESIAN_POINT('',(-0.40633241266555,0.70430047168045,0.00105));
#4056=CARTESIAN_POINT('',(-0.454216827099,0.57507276319855,0.00105));
#4057=CARTESIAN_POINT('',(-0.40633241266555,0.70430047168045,0.));
#4058=CARTESIAN_POINT('',(-0.40633241266555,0.70430047168045,0.));
#4059=CARTESIAN_POINT('',(-0.454216827099,0.57507276319855,0.));
#4060=CARTESIAN_POINT('Origin',(-0.382238505007275,0.70430047168045,0.00105));
#4061=CARTESIAN_POINT('',(-0.358144597349,0.70430047168045,0.00105));
#4062=CARTESIAN_POINT('',(-0.40633241266555,0.70430047168045,0.00105));
#4063=CARTESIAN_POINT('',(-0.358144597349,0.70430047168045,0.));
#4064=CARTESIAN_POINT('',(-0.358144597349,0.70430047168045,0.));
#4065=CARTESIAN_POINT('',(-0.40633241266555,0.70430047168045,0.));
#4066=CARTESIAN_POINT('Origin',(-0.393393047299,0.6123786132545,0.00105));
#4067=CARTESIAN_POINT('',(-0.358144597349,0.70430047168045,0.00105));
#4068=CARTESIAN_POINT('',(-0.358144597349,0.70430047168045,0.));
#4069=CARTESIAN_POINT('Origin',(-0.454212078357275,0.52045675482855,0.));
#4070=CARTESIAN_POINT('Origin',(-0.454212078357275,0.52045675482855,0.00105));
#4071=CARTESIAN_POINT('Origin',(-0.32708444124055,0.70430047168045,0.00105));
#4072=CARTESIAN_POINT('',(-0.35042222476555,0.70430047168045,0.));
#4073=CARTESIAN_POINT('',(-0.35042222476555,0.70430047168045,0.00105));
#4074=CARTESIAN_POINT('',(-0.35042222476555,0.70430047168045,0.));
#4075=CARTESIAN_POINT('',(-0.30374665771555,0.70430047168045,0.00105));
#4076=CARTESIAN_POINT('',(-0.35042222476555,0.70430047168045,0.00105));
#4077=CARTESIAN_POINT('',(-0.30374665771555,0.70430047168045,0.));
#4078=CARTESIAN_POINT('',(-0.30374665771555,0.70430047168045,0.));
#4079=CARTESIAN_POINT('',(-0.35042222476555,0.70430047168045,0.));
#4080=CARTESIAN_POINT('Origin',(-0.30374665771555,0.6123786132545,0.00105));
#4081=CARTESIAN_POINT('',(-0.30374665771555,0.52045675482855,0.00105));
#4082=CARTESIAN_POINT('',(-0.30374665771555,0.70430047168045,0.00105));
#4083=CARTESIAN_POINT('',(-0.30374665771555,0.52045675482855,0.));
#4084=CARTESIAN_POINT('',(-0.30374665771555,0.52045675482855,0.));
#4085=CARTESIAN_POINT('',(-0.30374665771555,0.70430047168045,0.));
#4086=CARTESIAN_POINT('Origin',(-0.32708444124055,0.52045675482855,0.00105));
#4087=CARTESIAN_POINT('',(-0.35042222476555,0.52045675482855,0.00105));
#4088=CARTESIAN_POINT('',(-0.30374665771555,0.52045675482855,0.00105));
#4089=CARTESIAN_POINT('',(-0.35042222476555,0.52045675482855,0.));
#4090=CARTESIAN_POINT('',(-0.35042222476555,0.52045675482855,0.));
#4091=CARTESIAN_POINT('',(-0.30374665771555,0.52045675482855,0.));
#4092=CARTESIAN_POINT('Origin',(-0.35042222476555,0.6123786132545,0.00105));
#4093=CARTESIAN_POINT('',(-0.35042222476555,0.52045675482855,0.00105));
#4094=CARTESIAN_POINT('',(-0.35042222476555,0.52045675482855,0.));
#4095=CARTESIAN_POINT('Origin',(-0.32708444124055,0.52045675482855,0.));
#4096=CARTESIAN_POINT('Origin',(-0.32708444124055,0.52045675482855,0.00105));
#4097=CARTESIAN_POINT('Ctrl Pts',(-0.24129449661555,0.581472521587,0.00105));
#4098=CARTESIAN_POINT('Ctrl Pts',(-0.24129449661555,0.581472521587,-0.00021));
#4099=CARTESIAN_POINT('Ctrl Pts',(-0.24129449661555,0.557030186677,0.00105));
#4100=CARTESIAN_POINT('Ctrl Pts',(-0.24129449661555,0.557030186677,-0.00021));
#4101=CARTESIAN_POINT('Ctrl Pts',(-0.21928407158245,0.54750165768555,0.00105));
#4102=CARTESIAN_POINT('Ctrl Pts',(-0.21928407158245,0.54750165768555,-0.00021));
#4103=CARTESIAN_POINT('Ctrl Pts',(-0.194301319499,0.54750165768555,0.00105));
#4104=CARTESIAN_POINT('Ctrl Pts',(-0.194301319499,0.54750165768555,-0.00021));
#4105=CARTESIAN_POINT('',(-0.24129449661555,0.581472521587,0.));
#4106=CARTESIAN_POINT('',(-0.24129449661555,0.581472521587,0.00105));
#4107=CARTESIAN_POINT('',(-0.24129449661555,0.581472521587,0.));
#4108=CARTESIAN_POINT('',(-0.194301319499,0.54750165768555,0.00105));
#4109=CARTESIAN_POINT('Ctrl Pts',(-0.24129449661555,0.581472521587,0.00105));
#4110=CARTESIAN_POINT('Ctrl Pts',(-0.24129449661555,0.557030186677,0.00105));
#4111=CARTESIAN_POINT('Ctrl Pts',(-0.21928407158245,0.54750165768555,0.00105));
#4112=CARTESIAN_POINT('Ctrl Pts',(-0.194301319499,0.54750165768555,0.00105));
#4113=CARTESIAN_POINT('',(-0.194301319499,0.54750165768555,0.));
#4114=CARTESIAN_POINT('',(-0.194301319499,0.54750165768555,0.));
#4115=CARTESIAN_POINT('Ctrl Pts',(-0.24129449661555,0.581472521587,0.));
#4116=CARTESIAN_POINT('Ctrl Pts',(-0.24129449661555,0.557030186677,0.));
#4117=CARTESIAN_POINT('Ctrl Pts',(-0.21928407158245,0.54750165768555,0.));
#4118=CARTESIAN_POINT('Ctrl Pts',(-0.194301319499,0.54750165768555,0.));
#4119=CARTESIAN_POINT('Ctrl Pts',(-0.194301319499,0.54750165768555,0.00105));
#4120=CARTESIAN_POINT('Ctrl Pts',(-0.194301319499,0.54750165768555,-0.00021));
#4121=CARTESIAN_POINT('Ctrl Pts',(-0.17794637168245,0.54750165768555,0.00105));
#4122=CARTESIAN_POINT('Ctrl Pts',(-0.17794637168245,0.54750165768555,-0.00021));
#4123=CARTESIAN_POINT('Ctrl Pts',(-0.15296836093245,0.5516164651575,0.00105));
#4124=CARTESIAN_POINT('Ctrl Pts',(-0.15296836093245,0.5516164651575,-0.00021));
#4125=CARTESIAN_POINT('Ctrl Pts',(-0.15296836093245,0.57042701366355,0.00105));
#4126=CARTESIAN_POINT('Ctrl Pts',(-0.15296836093245,0.57042701366355,-0.00021));
#4127=CARTESIAN_POINT('',(-0.15296836093245,0.57042701366355,0.00105));
#4128=CARTESIAN_POINT('Ctrl Pts',(-0.194301319499,0.54750165768555,0.00105));
#4129=CARTESIAN_POINT('Ctrl Pts',(-0.17794637168245,0.54750165768555,0.00105));
#4130=CARTESIAN_POINT('Ctrl Pts',(-0.15296836093245,0.5516164651575,0.00105));
#4131=CARTESIAN_POINT('Ctrl Pts',(-0.15296836093245,0.57042701366355,0.00105));
#4132=CARTESIAN_POINT('',(-0.15296836093245,0.57042701366355,0.));
#4133=CARTESIAN_POINT('',(-0.15296836093245,0.57042701366355,0.));
#4134=CARTESIAN_POINT('Ctrl Pts',(-0.194301319499,0.54750165768555,0.));
#4135=CARTESIAN_POINT('Ctrl Pts',(-0.17794637168245,0.54750165768555,0.));
#4136=CARTESIAN_POINT('Ctrl Pts',(-0.15296836093245,0.5516164651575,0.));
#4137=CARTESIAN_POINT('Ctrl Pts',(-0.15296836093245,0.57042701366355,0.));
#4138=CARTESIAN_POINT('Ctrl Pts',(-0.15296836093245,0.57042701366355,0.00105));
#4139=CARTESIAN_POINT('Ctrl Pts',(-0.15296836093245,0.57042701366355,-0.00021));
#4140=CARTESIAN_POINT('Ctrl Pts',(-0.15296836093245,0.590242559927,0.00105));
#4141=CARTESIAN_POINT('Ctrl Pts',(-0.15296836093245,0.590242559927,-0.00021));
#4142=CARTESIAN_POINT('Ctrl Pts',(-0.184782263099,0.593608359858666,0.00105));
#4143=CARTESIAN_POINT('Ctrl Pts',(-0.184782263099,0.593608359858666,-0.00021));
#4144=CARTESIAN_POINT('Ctrl Pts',(-0.216008343649,0.600814013045331,0.00105));
#4145=CARTESIAN_POINT('Ctrl Pts',(-0.216008343649,0.600814013045331,-0.00021));
#4146=CARTESIAN_POINT('',(-0.216008343649,0.600814013045331,0.00105));
#4147=CARTESIAN_POINT('Ctrl Pts',(-0.15296836093245,0.57042701366355,0.00105));
#4148=CARTESIAN_POINT('Ctrl Pts',(-0.15296836093245,0.590242559927,0.00105));
#4149=CARTESIAN_POINT('Ctrl Pts',(-0.184782263099,0.593608359858666,0.00105));
#4150=CARTESIAN_POINT('Ctrl Pts',(-0.216008343649,0.600814013045331,0.00105));
#4151=CARTESIAN_POINT('',(-0.216008343649,0.600814013045331,0.));
#4152=CARTESIAN_POINT('',(-0.216008343649,0.600814013045331,0.));
#4153=CARTESIAN_POINT('Ctrl Pts',(-0.15296836093245,0.57042701366355,0.));
#4154=CARTESIAN_POINT('Ctrl Pts',(-0.15296836093245,0.590242559927,0.));
#4155=CARTESIAN_POINT('Ctrl Pts',(-0.184782263099,0.593608359858666,0.));
#4156=CARTESIAN_POINT('Ctrl Pts',(-0.216008343649,0.600814013045331,0.));
#4157=CARTESIAN_POINT('Ctrl Pts',(-0.216008343649,0.600814013045331,0.00105));
#4158=CARTESIAN_POINT('Ctrl Pts',(-0.216008343649,0.600814013045331,-0.00021));
#4159=CARTESIAN_POINT('Ctrl Pts',(-0.24754256641555,0.608019666231997,0.00105));
#4160=CARTESIAN_POINT('Ctrl Pts',(-0.24754256641555,0.608019666231997,-0.00021));
#4161=CARTESIAN_POINT('Ctrl Pts',(-0.27936120991555,0.618591117868666,0.00105));
#4162=CARTESIAN_POINT('Ctrl Pts',(-0.27936120991555,0.618591117868666,-0.00021));
#4163=CARTESIAN_POINT('Ctrl Pts',(-0.27936120991555,0.653055000130331,0.00105));
#4164=CARTESIAN_POINT('Ctrl Pts',(-0.27936120991555,0.653055000130331,-0.00021));
#4165=CARTESIAN_POINT('',(-0.27936120991555,0.653055000130331,0.00105));
#4166=CARTESIAN_POINT('Ctrl Pts',(-0.216008343649,0.600814013045331,0.00105));
#4167=CARTESIAN_POINT('Ctrl Pts',(-0.24754256641555,0.608019666231997,0.00105));
#4168=CARTESIAN_POINT('Ctrl Pts',(-0.27936120991555,0.618591117868666,0.00105));
#4169=CARTESIAN_POINT('Ctrl Pts',(-0.27936120991555,0.653055000130331,0.00105));
#4170=CARTESIAN_POINT('',(-0.27936120991555,0.653055000130331,0.));
#4171=CARTESIAN_POINT('',(-0.27936120991555,0.653055000130331,0.));
#4172=CARTESIAN_POINT('Ctrl Pts',(-0.216008343649,0.600814013045331,0.));
#4173=CARTESIAN_POINT('Ctrl Pts',(-0.24754256641555,0.608019666231997,0.));
#4174=CARTESIAN_POINT('Ctrl Pts',(-0.27936120991555,0.618591117868666,0.));
#4175=CARTESIAN_POINT('Ctrl Pts',(-0.27936120991555,0.653055000130331,0.));
#4176=CARTESIAN_POINT('Ctrl Pts',(-0.27936120991555,0.653055000130331,0.00105));
#4177=CARTESIAN_POINT('Ctrl Pts',(-0.27936120991555,0.653055000130331,-0.00021));
#4178=CARTESIAN_POINT('Ctrl Pts',(-0.27936120991555,0.69064765418045,0.00105));
#4179=CARTESIAN_POINT('Ctrl Pts',(-0.27936120991555,0.69064765418045,-0.00021));
#4180=CARTESIAN_POINT('Ctrl Pts',(-0.23832216956555,0.70870920048045,0.00105));
#4181=CARTESIAN_POINT('Ctrl Pts',(-0.23832216956555,0.70870920048045,-0.00021));
#4182=CARTESIAN_POINT('Ctrl Pts',(-0.19995679671555,0.70870920048045,0.00105));
#4183=CARTESIAN_POINT('Ctrl Pts',(-0.19995679671555,0.70870920048045,-0.00021));
#4184=CARTESIAN_POINT('',(-0.19995679671555,0.70870920048045,0.00105));
#4185=CARTESIAN_POINT('Ctrl Pts',(-0.27936120991555,0.653055000130331,0.00105));
#4186=CARTESIAN_POINT('Ctrl Pts',(-0.27936120991555,0.69064765418045,0.00105));
#4187=CARTESIAN_POINT('Ctrl Pts',(-0.23832216956555,0.70870920048045,0.00105));
#4188=CARTESIAN_POINT('Ctrl Pts',(-0.19995679671555,0.70870920048045,0.00105));
#4189=CARTESIAN_POINT('',(-0.19995679671555,0.70870920048045,0.));
#4190=CARTESIAN_POINT('',(-0.19995679671555,0.70870920048045,0.));
#4191=CARTESIAN_POINT('Ctrl Pts',(-0.27936120991555,0.653055000130331,0.));
#4192=CARTESIAN_POINT('Ctrl Pts',(-0.27936120991555,0.69064765418045,0.));
#4193=CARTESIAN_POINT('Ctrl Pts',(-0.23832216956555,0.70870920048045,0.));
#4194=CARTESIAN_POINT('Ctrl Pts',(-0.19995679671555,0.70870920048045,0.));
#4195=CARTESIAN_POINT('Ctrl Pts',(-0.19995679671555,0.70870920048045,0.00105));
#4196=CARTESIAN_POINT('Ctrl Pts',(-0.19995679671555,0.70870920048045,-0.00021));
#4197=CARTESIAN_POINT('Ctrl Pts',(-0.15564202843245,0.70870920048045,0.00105));
#4198=CARTESIAN_POINT('Ctrl Pts',(-0.15564202843245,0.70870920048045,-0.00021));
#4199=CARTESIAN_POINT('Ctrl Pts',(-0.11489216496555,0.691927606747,0.00105));
#4200=CARTESIAN_POINT('Ctrl Pts',(-0.11489216496555,0.691927606747,-0.00021));
#4201=CARTESIAN_POINT('Ctrl Pts',(-0.11489216496555,0.649452173536997,0.00105));
#4202=CARTESIAN_POINT('Ctrl Pts',(-0.11489216496555,0.649452173536997,-0.00021));
#4203=CARTESIAN_POINT('',(-0.11489216496555,0.649452173536997,0.00105));
#4204=CARTESIAN_POINT('Ctrl Pts',(-0.19995679671555,0.70870920048045,0.00105));
#4205=CARTESIAN_POINT('Ctrl Pts',(-0.15564202843245,0.70870920048045,0.00105));
#4206=CARTESIAN_POINT('Ctrl Pts',(-0.11489216496555,0.691927606747,0.00105));
#4207=CARTESIAN_POINT('Ctrl Pts',(-0.11489216496555,0.649452173536997,0.00105));
#4208=CARTESIAN_POINT('',(-0.11489216496555,0.649452173536997,0.));
#4209=CARTESIAN_POINT('',(-0.11489216496555,0.649452173536997,0.));
#4210=CARTESIAN_POINT('Ctrl Pts',(-0.19995679671555,0.70870920048045,0.));
#4211=CARTESIAN_POINT('Ctrl Pts',(-0.15564202843245,0.70870920048045,0.));
#4212=CARTESIAN_POINT('Ctrl Pts',(-0.11489216496555,0.691927606747,0.));
#4213=CARTESIAN_POINT('Ctrl Pts',(-0.11489216496555,0.649452173536997,0.));
#4214=CARTESIAN_POINT('Origin',(-0.137497531024,0.649452173536997,0.00105));
#4215=CARTESIAN_POINT('',(-0.16010289708245,0.649452173536997,0.00105));
#4216=CARTESIAN_POINT('',(-0.11489216496555,0.649452173536997,0.00105));
#4217=CARTESIAN_POINT('',(-0.16010289708245,0.649452173536997,0.));
#4218=CARTESIAN_POINT('',(-0.16010289708245,0.649452173536997,0.));
#4219=CARTESIAN_POINT('',(-0.11489216496555,0.649452173536997,0.));
#4220=CARTESIAN_POINT('Ctrl Pts',(-0.16010289708245,0.649452173536997,0.00105));
#4221=CARTESIAN_POINT('Ctrl Pts',(-0.16010289708245,0.649452173536997,-0.00021));
#4222=CARTESIAN_POINT('Ctrl Pts',(-0.16159143868245,0.67159059679045,0.00105));
#4223=CARTESIAN_POINT('Ctrl Pts',(-0.16159143868245,0.67159059679045,-0.00021));
#4224=CARTESIAN_POINT('Ctrl Pts',(-0.179728831499,0.67727927074855,0.00105));
#4225=CARTESIAN_POINT('Ctrl Pts',(-0.179728831499,0.67727927074855,-0.00021));
#4226=CARTESIAN_POINT('Ctrl Pts',(-0.202042642599,0.67727927074855,0.00105));
#4227=CARTESIAN_POINT('Ctrl Pts',(-0.202042642599,0.67727927074855,-0.00021));
#4228=CARTESIAN_POINT('',(-0.202042642599,0.67727927074855,0.00105));
#4229=CARTESIAN_POINT('Ctrl Pts',(-0.16010289708245,0.649452173536997,0.00105));
#4230=CARTESIAN_POINT('Ctrl Pts',(-0.16159143868245,0.67159059679045,0.00105));
#4231=CARTESIAN_POINT('Ctrl Pts',(-0.179728831499,0.67727927074855,0.00105));
#4232=CARTESIAN_POINT('Ctrl Pts',(-0.202042642599,0.67727927074855,0.00105));
#4233=CARTESIAN_POINT('',(-0.202042642599,0.67727927074855,0.));
#4234=CARTESIAN_POINT('',(-0.202042642599,0.67727927074855,0.));
#4235=CARTESIAN_POINT('Ctrl Pts',(-0.16010289708245,0.649452173536997,0.));
#4236=CARTESIAN_POINT('Ctrl Pts',(-0.16159143868245,0.67159059679045,0.));
#4237=CARTESIAN_POINT('Ctrl Pts',(-0.179728831499,0.67727927074855,0.));
#4238=CARTESIAN_POINT('Ctrl Pts',(-0.202042642599,0.67727927074855,0.));
#4239=CARTESIAN_POINT('Ctrl Pts',(-0.202042642599,0.67727927074855,0.00105));
#4240=CARTESIAN_POINT('Ctrl Pts',(-0.202042642599,0.67727927074855,-0.00021));
#4241=CARTESIAN_POINT('Ctrl Pts',(-0.21690904881555,0.67727927074855,0.00105));
#4242=CARTESIAN_POINT('Ctrl Pts',(-0.21690904881555,0.67727927074855,-0.00021));
#4243=CARTESIAN_POINT('Ctrl Pts',(-0.23415521913245,0.671875029377,0.00105));
#4244=CARTESIAN_POINT('Ctrl Pts',(-0.23415521913245,0.671875029377,-0.00021));
#4245=CARTESIAN_POINT('Ctrl Pts',(-0.23415521913245,0.656420800061997,0.00105));
#4246=CARTESIAN_POINT('Ctrl Pts',(-0.23415521913245,0.656420800061997,-0.00021));
#4247=CARTESIAN_POINT('',(-0.23415521913245,0.656420800061997,0.00105));
#4248=CARTESIAN_POINT('Ctrl Pts',(-0.202042642599,0.67727927074855,0.00105));
#4249=CARTESIAN_POINT('Ctrl Pts',(-0.21690904881555,0.67727927074855,0.00105));
#4250=CARTESIAN_POINT('Ctrl Pts',(-0.23415521913245,0.671875029377,0.00105));
#4251=CARTESIAN_POINT('Ctrl Pts',(-0.23415521913245,0.656420800061997,0.00105));
#4252=CARTESIAN_POINT('',(-0.23415521913245,0.656420800061997,0.));
#4253=CARTESIAN_POINT('',(-0.23415521913245,0.656420800061997,0.));
#4254=CARTESIAN_POINT('Ctrl Pts',(-0.202042642599,0.67727927074855,0.));
#4255=CARTESIAN_POINT('Ctrl Pts',(-0.21690904881555,0.67727927074855,0.));
#4256=CARTESIAN_POINT('Ctrl Pts',(-0.23415521913245,0.671875029377,0.));
#4257=CARTESIAN_POINT('Ctrl Pts',(-0.23415521913245,0.656420800061997,0.));
#4258=CARTESIAN_POINT('Ctrl Pts',(-0.23415521913245,0.656420800061997,0.00105));
#4259=CARTESIAN_POINT('Ctrl Pts',(-0.23415521913245,0.656420800061997,-0.00021));
#4260=CARTESIAN_POINT('Ctrl Pts',(-0.23415521913245,0.642246520350331,0.00105));
#4261=CARTESIAN_POINT('Ctrl Pts',(-0.23415521913245,0.642246520350331,-0.00021));
#4262=CARTESIAN_POINT('Ctrl Pts',(-0.22404834111555,0.640445107053666,0.00105));
#4263=CARTESIAN_POINT('Ctrl Pts',(-0.22404834111555,0.640445107053666,-0.00021));
#4264=CARTESIAN_POINT('Ctrl Pts',(-0.170807094199,0.628593702850331,0.00105));
#4265=CARTESIAN_POINT('Ctrl Pts',(-0.170807094199,0.628593702850331,-0.00021));
#4266=CARTESIAN_POINT('',(-0.170807094199,0.628593702850331,0.00105));
#4267=CARTESIAN_POINT('Ctrl Pts',(-0.23415521913245,0.656420800061997,0.00105));
#4268=CARTESIAN_POINT('Ctrl Pts',(-0.23415521913245,0.642246520350331,0.00105));
#4269=CARTESIAN_POINT('Ctrl Pts',(-0.22404834111555,0.640445107053666,0.00105));
#4270=CARTESIAN_POINT('Ctrl Pts',(-0.170807094199,0.628593702850331,0.00105));
#4271=CARTESIAN_POINT('',(-0.170807094199,0.628593702850331,0.));
#4272=CARTESIAN_POINT('',(-0.170807094199,0.628593702850331,0.));
#4273=CARTESIAN_POINT('Ctrl Pts',(-0.23415521913245,0.656420800061997,0.));
#4274=CARTESIAN_POINT('Ctrl Pts',(-0.23415521913245,0.642246520350331,0.));
#4275=CARTESIAN_POINT('Ctrl Pts',(-0.22404834111555,0.640445107053666,0.));
#4276=CARTESIAN_POINT('Ctrl Pts',(-0.170807094199,0.628593702850331,0.));
#4277=CARTESIAN_POINT('Ctrl Pts',(-0.170807094199,0.628593702850331,0.00105));
#4278=CARTESIAN_POINT('Ctrl Pts',(-0.170807094199,0.628593702850331,-0.00021));
#4279=CARTESIAN_POINT('Ctrl Pts',(-0.155343383699,0.625275310325331,0.00105));
#4280=CARTESIAN_POINT('Ctrl Pts',(-0.155343383699,0.625275310325331,-0.00021));
#4281=CARTESIAN_POINT('Ctrl Pts',(-0.10775288748245,0.616742300128666,0.00105));
#4282=CARTESIAN_POINT('Ctrl Pts',(-0.10775288748245,0.616742300128666,-0.00021));
#4283=CARTESIAN_POINT('Ctrl Pts',(-0.10775288748245,0.57507276319855,0.00105));
#4284=CARTESIAN_POINT('Ctrl Pts',(-0.10775288748245,0.57507276319855,-0.00021));
#4285=CARTESIAN_POINT('',(-0.10775288748245,0.57507276319855,0.00105));
#4286=CARTESIAN_POINT('Ctrl Pts',(-0.170807094199,0.628593702850331,0.00105));
#4287=CARTESIAN_POINT('Ctrl Pts',(-0.155343383699,0.625275310325331,0.00105));
#4288=CARTESIAN_POINT('Ctrl Pts',(-0.10775288748245,0.616742300128666,0.00105));
#4289=CARTESIAN_POINT('Ctrl Pts',(-0.10775288748245,0.57507276319855,0.00105));
#4290=CARTESIAN_POINT('',(-0.10775288748245,0.57507276319855,0.));
#4291=CARTESIAN_POINT('',(-0.10775288748245,0.57507276319855,0.));
#4292=CARTESIAN_POINT('Ctrl Pts',(-0.170807094199,0.628593702850331,0.));
#4293=CARTESIAN_POINT('Ctrl Pts',(-0.155343383699,0.625275310325331,0.));
#4294=CARTESIAN_POINT('Ctrl Pts',(-0.10775288748245,0.616742300128666,0.));
#4295=CARTESIAN_POINT('Ctrl Pts',(-0.10775288748245,0.57507276319855,0.));
#4296=CARTESIAN_POINT('Ctrl Pts',(-0.10775288748245,0.57507276319855,0.00105));
#4297=CARTESIAN_POINT('Ctrl Pts',(-0.10775288748245,0.57507276319855,-0.00021));
#4298=CARTESIAN_POINT('Ctrl Pts',(-0.10775288748245,0.54131522490785,0.00105));
#4299=CARTESIAN_POINT('Ctrl Pts',(-0.10775288748245,0.54131522490785,-0.00021));
#4300=CARTESIAN_POINT('Ctrl Pts',(-0.13838639026555,0.516081215362,0.00105));
#4301=CARTESIAN_POINT('Ctrl Pts',(-0.13838639026555,0.516081215362,-0.00021));
#4302=CARTESIAN_POINT('Ctrl Pts',(-0.19609324716555,0.516081215362,0.00105));
#4303=CARTESIAN_POINT('Ctrl Pts',(-0.19609324716555,0.516081215362,-0.00021));
#4304=CARTESIAN_POINT('',(-0.19609324716555,0.516081215362,0.00105));
#4305=CARTESIAN_POINT('Ctrl Pts',(-0.10775288748245,0.57507276319855,0.00105));
#4306=CARTESIAN_POINT('Ctrl Pts',(-0.10775288748245,0.54131522490785,0.00105));
#4307=CARTESIAN_POINT('Ctrl Pts',(-0.13838639026555,0.516081215362,0.00105));
#4308=CARTESIAN_POINT('Ctrl Pts',(-0.19609324716555,0.516081215362,0.00105));
#4309=CARTESIAN_POINT('',(-0.19609324716555,0.516081215362,0.));
#4310=CARTESIAN_POINT('',(-0.19609324716555,0.516081215362,0.));
#4311=CARTESIAN_POINT('Ctrl Pts',(-0.10775288748245,0.57507276319855,0.));
#4312=CARTESIAN_POINT('Ctrl Pts',(-0.10775288748245,0.54131522490785,0.));
#4313=CARTESIAN_POINT('Ctrl Pts',(-0.13838639026555,0.516081215362,0.));
#4314=CARTESIAN_POINT('Ctrl Pts',(-0.19609324716555,0.516081215362,0.));
#4315=CARTESIAN_POINT('Ctrl Pts',(-0.19609324716555,0.516081215362,0.00105));
#4316=CARTESIAN_POINT('Ctrl Pts',(-0.19609324716555,0.516081215362,-0.00021));
#4317=CARTESIAN_POINT('Ctrl Pts',(-0.24308169776555,0.516081215362,0.00105));
#4318=CARTESIAN_POINT('Ctrl Pts',(-0.24308169776555,0.516081215362,-0.00021));
#4319=CARTESIAN_POINT('Ctrl Pts',(-0.28708832383245,0.536171715694,0.00105));
#4320=CARTESIAN_POINT('Ctrl Pts',(-0.28708832383245,0.536171715694,-0.00021));
#4321=CARTESIAN_POINT('Ctrl Pts',(-0.28649574606555,0.581472521587,0.00105));
#4322=CARTESIAN_POINT('Ctrl Pts',(-0.28649574606555,0.581472521587,-0.00021));
#4323=CARTESIAN_POINT('',(-0.28649574606555,0.581472521587,0.00105));
#4324=CARTESIAN_POINT('Ctrl Pts',(-0.19609324716555,0.516081215362,0.00105));
#4325=CARTESIAN_POINT('Ctrl Pts',(-0.24308169776555,0.516081215362,0.00105));
#4326=CARTESIAN_POINT('Ctrl Pts',(-0.28708832383245,0.536171715694,0.00105));
#4327=CARTESIAN_POINT('Ctrl Pts',(-0.28649574606555,0.581472521587,0.00105));
#4328=CARTESIAN_POINT('',(-0.28649574606555,0.581472521587,0.));
#4329=CARTESIAN_POINT('',(-0.28649574606555,0.581472521587,0.));
#4330=CARTESIAN_POINT('Ctrl Pts',(-0.19609324716555,0.516081215362,0.));
#4331=CARTESIAN_POINT('Ctrl Pts',(-0.24308169776555,0.516081215362,0.));
#4332=CARTESIAN_POINT('Ctrl Pts',(-0.28708832383245,0.536171715694,0.));
#4333=CARTESIAN_POINT('Ctrl Pts',(-0.28649574606555,0.581472521587,0.));
#4334=CARTESIAN_POINT('Origin',(-0.26389512134055,0.581472521587,0.00105));
#4335=CARTESIAN_POINT('',(-0.28649574606555,0.581472521587,0.00105));
#4336=CARTESIAN_POINT('',(-0.28649574606555,0.581472521587,0.));
#4337=CARTESIAN_POINT('Origin',(-0.19742060565745,0.516081215362,0.));
#4338=CARTESIAN_POINT('Origin',(-0.19742060565745,0.516081215362,0.00105));
#4339=CARTESIAN_POINT('Origin',(-0.0677543994073626,0.70430047168045,0.00105));
#4340=CARTESIAN_POINT('',(-0.0910945535990001,0.70430047168045,0.));
#4341=CARTESIAN_POINT('',(-0.0910945535990001,0.70430047168045,0.00105));
#4342=CARTESIAN_POINT('',(-0.0910945535990001,0.70430047168045,0.));
#4343=CARTESIAN_POINT('',(-0.0444142452157251,0.70430047168045,0.00105));
#4344=CARTESIAN_POINT('',(-0.0910945535990001,0.70430047168045,0.00105));
#4345=CARTESIAN_POINT('',(-0.0444142452157251,0.70430047168045,0.));
#4346=CARTESIAN_POINT('',(-0.0444142452157251,0.70430047168045,0.));
#4347=CARTESIAN_POINT('',(-0.0910945535990001,0.70430047168045,0.));
#4348=CARTESIAN_POINT('Origin',(-0.0444142452157251,0.669030693879558,0.00105));
#4349=CARTESIAN_POINT('',(-0.0444142452157251,0.633760916078666,0.00105));
#4350=CARTESIAN_POINT('',(-0.0444142452157251,0.70430047168045,0.00105));
#4351=CARTESIAN_POINT('',(-0.0444142452157251,0.633760916078666,0.));
#4352=CARTESIAN_POINT('',(-0.0444142452157251,0.633760916078666,0.));
#4353=CARTESIAN_POINT('',(-0.0444142452157251,0.70430047168045,0.));
#4354=CARTESIAN_POINT('Origin',(-0.00144105201563762,0.633760916078666,
0.00105));
#4355=CARTESIAN_POINT('',(0.0415321411844499,0.633760916078666,0.00105));
#4356=CARTESIAN_POINT('',(-0.0444142452157251,0.633760916078666,0.00105));
#4357=CARTESIAN_POINT('',(0.0415321411844499,0.633760916078666,0.));
#4358=CARTESIAN_POINT('',(0.0415321411844499,0.633760916078666,0.));
#4359=CARTESIAN_POINT('',(-0.0444142452157251,0.633760916078666,0.));
#4360=CARTESIAN_POINT('Origin',(0.0415321411844499,0.669030693879558,0.00105));
#4361=CARTESIAN_POINT('',(0.0415321411844499,0.70430047168045,0.00105));
#4362=CARTESIAN_POINT('',(0.0415321411844499,0.633760916078666,0.00105));
#4363=CARTESIAN_POINT('',(0.0415321411844499,0.70430047168045,0.));
#4364=CARTESIAN_POINT('',(0.0415321411844499,0.70430047168045,0.));
#4365=CARTESIAN_POINT('',(0.0415321411844499,0.633760916078666,0.));
#4366=CARTESIAN_POINT('Origin',(0.0648794073759999,0.70430047168045,0.00105));
#4367=CARTESIAN_POINT('',(0.0882266735675499,0.70430047168045,0.00105));
#4368=CARTESIAN_POINT('',(0.0415321411844499,0.70430047168045,0.00105));
#4369=CARTESIAN_POINT('',(0.0882266735675499,0.70430047168045,0.));
#4370=CARTESIAN_POINT('',(0.0882266735675499,0.70430047168045,0.));
#4371=CARTESIAN_POINT('',(0.0415321411844499,0.70430047168045,0.));
#4372=CARTESIAN_POINT('Origin',(0.0882266735675499,0.6123786132545,0.00105));
#4373=CARTESIAN_POINT('',(0.0882266735675499,0.52045675482855,0.00105));
#4374=CARTESIAN_POINT('',(0.0882266735675499,0.70430047168045,0.00105));
#4375=CARTESIAN_POINT('',(0.0882266735675499,0.52045675482855,0.));
#4376=CARTESIAN_POINT('',(0.0882266735675499,0.52045675482855,0.));
#4377=CARTESIAN_POINT('',(0.0882266735675499,0.70430047168045,0.));
#4378=CARTESIAN_POINT('Origin',(0.0648794073759999,0.52045675482855,0.00105));
#4379=CARTESIAN_POINT('',(0.0415321411844499,0.52045675482855,0.00105));
#4380=CARTESIAN_POINT('',(0.0882266735675499,0.52045675482855,0.00105));
#4381=CARTESIAN_POINT('',(0.0415321411844499,0.52045675482855,0.));
#4382=CARTESIAN_POINT('',(0.0415321411844499,0.52045675482855,0.));
#4383=CARTESIAN_POINT('',(0.0882266735675499,0.52045675482855,0.));
#4384=CARTESIAN_POINT('Origin',(0.0415321411844499,0.560113921725274,0.00105));
#4385=CARTESIAN_POINT('',(0.0415321411844499,0.599771088621997,0.00105));
#4386=CARTESIAN_POINT('',(0.0415321411844499,0.52045675482855,0.00105));
#4387=CARTESIAN_POINT('',(0.0415321411844499,0.599771088621997,0.));
#4388=CARTESIAN_POINT('',(0.0415321411844499,0.599771088621997,0.));
#4389=CARTESIAN_POINT('',(0.0415321411844499,0.52045675482855,0.));
#4390=CARTESIAN_POINT('Origin',(-0.00144105201563762,0.599771088621997,
0.00105));
#4391=CARTESIAN_POINT('',(-0.0444142452157251,0.599771088621997,0.00105));
#4392=CARTESIAN_POINT('',(0.0415321411844499,0.599771088621997,0.00105));
#4393=CARTESIAN_POINT('',(-0.0444142452157251,0.599771088621997,0.));
#4394=CARTESIAN_POINT('',(-0.0444142452157251,0.599771088621997,0.));
#4395=CARTESIAN_POINT('',(0.0415321411844499,0.599771088621997,0.));
#4396=CARTESIAN_POINT('Origin',(-0.0444142452157251,0.560113921725274,0.00105));
#4397=CARTESIAN_POINT('',(-0.0444142452157251,0.52045675482855,0.00105));
#4398=CARTESIAN_POINT('',(-0.0444142452157251,0.599771088621997,0.00105));
#4399=CARTESIAN_POINT('',(-0.0444142452157251,0.52045675482855,0.));
#4400=CARTESIAN_POINT('',(-0.0444142452157251,0.52045675482855,0.));
#4401=CARTESIAN_POINT('',(-0.0444142452157251,0.599771088621997,0.));
#4402=CARTESIAN_POINT('Origin',(-0.0677543994073626,0.52045675482855,0.00105));
#4403=CARTESIAN_POINT('',(-0.0910945535990001,0.52045675482855,0.00105));
#4404=CARTESIAN_POINT('',(-0.0444142452157251,0.52045675482855,0.00105));
#4405=CARTESIAN_POINT('',(-0.0910945535990001,0.52045675482855,0.));
#4406=CARTESIAN_POINT('',(-0.0910945535990001,0.52045675482855,0.));
#4407=CARTESIAN_POINT('',(-0.0444142452157251,0.52045675482855,0.));
#4408=CARTESIAN_POINT('Origin',(-0.0910945535990001,0.6123786132545,0.00105));
#4409=CARTESIAN_POINT('',(-0.0910945535990001,0.52045675482855,0.00105));
#4410=CARTESIAN_POINT('',(-0.0910945535990001,0.52045675482855,0.));
#4411=CARTESIAN_POINT('Origin',(-0.00143394001572513,0.52045675482855,0.));
#4412=CARTESIAN_POINT('Origin',(-0.00143394001572513,0.52045675482855,0.00105));
#4413=CARTESIAN_POINT('Origin',(0.19754402541755,0.70430047168045,0.00105));
#4414=CARTESIAN_POINT('',(0.17360418886755,0.70430047168045,0.));
#4415=CARTESIAN_POINT('',(0.17360418886755,0.70430047168045,0.00105));
#4416=CARTESIAN_POINT('',(0.17360418886755,0.70430047168045,0.));
#4417=CARTESIAN_POINT('',(0.22148386196755,0.70430047168045,0.00105));
#4418=CARTESIAN_POINT('',(0.17360418886755,0.70430047168045,0.00105));
#4419=CARTESIAN_POINT('',(0.22148386196755,0.70430047168045,0.));
#4420=CARTESIAN_POINT('',(0.22148386196755,0.70430047168045,0.));
#4421=CARTESIAN_POINT('',(0.17360418886755,0.70430047168045,0.));
#4422=CARTESIAN_POINT('Origin',(0.261186061159275,0.6123786132545,0.00105));
#4423=CARTESIAN_POINT('',(0.300888260351,0.52045675482855,0.00105));
#4424=CARTESIAN_POINT('',(0.22148386196755,0.70430047168045,0.00105));
#4425=CARTESIAN_POINT('',(0.300888260351,0.52045675482855,0.));
#4426=CARTESIAN_POINT('',(0.300888260351,0.52045675482855,0.));
#4427=CARTESIAN_POINT('',(0.22148386196755,0.70430047168045,0.));
#4428=CARTESIAN_POINT('Origin',(0.276663995659275,0.52045675482855,0.00105));
#4429=CARTESIAN_POINT('',(0.25243973096755,0.52045675482855,0.00105));
#4430=CARTESIAN_POINT('',(0.300888260351,0.52045675482855,0.00105));
#4431=CARTESIAN_POINT('',(0.25243973096755,0.52045675482855,0.));
#4432=CARTESIAN_POINT('',(0.25243973096755,0.52045675482855,0.));
#4433=CARTESIAN_POINT('',(0.300888260351,0.52045675482855,0.));
#4434=CARTESIAN_POINT('Origin',(0.244404474834275,0.5409288698195,0.00105));
#4435=CARTESIAN_POINT('',(0.236369218701,0.56140098481045,0.00105));
#4436=CARTESIAN_POINT('',(0.25243973096755,0.52045675482855,0.00105));
#4437=CARTESIAN_POINT('',(0.236369218701,0.56140098481045,0.));
#4438=CARTESIAN_POINT('',(0.236369218701,0.56140098481045,0.));
#4439=CARTESIAN_POINT('',(0.25243973096755,0.52045675482855,0.));
#4440=CARTESIAN_POINT('Origin',(0.196667019509275,0.56140098481045,0.00105));
#4441=CARTESIAN_POINT('',(0.15696482031755,0.56140098481045,0.00105));
#4442=CARTESIAN_POINT('',(0.236369218701,0.56140098481045,0.00105));
#4443=CARTESIAN_POINT('',(0.15696482031755,0.56140098481045,0.));
#4444=CARTESIAN_POINT('',(0.15696482031755,0.56140098481045,0.));
#4445=CARTESIAN_POINT('',(0.236369218701,0.56140098481045,0.));
#4446=CARTESIAN_POINT('Origin',(0.14864513604255,0.5409288698195,0.00105));
#4447=CARTESIAN_POINT('',(0.14032545176755,0.52045675482855,0.00105));
#4448=CARTESIAN_POINT('',(0.15696482031755,0.56140098481045,0.00105));
#4449=CARTESIAN_POINT('',(0.14032545176755,0.52045675482855,0.));
#4450=CARTESIAN_POINT('',(0.14032545176755,0.52045675482855,0.));
#4451=CARTESIAN_POINT('',(0.15696482031755,0.56140098481045,0.));
#4452=CARTESIAN_POINT('Origin',(0.116670043359275,0.52045675482855,0.00105));
#4453=CARTESIAN_POINT('',(0.0930146349509999,0.52045675482855,0.00105));
#4454=CARTESIAN_POINT('',(0.14032545176755,0.52045675482855,0.00105));
#4455=CARTESIAN_POINT('',(0.0930146349509999,0.52045675482855,0.));
#4456=CARTESIAN_POINT('',(0.0930146349509999,0.52045675482855,0.));
#4457=CARTESIAN_POINT('',(0.14032545176755,0.52045675482855,0.));
#4458=CARTESIAN_POINT('Origin',(0.133309411909275,0.6123786132545,0.00105));
#4459=CARTESIAN_POINT('',(0.0930146349509999,0.52045675482855,0.00105));
#4460=CARTESIAN_POINT('',(0.0930146349509999,0.52045675482855,0.));
#4461=CARTESIAN_POINT('Origin',(0.196667019509275,0.591522512493666,0.00105));
#4462=CARTESIAN_POINT('',(0.169148061551,0.591522512493666,0.));
#4463=CARTESIAN_POINT('',(0.169148061551,0.591522512493666,0.00105));
#4464=CARTESIAN_POINT('',(0.169148061551,0.591522512493666,0.));
#4465=CARTESIAN_POINT('',(0.22418597746755,0.591522512493666,0.00105));
#4466=CARTESIAN_POINT('',(0.169148061551,0.591522512493666,0.00105));
#4467=CARTESIAN_POINT('',(0.22418597746755,0.591522512493666,0.));
#4468=CARTESIAN_POINT('',(0.22418597746755,0.591522512493666,0.));
#4469=CARTESIAN_POINT('',(0.169148061551,0.591522512493666,0.));
#4470=CARTESIAN_POINT('Origin',(0.210793888851,0.625251607362831,0.00105));
#4471=CARTESIAN_POINT('',(0.19740180023445,0.658980702231997,0.00105));
#4472=CARTESIAN_POINT('',(0.22418597746755,0.591522512493666,0.00105));
#4473=CARTESIAN_POINT('',(0.19740180023445,0.658980702231997,0.));
#4474=CARTESIAN_POINT('',(0.19740180023445,0.658980702231997,0.));
#4475=CARTESIAN_POINT('',(0.22418597746755,0.591522512493666,0.));
#4476=CARTESIAN_POINT('Origin',(0.197117372092725,0.658980702231997,0.00105));
#4477=CARTESIAN_POINT('',(0.196832943951,0.658980702231997,0.00105));
#4478=CARTESIAN_POINT('',(0.19740180023445,0.658980702231997,0.00105));
#4479=CARTESIAN_POINT('',(0.196832943951,0.658980702231997,0.));
#4480=CARTESIAN_POINT('',(0.196832943951,0.658980702231997,0.));
#4481=CARTESIAN_POINT('',(0.19740180023445,0.658980702231997,0.));
#4482=CARTESIAN_POINT('Origin',(0.182990502751,0.625251607362831,0.00105));
#4483=CARTESIAN_POINT('',(0.196832943951,0.658980702231997,0.00105));
#4484=CARTESIAN_POINT('',(0.196832943951,0.658980702231997,0.));
#4485=CARTESIAN_POINT('Origin',(0.196951447651,0.52045675482855,0.));
#4486=CARTESIAN_POINT('Origin',(0.196951447651,0.52045675482855,0.00105));
#4487=CARTESIAN_POINT('Origin',(0.300722350726,0.648172222452058,0.00105));
#4488=CARTESIAN_POINT('',(0.339808280301,0.592043973223666,0.));
#4489=CARTESIAN_POINT('',(0.339808280301,0.592043973223666,0.00105));
#4490=CARTESIAN_POINT('',(0.339808280301,0.592043973223666,0.));
#4491=CARTESIAN_POINT('',(0.261636421151,0.70430047168045,0.00105));
#4492=CARTESIAN_POINT('',(0.339808280301,0.592043973223666,0.00105));
#4493=CARTESIAN_POINT('',(0.261636421151,0.70430047168045,0.));
#4494=CARTESIAN_POINT('',(0.261636421151,0.70430047168045,0.));
#4495=CARTESIAN_POINT('',(0.339808280301,0.592043973223666,0.));
#4496=CARTESIAN_POINT('Origin',(0.287946531726,0.70430047168045,0.00105));
#4497=CARTESIAN_POINT('',(0.314256642301,0.70430047168045,0.00105));
#4498=CARTESIAN_POINT('',(0.261636421151,0.70430047168045,0.00105));
#4499=CARTESIAN_POINT('',(0.314256642301,0.70430047168045,0.));
#4500=CARTESIAN_POINT('',(0.314256642301,0.70430047168045,0.));
#4501=CARTESIAN_POINT('',(0.261636421151,0.70430047168045,0.));
#4502=CARTESIAN_POINT('Origin',(0.339097184017725,0.668011473159558,0.00105));
#4503=CARTESIAN_POINT('',(0.36393772573445,0.631722474638666,0.00105));
#4504=CARTESIAN_POINT('',(0.314256642301,0.70430047168045,0.00105));
#4505=CARTESIAN_POINT('',(0.36393772573445,0.631722474638666,0.));
#4506=CARTESIAN_POINT('',(0.36393772573445,0.631722474638666,0.));
#4507=CARTESIAN_POINT('',(0.314256642301,0.70430047168045,0.));
#4508=CARTESIAN_POINT('Origin',(0.388612350417725,0.668011473159558,0.00105));
#4509=CARTESIAN_POINT('',(0.413286975101,0.70430047168045,0.00105));
#4510=CARTESIAN_POINT('',(0.36393772573445,0.631722474638666,0.00105));
#4511=CARTESIAN_POINT('',(0.413286975101,0.70430047168045,0.));
#4512=CARTESIAN_POINT('',(0.413286975101,0.70430047168045,0.));
#4513=CARTESIAN_POINT('',(0.36393772573445,0.631722474638666,0.));
#4514=CARTESIAN_POINT('Origin',(0.439312657534275,0.70430047168045,0.00105));
#4515=CARTESIAN_POINT('',(0.46533833996755,0.70430047168045,0.00105));
#4516=CARTESIAN_POINT('',(0.413286975101,0.70430047168045,0.00105));
#4517=CARTESIAN_POINT('',(0.46533833996755,0.70430047168045,0.));
#4518=CARTESIAN_POINT('',(0.46533833996755,0.70430047168045,0.));
#4519=CARTESIAN_POINT('',(0.413286975101,0.70430047168045,0.));
#4520=CARTESIAN_POINT('Origin',(0.42592056891755,0.647650760981223,0.00105));
#4521=CARTESIAN_POINT('',(0.38650279786755,0.591001050281997,0.00105));
#4522=CARTESIAN_POINT('',(0.46533833996755,0.70430047168045,0.00105));
#4523=CARTESIAN_POINT('',(0.38650279786755,0.591001050281997,0.));
#4524=CARTESIAN_POINT('',(0.38650279786755,0.591001050281997,0.));
#4525=CARTESIAN_POINT('',(0.46533833996755,0.70430047168045,0.));
#4526=CARTESIAN_POINT('Origin',(0.38650279786755,0.555728902555274,0.00105));
#4527=CARTESIAN_POINT('',(0.38650279786755,0.52045675482855,0.00105));
#4528=CARTESIAN_POINT('',(0.38650279786755,0.591001050281997,0.00105));
#4529=CARTESIAN_POINT('',(0.38650279786755,0.52045675482855,0.));
#4530=CARTESIAN_POINT('',(0.38650279786755,0.52045675482855,0.));
#4531=CARTESIAN_POINT('',(0.38650279786755,0.591001050281997,0.));
#4532=CARTESIAN_POINT('Origin',(0.363155539084275,0.52045675482855,0.00105));
#4533=CARTESIAN_POINT('',(0.339808280301,0.52045675482855,0.00105));
#4534=CARTESIAN_POINT('',(0.38650279786755,0.52045675482855,0.00105));
#4535=CARTESIAN_POINT('',(0.339808280301,0.52045675482855,0.));
#4536=CARTESIAN_POINT('',(0.339808280301,0.52045675482855,0.));
#4537=CARTESIAN_POINT('',(0.38650279786755,0.52045675482855,0.));
#4538=CARTESIAN_POINT('Origin',(0.339808280301,0.556250364026108,0.00105));
#4539=CARTESIAN_POINT('',(0.339808280301,0.52045675482855,0.00105));
#4540=CARTESIAN_POINT('',(0.339808280301,0.52045675482855,0.));
#4541=CARTESIAN_POINT('Origin',(0.363487380559275,0.52045675482855,0.));
#4542=CARTESIAN_POINT('Origin',(0.363487380559275,0.52045675482855,0.00105));
#4543=CARTESIAN_POINT('',(2.5,-2.5,-0.2));
#4544=CARTESIAN_POINT('',(1.19399644329901,-1.91641871463454,2.501));
#4545=CARTESIAN_POINT('',(-1.69303903228114,1.15153727034944,2.50095));
#4546=UNCERTAINTY_MEASURE_WITH_UNIT(LENGTH_MEASURE(0.01),#4564,
'DISTANCE_ACCURACY_VALUE',
'Maximum model space distance between geometric entities at asserted c
onnectivities');
#4547=UNCERTAINTY_MEASURE_WITH_UNIT(LENGTH_MEASURE(0.01),#4564,
'DISTANCE_ACCURACY_VALUE',
'Maximum model space distance between geometric entities at asserted c
onnectivities');
#4548=UNCERTAINTY_MEASURE_WITH_UNIT(LENGTH_MEASURE(0.01),#4564,
'DISTANCE_ACCURACY_VALUE',
'Maximum model space distance between geometric entities at asserted c
onnectivities');
#4549=UNCERTAINTY_MEASURE_WITH_UNIT(LENGTH_MEASURE(0.01),#4564,
'DISTANCE_ACCURACY_VALUE',
'Maximum model space distance between geometric entities at asserted c
onnectivities');
#4550=UNCERTAINTY_MEASURE_WITH_UNIT(LENGTH_MEASURE(0.01),#4564,
'DISTANCE_ACCURACY_VALUE',
'Maximum model space distance between geometric entities at asserted c
onnectivities');
#4551=UNCERTAINTY_MEASURE_WITH_UNIT(LENGTH_MEASURE(0.01),#4564,
'DISTANCE_ACCURACY_VALUE',
'Maximum model space distance between geometric entities at asserted c
onnectivities');
#4552=UNCERTAINTY_MEASURE_WITH_UNIT(LENGTH_MEASURE(0.01),#4564,
'DISTANCE_ACCURACY_VALUE',
'Maximum model space distance between geometric entities at asserted c
onnectivities');
#4553=UNCERTAINTY_MEASURE_WITH_UNIT(LENGTH_MEASURE(0.01),#4564,
'DISTANCE_ACCURACY_VALUE',
'Maximum model space distance between geometric entities at asserted c
onnectivities');
#4554=UNCERTAINTY_MEASURE_WITH_UNIT(LENGTH_MEASURE(0.01),#4564,
'DISTANCE_ACCURACY_VALUE',
'Maximum model space distance between geometric entities at asserted c
onnectivities');
#4555=(
GEOMETRIC_REPRESENTATION_CONTEXT(3)
GLOBAL_UNCERTAINTY_ASSIGNED_CONTEXT((#4546))
GLOBAL_UNIT_ASSIGNED_CONTEXT((#4564,#4567,#4566))
REPRESENTATION_CONTEXT('','3D')
);
#4556=(
GEOMETRIC_REPRESENTATION_CONTEXT(3)
GLOBAL_UNCERTAINTY_ASSIGNED_CONTEXT((#4547))
GLOBAL_UNIT_ASSIGNED_CONTEXT((#4564,#4567,#4566))
REPRESENTATION_CONTEXT('','3D')
);
#4557=(
GEOMETRIC_REPRESENTATION_CONTEXT(3)
GLOBAL_UNCERTAINTY_ASSIGNED_CONTEXT((#4548))
GLOBAL_UNIT_ASSIGNED_CONTEXT((#4564,#4567,#4566))
REPRESENTATION_CONTEXT('','3D')
);
#4558=(
GEOMETRIC_REPRESENTATION_CONTEXT(3)
GLOBAL_UNCERTAINTY_ASSIGNED_CONTEXT((#4549))
GLOBAL_UNIT_ASSIGNED_CONTEXT((#4564,#4567,#4566))
REPRESENTATION_CONTEXT('','3D')
);
#4559=(
GEOMETRIC_REPRESENTATION_CONTEXT(3)
GLOBAL_UNCERTAINTY_ASSIGNED_CONTEXT((#4550))
GLOBAL_UNIT_ASSIGNED_CONTEXT((#4564,#4567,#4566))
REPRESENTATION_CONTEXT('','3D')
);
#4560=(
GEOMETRIC_REPRESENTATION_CONTEXT(3)
GLOBAL_UNCERTAINTY_ASSIGNED_CONTEXT((#4551))
GLOBAL_UNIT_ASSIGNED_CONTEXT((#4564,#4567,#4566))
REPRESENTATION_CONTEXT('','3D')
);
#4561=(
GEOMETRIC_REPRESENTATION_CONTEXT(3)
GLOBAL_UNCERTAINTY_ASSIGNED_CONTEXT((#4552))
GLOBAL_UNIT_ASSIGNED_CONTEXT((#4564,#4567,#4566))
REPRESENTATION_CONTEXT('','3D')
);
#4562=(
GEOMETRIC_REPRESENTATION_CONTEXT(3)
GLOBAL_UNCERTAINTY_ASSIGNED_CONTEXT((#4553))
GLOBAL_UNIT_ASSIGNED_CONTEXT((#4564,#4567,#4566))
REPRESENTATION_CONTEXT('','3D')
);
#4563=(
GEOMETRIC_REPRESENTATION_CONTEXT(3)
GLOBAL_UNCERTAINTY_ASSIGNED_CONTEXT((#4554))
GLOBAL_UNIT_ASSIGNED_CONTEXT((#4564,#4567,#4566))
REPRESENTATION_CONTEXT('','3D')
);
#4564=(
LENGTH_UNIT()
NAMED_UNIT(*)
SI_UNIT(.MILLI.,.METRE.)
);
#4565=(
LENGTH_UNIT()
NAMED_UNIT(*)
SI_UNIT(.CENTI.,.METRE.)
);
#4566=(
NAMED_UNIT(*)
SI_UNIT($,.STERADIAN.)
SOLID_ANGLE_UNIT()
);
#4567=(
NAMED_UNIT(*)
PLANE_ANGLE_UNIT()
SI_UNIT($,.RADIAN.)
);
#4568=SHAPE_DEFINITION_REPRESENTATION(#4576,#4591);
#4569=SHAPE_DEFINITION_REPRESENTATION(#4577,#4592);
#4570=SHAPE_DEFINITION_REPRESENTATION(#4578,#4593);
#4571=SHAPE_DEFINITION_REPRESENTATION(#4579,#4594);
#4572=SHAPE_DEFINITION_REPRESENTATION(#4580,#4595);
#4573=SHAPE_DEFINITION_REPRESENTATION(#4581,#4596);
#4574=SHAPE_DEFINITION_REPRESENTATION(#4586,#4597);
#4575=SHAPE_DEFINITION_REPRESENTATION(#4587,#4598);
#4576=PRODUCT_DEFINITION_SHAPE('',$,#4600);
#4577=PRODUCT_DEFINITION_SHAPE('',$,#4601);
#4578=PRODUCT_DEFINITION_SHAPE('',$,#4602);
#4579=PRODUCT_DEFINITION_SHAPE('',$,#4603);
#4580=PRODUCT_DEFINITION_SHAPE('',$,#4604);
#4581=PRODUCT_DEFINITION_SHAPE('',$,#4605);
#4582=PRODUCT_DEFINITION_SHAPE($,$,#68);
#4583=PRODUCT_DEFINITION_SHAPE($,$,#69);
#4584=PRODUCT_DEFINITION_SHAPE($,$,#70);
#4585=PRODUCT_DEFINITION_SHAPE($,$,#71);
#4586=PRODUCT_DEFINITION_SHAPE('',$,#4606);
#4587=PRODUCT_DEFINITION_SHAPE('',$,#4607);
#4588=PRODUCT_DEFINITION_SHAPE($,$,#72);
#4589=PRODUCT_DEFINITION_SHAPE($,$,#73);
#4590=PRODUCT_DEFINITION_SHAPE($,$,#74);
#4591=SHAPE_REPRESENTATION('',(#2834,#2994,#2995,#2996),#4555);
#4592=SHAPE_REPRESENTATION('',(#2835,#2913,#2914,#2915,#2916),#4556);
#4593=SHAPE_REPRESENTATION('',(#2836),#4557);
#4594=SHAPE_REPRESENTATION('',(#2857),#4558);
#4595=SHAPE_REPRESENTATION('',(#2882),#4559);
#4596=SHAPE_REPRESENTATION('',(#2897),#4560);
#4597=SHAPE_REPRESENTATION('',(#2917),#4561);
#4598=SHAPE_REPRESENTATION('',(#2923),#4562);
#4599=PRODUCT_DEFINITION_CONTEXT('part definition',#4625,'design');
#4600=PRODUCT_DEFINITION('TS53YL','TS53YL',#4608,#4599);
#4601=PRODUCT_DEFINITION('1','1',#4609,#4599);
#4602=PRODUCT_DEFINITION('1_1','1',#4610,#4599);
#4603=PRODUCT_DEFINITION('2','2',#4611,#4599);
#4604=PRODUCT_DEFINITION('3','3',#4612,#4599);
#4605=PRODUCT_DEFINITION('4','4',#4613,#4599);
#4606=PRODUCT_DEFINITION('circle','circle',#4614,#4599);
#4607=PRODUCT_DEFINITION('Vishay','Vishay',#4615,#4599);
#4608=PRODUCT_DEFINITION_FORMATION('',$,#4627);
#4609=PRODUCT_DEFINITION_FORMATION('',$,#4628);
#4610=PRODUCT_DEFINITION_FORMATION('ANY',$,#4629);
#4611=PRODUCT_DEFINITION_FORMATION('ANY',$,#4630);
#4612=PRODUCT_DEFINITION_FORMATION('ANY',$,#4631);
#4613=PRODUCT_DEFINITION_FORMATION('ANY',$,#4632);
#4614=PRODUCT_DEFINITION_FORMATION('',$,#4633);
#4615=PRODUCT_DEFINITION_FORMATION('',$,#4634);
#4616=PRODUCT_RELATED_PRODUCT_CATEGORY('TS53YL','TS53YL',(#4627));
#4617=PRODUCT_RELATED_PRODUCT_CATEGORY('1','1',(#4628));
#4618=PRODUCT_RELATED_PRODUCT_CATEGORY('1','1',(#4629));
#4619=PRODUCT_RELATED_PRODUCT_CATEGORY('2','2',(#4630));
#4620=PRODUCT_RELATED_PRODUCT_CATEGORY('3','3',(#4631));
#4621=PRODUCT_RELATED_PRODUCT_CATEGORY('4','4',(#4632));
#4622=PRODUCT_RELATED_PRODUCT_CATEGORY('circle','circle',(#4633));
#4623=PRODUCT_RELATED_PRODUCT_CATEGORY('Vishay','Vishay',(#4634));
#4624=APPLICATION_PROTOCOL_DEFINITION('international standard',
'automotive_design',2009,#4625);
#4625=APPLICATION_CONTEXT(
'Core Data for Automotive Mechanical Design Process');
#4626=PRODUCT_CONTEXT('part definition',#4625,'mechanical');
#4627=PRODUCT('TS53YL','TS53YL',$,(#4626));
#4628=PRODUCT('1','1',$,(#4626));
#4629=PRODUCT('1_1','1','STEP AP214',(#4626));
#4630=PRODUCT('2','2','STEP AP214',(#4626));
#4631=PRODUCT('3','3','STEP AP214',(#4626));
#4632=PRODUCT('4','4','STEP AP214',(#4626));
#4633=PRODUCT('circle','circle',$,(#4626));
#4634=PRODUCT('Vishay','Vishay','FreeCAD Model',(#4626));
ENDSEC;
END-ISO-10303-21;
